"week","rank","name","school","class","points","pr","rank_points","rank_time"
1,1,"BRIANNA REILLY","Harrisburg","AA",12636.5233506925,"16:31.78",2,1
1,2,"ELLIE MADDOX","SF Christian","A",13576.9471831579,"16:33.95",1,2
1,3,"FAITH WIESE","Flandreau","A",11191.9047472327,"17:08.39",3,4
1,4,"HANNAH GENRICH","Harrisburg","AA",11007.362324,"16:44.72",5,3
1,5,"SADIE PETTENGILL","SF Christian","A",11098.4902493446,"17:18.59",4,5
1,6,"ALEX MCCULLOUGH","Dakota Valley","A",10455.5824962371,"17:33.79",6,6
1,7,"MIA KADI","SF Lincoln","AA",8819.66414212822,"18:07.43",7,9
1,8,"JERICA GLASSER","SF Christian","A",7889.020129253,"18:00.59",9,8
1,9,"JAYCIE BABB","Tea Area","AA",8516.68897024073,"18:11.53",8,10
1,10,"NATALIE SMITH","SF Christian","A",7733.8115938056,"18:14.63",10,11
1,11,"AUTUMN GILHOOLY","Harrisburg","AA",6543.74065378291,"18:15.71",12,12
1,12,"ADIE MCVEY","Lennox","A",6741.67578224871,"18:22.30",11,13
1,13,"EMERY LARSON","Pierre T.F. Riggs","AA",5391.79485286578,"18:27.24",13,14
1,14,"ADDISON SCHOLTEN","Brandon Valley","AA",5096.53800605852,"18:27.78",14,15
1,15,"EMILY CURRAN","Brandon Valley","AA",4817.32735679981,"18:29.84",16,16
1,16,"BROOKLYN SUNDERMANN","West Central","A",4856.36844335391,"18:33.96",15,18
1,17,"EMMA TIDEMANN","Brandon Valley","AA",4553.29642745185,"18:31.43",18,17
1,18,"CALLIE RADIGAN","Vermillion","A",4627.4194998423,"18:34.89",17,19
1,19,"BAILEY VANDERGRIEND","SF Christian","A",4179.4963796424,"18:39.80",21,21
1,20,"ELLA BOEKELHEIDE","Northwestern","B",3621.69627710581,"18:36.89",24,20
1,21,"ALLIE NOVSTRUP","Aberdeen Central","AA",3560.82664369409,"18:42.71",25,22
1,22,"KIRA UBENCE","Douglas","AA",3905.5750038023,"18:46.32",23,24
1,23,"KORI KEIL","Spearfish","AA",4061.70998784343,"18:48.88",22,27
1,24,"MAXINE ORDWAY","SF Christian","A",3364.86101538897,"18:43.01",28,23
1,25,"BELLA DITTMER","SF Roosevelt","AA",3344.53958471347,"18:47.12",29,26
1,26,"PEYTON VANDEEST","Spearfish","AA",2282.98419772993,"17:53.06",49,7
1,27,"BRYN BARKER","SF Christian","A",2968.13445586631,"18:46.52",33,25
1,28,"MARISSA BOUWMAN","SF Washington","AA",2915.60652465382,"18:50.89",35,29
1,29,"KADANCE HOLSO","Rapid City Stevens","AA",2945,"18:57.91",34,31
1,30,"PEYTON BEATCH","Brandon Valley","AA",2622.53345923413,"18:49.55",40,28
1,31,"TARA BLACHFORD","Northwestern","B",3393.11146325052,"19:22.70",27,45
1,32,"RORIE THORESON","Dell Rapids","A",4195.47703353612,"19:35.90",20,55
1,33,"AUTUMN BAKER","Kimball/White Lake","B",2485.3404784079,"19:00.93",43,33
1,34,"KAMRYN NESHEIM","Clark/Willow Lake","A",3178.33089008799,"19:23.09",31,46
1,35,"GWEN RICHTER","Pierre T.F. Riggs","AA",2318.58097666035,"18:51.18",48,30
1,36,"FINLEY EVJEN","Canton","A",2389.38404127021,"18:59.69",46,32
1,37,"KALYNN OBAN","Ipswich","B",2700,NA,39,NA
1,38,"BRINNA SHELDON","Rapid City Stevens","AA",2752.625,"19:19.86",38,44
1,39,"RYELLE GILBERT","Groton Area","A",2976.5455955836,"19:30.29",32,50
1,40,"ISABELLA GALBRAITH","Ipswich","B",2517.5,NA,42,NA
1,41,"LONDYN SCHROEDER","Mitchell","AA",2062.72557260682,"19:02.75",56,34
1,42,"EMMELINE MURRAY","SF Lincoln","AA",2078.77297783532,"19:02.78",55,35
1,43,"ADDISON CASSADY","Aberdeen Roncalli","A",2786.99300330442,"19:35.68",36,54
1,44,"GRACE PHILLIPS","Chamberlain","A",4426.72712921869,"19:53.94",19,72
1,45,"AUTUMN FALLIS","Highmore-Harrold","B",3480.99841043694,"19:47.81",26,68
1,46,"JAYLA STILES","Ipswich","B",2346.5,NA,47,NA
1,47,"EVELYN HURLEY","Rapid City Stevens","AA",2572.125,"19:38.04",41,56
1,48,"LILIAN RUDE","Brandon Valley","AA",1695.20816903737,"19:05.84",70,36
1,49,"SARAH JOHNSON","West Central","A",1703.91973830572,"19:06.81",69,37
1,50,"BRIELLE JENKINS","SF Lincoln","AA",1665.15425770185,"19:09.62",73,39
1,51,"JAYNA VANLAECKEN","Tea Area","AA",1586.67362828713,"19:08.75",77,38
1,52,"CALLA WIESE","Flandreau","A",1514.57365635986,"19:11.09",81,40
1,53,"JENNAY GISI","Ipswich","B",1895.763296875,NA,62,NA
1,54,"SIERRA SANDFORD","Spearfish","AA",1873.12448845126,"19:41.53",64,61
1,55,"GRACE BIALAS","Tea Area","AA",1337.74047173399,"19:13.17",92,42
1,56,"ALICE GUNDVALDSON","O'Gorman","AA",1301.98821043428,"19:13.14",94,41
1,57,"KATELYN WIRTH","Warner","B",1764.2205375,NA,68,NA
1,58,"LAURYN DONOVAN","Spearfish","AA",2451.78643151094,"20:12.42",44,94
1,59,"NORA OLSEN","Deubrook Area","B",1485.8200740935,"19:38.48",83,57
1,60,"CADENCE BOCHEK","Clark/Willow Lake","A",2763.85181609476,"20:26.60",37,109
1,61,"EMMERSON EPPARD","Chester","B",1905.48030912614,"20:07.55",61,87
1,62,"KAILEY WINTER","Harrisburg","AA",1135.25422771327,"19:13.59",106,43
1,63,"KELLA TRACY","Groton Area","A",2398.14979121109,"20:25.35",45,107
1,64,"ANDEE FRANDSEN","Hill City","A",1827.74191011344,"20:09.97",65,90
1,65,"WHITLI ADAMS","Rapid City Stevens","AA",2243.96471875,"20:25.96",50,108
1,66,"LIA TIANGCO","O'Gorman","AA",1045.1460906518,"19:23.72",112,47
1,67,"KATE MCELROY","Watertown","AA",1036.17823749373,"19:26.36",114,48
1,68,"KENDAL UTTECHT","Wolsey-Wessington","B",2097.98814343911,"20:27.10",54,111
1,69,"FAITH HEIL","Mobridge-Pollock","A",2194.45340001652,"20:29.97",51,114
1,70,"SHYLA TVEDT","Deuel","A",2157.46615182245,"20:29.17",53,113
1,71,"TAYLOR HARRELSON","Rapid City Christian","A",1892.40624396093,"20:20.80",63,105
1,72,"AMARA USERA","St. Thomas More","A",1795.22971851734,"20:16.66",67,102
1,73,"RHYS PEARSON","Belle Fourche","A",970.03142739307,"19:32.91",120,51
1,74,"EMMA BOCHEK","Clark/Willow Lake","A",2051.42543656652,"20:35.48",57,118
1,75,"AUBREE MORRISON","Lead-Deadwood","A",1380.26610393555,NA,88,NA
1,76,"HANLEE SEYKORA","Harrisburg","AA",916.387071492924,"19:26.74",130,49
1,77,"LUCY HAMER","Sturgis Brown","AA",1652.65995391534,"20:27.49",74,112
1,78,"MADISYN GELLHAUS","Ipswich","B",866.549812782327,"19:33.97",135,53
1,79,"LIA MUNDT","Belle Fourche","A",840.41779020547,"19:33.26",138,52
1,80,"KYLEE JOHNSON","Deubrook Area","B",1364.02907038882,"20:16.16",91,99
1,81,"MILA HEISINGER","Lead-Deadwood","A",1272.56375186377,NA,96,NA
1,82,"MCKINLEY GLANVILLE","SF Lincoln","AA",2021.50269921875,"20:52.31",58,136
1,83,"AVA SCHINDLER","Chamberlain","A",3220.29846676616,"21:25.60",30,167
1,84,"ANNA SPANOS","SF Lincoln","AA",775.535788373607,"19:39.07",145,58
1,85,"ADELINE THOMPSON","SF Lincoln","AA",776.398708204804,"19:39.77",144,59
1,86,"JAYCEE STEVENS","Gettysburg","B",1694.47162550216,"20:48.90",71,133
1,87,"AUSTINA SORENSEN","Faulkton Area","B",1624.34749544399,"20:49.77",75,134
1,88,"VIONA SIETSEMA","Rapid City Stevens","AA",1586.6528889817,"20:52.67",78,137
1,89,"KHLOE SMITH","Tri-State","A",1099.5834375,NA,109,NA
1,90,"LILY BAKER","Kimball/White Lake","B",685.010318689676,"19:43.94",159,63
1,91,"HAILEY MOLLNER","SF Jefferson","AA",664.375133393866,"19:41.35",163,60
1,92,"TAYLOR MCCOMSEY","Aberdeen Roncalli","A",1364.04549728625,"20:53.79",90,138
1,93,"CLARA PEDERSON","SF Lutheran","B",654.348883424711,"19:41.80",167,62
1,94,"TYLEE TETRAULT","Spearfish","AA",1309.53419816249,"20:55.18",93,139
1,95,"PRIA MARTINELL","Tri-Valley","A",2160.06990405733,"21:35.91",52,180
1,96,"EMMA SCOTT","Lead-Deadwood","A",1028.30166849805,NA,116,NA
1,97,"HADLEIGH HOGGARTH","Frederick Area","B",975.349958231059,NA,118,NA
1,98,"JENTRY HUBNER","Herreid/Selby Area","B",1272.67866091395,"21:01.59",95,145
1,99,"CLAIRE MCDONALD","Chester","B",1372.72574928715,"21:17.50",89,160
1,100,"ADISON ARMSTRONG","Rapid City Stevens","AA",1194.80369883305,"21:06.31",101,150
1,101,"CHLOE LEE","Lead-Deadwood","A",945.374114586914,NA,126,NA
1,102,"JENNIFER BEVERS","Clark/Willow Lake","A",1247.01905947868,"21:10.32",99,154
1,103,"HARPER KLINE","Aberdeen Roncalli","A",1187.03839443566,"21:08.76",102,152
1,104,"CHARLEE WILLIAMS-SMITH","Pierre T.F. Riggs","AA",516.049830007774,"19:45.00",193,64
1,105,"ALLI MCCORD","Kimball/White Lake","B",526.25372878113,"19:50.57",189,69
1,106,"BELLA LINN","Spearfish","AA",994.897563214167,"20:57.36",117,141
1,107,"ALYVIA GEFFRE","Tri-State","A",918.86486328125,NA,129,NA
1,108,"SARAH GILHOOLY","Harrisburg","AA",500.202379067099,"19:46.95",195,66
1,109,"TALYA VINCENT","Sioux Valley","A",505.93456510912,"19:47.42",194,67
1,110,"MACI LICHT","Sioux Valley","A",488.286497857769,"19:45.91",198,65
1,111,"SURI SCHMIDT","Mount Vernon/Plankinton","A",1963.46795446886,"22:15.31",60,208
1,112,"SASHA VAN DEN BOSCH","Chamberlain","A",1977.99206281685,"22:15.40",59,209
1,113,"ANNIKA OLSON","Lead-Deadwood","A",868.16856189565,NA,134,NA
1,114,"ELLE HLAVAC","Scotland","B",1800.3587177094,"22:01.78",66,204
1,115,"KAMORA RUTHERFORD","Stanley County","A",1031.58071913236,"21:11.48",115,156
1,116,"SIERRA KELLER","Florence/Henry","A",961.134003048979,"21:14.43",124,158
1,117,"LILY MEYER","Huron","AA",1676.46342986746,"22:18.04",72,211
1,118,"RUBY BOUWMAN","SF Lincoln","AA",402.472869330734,"19:50.78",217,70
1,119,"EVELYN PRAHL","Great Plains Lutheran","A",933.217815440403,"21:19.85",127,161
1,120,"HAZEL KANNEGIETER","Aberdeen Roncalli","A",895.153006776103,"21:16.66",131,159
1,121,"AUBREY COOLEY","Brookings","AA",399.371113513839,"19:52.44",220,71
1,122,"ARIA PRASNICKI","Milbank","A",762.933495982422,NA,147,NA
1,123,"CLAIRE GUTHMILLER","Bon Homme","A",1039.60917498477,"21:41.99",113,185
1,124,"ASPEN VENEKLASEN","Hill City","A",732.674580421817,"21:06.21",151,149
1,125,"GRACEN GIEGLING","Harrisburg","AA",336.625039137475,"19:54.79",230,73
1,126,"BRILEY GEBHART","Lemmon","B",1623.83173905877,"22:34.13",76,227
1,127,"KAT MCMAHON","Lead-Deadwood","A",729.48611834456,NA,152,NA
1,128,"KYLAH BIGGINS","Chamberlain","A",1387.51214303725,"22:26.63",87,219
1,129,"ISABELLA HENDERSON","Ipswich","B",714.985773224793,NA,155,NA
1,130,"OLIVIA ANDERSON","Watertown","AA",307.686827604072,"19:55.20",240,74
1,131,"ASHLYNN WELLMAN","Rapid City Stevens","AA",830.177925577678,"21:30.08",139,176
1,132,"RILYN JACKSON","Yankton","AA",286.562681151446,"19:55.60",244,75
1,133,"MADDY CAMPBELL","Spearfish","AA",772.743007173633,"21:27.01",146,173
1,134,"BRYNN ODENBACH","Lemmon","B",1414.36879904636,"22:48.08",85,235
1,135,"TAHCA ZEPHIER","Mahpiya Luta","A",1140.5088832906,"22:24.69",105,217
1,136,"DEVYN VAN ROEKEL","Pierre T.F. Riggs","AA",273.246135954478,"19:56.34",250,76
1,137,"LILY WAGNER","SF Roosevelt","AA",277.40624781929,"19:57.24",248,78
1,138,"ABBY JOHANNESON","Yankton","AA",257.744729583047,"19:56.78",254,77
1,139,"JAELYN PETERS","Hill City","A",596.916202874917,"21:13.23",177,157
1,140,"PAIGE AHLEMEIER","Gettysburg","B",650.484126776671,"21:25.08",168,166
1,141,"AVA GEORGE","Irene-Wakonda","B",1129.99640198564,"22:34.51",107,228
1,142,"AURORA EVANS","Douglas","AA",251.612283348925,"19:58.11",257,79
1,143,"MAISIE MOGARD","Brookings","AA",249.917484908195,"19:58.52",258,80
1,144,"BREANA ASKE","Jones County","B",1500,"23:08.70",82,258
1,145,"CAMI WOLLES","St. Mary's","B",1096.09209407633,"22:40.94",110,232
1,146,"ANNALISA STAKE","Centerville","B",1207.82824914367,"22:57.50",100,244
1,147,"JOHANNA VANDERSNICK","Clark/Willow Lake","A",723.988377113165,"21:52.20",154,194
1,148,"JAEL BURKHALTER","Bison","B",1251.27833726655,"23:02.01",98,250
1,149,"MELANIE HERMAN","SF Lincoln","AA",919.864737482191,"22:28.77",128,221
1,150,"ANNIKA BOCKHOLT","Harrisburg","AA",197.849018474208,"19:59.08",269,81
1,151,"SOPHIA HATLELI","Spearfish","AA",557.221472362612,"21:24.62",185,165
1,152,"MICHELLE HAS HORNS","McLaughlin","B",609.593723894412,NA,175,NA
1,153,"LUCY ROZEBOOM","West Central","A",185.317446785073,"20:01.97",273,82
1,154,"TRINITY HOURIGAN","Spearfish","AA",660.165599361917,"21:46.67",166,190
1,155,"MADELINE CARCAMO","Rapid City Stevens","AA",663.243767196104,"21:49.90",164,192
1,156,"LEAH YERDON","SF Lincoln","AA",854.01078468517,"22:28.82",136,222
1,157,"ANDIE AUGHENBAUGH","Sanborn Central/Woonsocket","B",669.790964926291,"21:55.34",162,197
1,158,"AMIA WARD","Sioux Valley","A",178.454848717421,"20:03.60",279,83
1,159,"JORDAN CHESSMORE","Tripp-Delmont/Armour","B",1517.53905523273,"23:47.81",80,285
1,160,"WHITLEY BALOUN","Highmore-Harrold","B",561.92668337539,NA,184,NA
1,161,"MYKELTI OLSON","James Valley Christian","B",624.547296388901,"21:56.98",171,199
1,162,"KALLA PADDEN","Harding County","B",1057.05143645141,"23:10.35",111,259
1,163,"LYDIA ANDERSON","Vermillion","A",162.205467265034,"20:04.04",288,84
1,164,"ELLA MERRIMAN","Beresford","A",163.007243318394,"20:06.00",287,86
1,165,"RYAN TIBBETTS","SF Lincoln","AA",792.442565324147,"22:38.34",142,231
1,166,"HANNAH DAVELAAR","SF Christian","A",155.375834210864,"20:04.57",290,85
1,167,"CHEL ODENBACH","Lemmon","B",961.378429036234,"23:04.46",123,252
1,168,"PRESLEY HOUSKA","Chamberlain","A",853.004978373724,"22:51.78",137,240
1,169,"GRACIE BANKS","Mahpiya Luta","A",1557.89504566647,"24:12.18",79,299
1,170,"CHLOE BERG","Great Plains Lutheran","A",580.143926846169,"22:00.69",179,201
1,171,"MONICA MORAN","St. Thomas More","A",477.788086665653,"21:41.12",201,184
1,172,"ELLA KOPLIN","Milbank","A",138.747351151265,"20:09.15",298,89
1,173,"LYNDSEY CHESSMORE","Tripp-Delmont/Armour","B",1398.7933524711,"24:14.15",86,301
1,174,"EMILIE REEDY","Sturgis Brown","AA",426.654586243476,"21:31.92",210,178
1,175,"MONROE MILLER","SF Lincoln","AA",734.896140937512,"22:49.82",150,238
1,176,"KAYLOR NEKL","SF Lincoln","AA",136.52542269179,"20:08.83",301,88
1,177,"HANNAH SONSTEBO","Webster Area","A",540.026324067654,"22:01.23",187,202
1,178,"REAGAN OSTRANSKY","SF Lincoln","AA",137.607933469032,"20:10.63",300,91
1,179,"RAEGAN VERHULST","Harding County","B",965.509817753839,"23:25.95",121,270
1,180,"DANIELLA VAN ZEE","SF Roosevelt","AA",115.689646182231,"20:10.90",308,92
1,181,"LUCILLE AHART","Newell","B",436.212262758036,"21:50.62",209,193
1,182,"GRACYN KADLEC","Ipswich","B",109.550769566124,"20:12.74",311,95
1,183,"ELAINA ROUNDS","Pierre T.F. Riggs","AA",105.721019376494,"20:12.02",314,93
1,184,"WILLOW ISBURG","Chamberlain","A",735.990996740007,"23:18.59",149,261
1,185,"ISABELLA OBERLOH","St. Thomas More","A",487.512174761623,"22:19.53",200,213
1,186,"ABIGAIL ENGELLAND","Mount Vernon/Plankinton","A",92.9804665818889,"20:14.18",319,96
1,187,"NINA GABRIEL","Harrisburg","AA",82.4712385150694,"20:15.25",322,98
1,188,"ISABEL OVERBY","Brookings","AA",81.5199063325908,"20:14.54",324,97
1,189,"ISABELLE LEE","Colman-Egan","B",577.64181298216,"22:53.81",180,242
1,190,"MAGGIE MILLER","SF Lincoln","AA",630.890412698733,"23:06.61",169,254
1,191,"EVELYN DEGEEST","Tea Area","AA",79.2978634042876,"20:16.42",325,100
1,192,"MICAIAH BRANTNER","James Valley Christian","B",402.269259259429,"22:13.70",218,207
1,193,"CAMDEN PETERSON","Harding County","B",821.162733787218,"23:49.10",140,286
1,194,"GRACE PRESZLER","Aberdeen Central","AA",72.7725344165627,"20:16.54",326,101
1,195,"ASHLYNN WARRINGTON","Groton Area","A",439.788065152304,"22:27.36",207,220
1,196,"HADLEY WALKER","Hill City","A",476.524615571904,"22:34.02",202,226
1,197,"CHARLOTTE QUALM","Platte-Geddes","A",1106.21823902184,"24:40.68",108,320
1,198,"ISABEL GURNEY","Yankton","AA",415.088962788838,NA,214,NA
1,199,"SOPHIA JOHNSON","Lennox","A",66.1971481129685,"20:18.22",328,103
1,200,"RYLIE ROTHENBERGER","SF Washington","AA",68.7276238461626,"20:19.83",327,104
1,201,"HADLEY GJERDE","Clark/Willow Lake","A",426.03690081548,"22:33.52",211,225
1,202,"KATIE BRETSCH","Frederick Area","B",402.214881026659,NA,219,NA
1,203,"PIPER CURRAN","Belle Fourche","A",60.2618255901025,"20:21.58",333,106
1,204,"KIMI RAMA","Mahpiya Luta","A",1434.87529338315,"26:30.79",84,356
1,205,"IRIS ZYLSTRA","Sturgis Brown","AA",310.025465343349,"22:04.19",238,205
1,206,"DULCIE VEURINK","Platte-Geddes","A",962.676656507085,"24:43.31",122,322
1,207,"RHYANN ROSELAND","Faulkton Area","B",355.932443770753,"22:25.20",227,218
1,208,"DELANEY YOUMANS","Yankton","AA",54.8275732469962,"20:26.89",336,110
1,209,"KAELYN ULSCHMID","Arlington","B",60.6912894989151,"20:31.09",332,115
1,210,"JILLIAN SCHULTE","Parker/Marion","A",690.542960988376,"23:54.88",158,289
1,211,"PHOENIX RED OWL","Little Wound","A",377.353602535308,NA,224,NA
1,212,"MOLLY NIX","Jones County","B",1263.5,"26:19.80",97,352
1,213,"BIANCA BERRY","Milbank","A",55.6762963344819,"20:34.36",335,116
1,214,"PAIGE DEUTER","St. Mary's","B",527.732714461334,"23:22.88",188,266
1,215,"SLOAN THOMPSON","Harding County","B",693.27435069707,"24:09.37",157,297
1,216,"KAMILLE SCHMIDT","Lennox","A",43.5610234860585,"20:34.62",340,117
1,217,"GRACE ROTH","North Central","B",337.964521152314,NA,229,NA
1,218,"HADASAH OLSON","James Valley Christian","B",613.176951111423,"23:50.76",173,288
1,219,"ELLA BARTZ","SF Lincoln","AA",40.8869687533946,"20:40.80",341,121
1,220,"MISTY DRIELING","Belle Fourche","A",37.5296694588301,"20:36.72",344,119
1,221,"ABBY HILLESON","Tea Area","AA",39.2610688518843,"20:39.13",343,120
1,222,"SIRI KNUTSON","SF Washington","AA",36.881698066541,"20:41.82",345,122
1,223,"LIZ VOGEL","Dell Rapids","A",524.86121139207,"23:37.58",190,277
1,224,"AFFINITY IRON HAWK","Dupree","B",377.537580354105,"22:57.83",223,245
1,225,"LACEY EASTON","Hanson","A",597.304799550051,"24:03.17",176,292
1,226,"JORDYN JOHNSON","Brookings","AA",33.6817955033643,"20:42.86",348,123
1,227,"HAIVYN SCHUCHHARDT","Warner","B",35.1697763956315,"20:43.22",347,124
1,228,"JADIS REDDY","Little Wound","A",1154.36425093764,"27:11.31",104,368
1,229,"JEWEL GANNON","Canton","A",31.1460571582759,"20:44.31",349,125
1,230,"LAYLA DRIELING","Belle Fourche","A",27.9092054722115,"20:44.63",352,126
1,231,"KALLA FOERSTER","Brookings","AA",29.869708951994,"20:45.27",351,127
1,232,"MIKAELA MALSOM","North Central","B",309.174950831932,NA,239,NA
1,233,"BRYNNLY HUBER","Herreid/Selby Area","B",349.459405824621,"23:03.98",228,251
1,234,"ROSA AINSLIE","Bennett County","B",1166.58888341409,"27:45.09",103,376
1,235,"ADDY WITTE","Dell Rapids","A",438.380742834288,"23:30.52",208,272
1,236,"BRENNA BOLTE","Parker/Marion","A",550.411478258142,"24:03.73",186,294
1,237,"AVERY BIRKEL","Gregory","B",948.222092234067,"26:30.18",125,355
1,238,"SADEY HOLT","Baltic","A",24.0283058102571,"20:45.98",353,128
1,239,"MADYN LACEY","Dell Rapids","A",453.895972511676,"23:40.92",204,278
1,240,"GRETA ODENBACH","Lemmon","B",488.002674859833,"23:46.75",199,284
1,241,"ALLISON BRENNER","Aberdeen Central","AA",22.8339598066903,"20:46.68",356,129
1,242,"AVA SLETTEN","Canton","A",22.537397888897,"20:46.87",357,130
1,243,"KILEY WESTBERRY","Flandreau","A",23.0792993159825,"20:48.16",355,132
1,244,"KENNA WOLBERG","Warner","B",18.1733965561626,"20:47.93",360,131
1,245,"ELLA GREENE","Dakota Valley","A",389.154497200709,"23:23.72",222,269
1,246,"KINSLEY DVORACEK","Bon Homme","A",414.058298030047,"23:36.50",215,276
1,247,"LOGAN CASTLE","Tea Area","AA",15.2515783161479,"20:50.35",363,135
1,248,"JAY RIOS","Douglas","AA",587.205566610865,"24:41.76",178,321
1,249,"KHLOE COCHRAN","Aberdeen Central","AA",16.4008416427684,"20:56.63",362,140
1,250,"ALY GRUENWALD","Redfield","A",305.427474896164,"23:11.92",242,260
1,251,"NATALIE DREISKE","Lemmon","B",442.935087002059,"24:06.03",206,296
1,252,"NIKA FURNEY","Scotland","B",776.599267471492,"26:37.34",143,361
1,253,"JEWEL BORDEAUX","St. Francis Indian","A",972.77482078635,"28:37.70",119,386
1,254,"KYLIE GOSCH","SF Roosevelt","AA",13.9639459069401,"20:59.68",364,142
1,255,"ESTHER BURKHALTER","Bison","B",628.673786200298,"25:09.35",170,336
1,256,"KYLEIGH MILLER","Warner","B",13.2843069955109,"21:00.85",366,144
1,257,"AVA GATZKE","Sioux Valley","A",13.4799071327515,"21:02.18",365,146
1,258,"KASSANDRA ABBAS","Platte-Geddes","A",683.731362585402,"26:16.38",160,351
1,259,"AUBREY BORNS","West Central","A",11.3109497243359,"21:00.81",369,143
1,260,"JAYLYNN KNOX","Highmore-Harrold","B",257.566516731525,NA,256,NA
1,261,"JAYCIE RUSH","Dakota Valley","A",295.33741881082,"23:27.91",243,271
1,262,"KAITLYN DASCHEL","Dakota Valley","A",326.871521736464,"23:46.27",233,283
1,263,"NEVAEH O'ROURKE","Little Wound","A",880.268555292304,"28:11.43",133,383
1,264,"ALAINA ALBRECHT","De Smet","B",610.167994859185,"25:41.09",174,343
1,265,"CLAIRE MCCALLUM","Harrisburg","AA",10.5250528624038,"21:05.39",370,148
1,266,"ADDISON JASPERS","West Central","A",10.2237153695153,"21:02.93",372,147
1,267,"JOSIE VLIEGER","Huron","AA",11.4166769009679,"21:07.77",368,151
1,268,"LIVIA KNECHT","Britton-Hecla","A",266.03718741397,"23:23.10",253,267
1,269,"JAESHAWNIA IRON HAWK","Dupree","B",140.783401406724,"22:31.11",297,224
1,270,"OLIVIA BOYLE","Corsica-Stickney","B",709.329299484094,"27:04.34",156,365
1,271,"JOSLIN BORDEAUX","St. Francis Indian","A",890.965058182579,"28:51.23",132,389
1,272,"EMMA LINDAMAN","SF Lincoln","AA",499.301231619301,"24:50.20",196,326
1,273,"SHELLY LARVIE","St. Francis Indian","A",576.885127088173,"25:28.94",181,342
1,274,"MACY MUELLER","Milbank","A",10.437475088764,"21:10.20",371,153
1,275,"JIMENA ARAIZA","Deuel","A",269.178398875289,"23:31.78",251,273
1,276,"RYLIN WIPF","James Valley Christian","B",190.271214033114,"23:05.06",272,253
1,277,"LANDREE LAMONT","Bison","B",568.80009227646,"25:42.64",182,344
1,278,"ADRIENNE WHITE LANCE","St. Francis Indian","A",726.82109469001,"27:40.12",153,375
1,279,"EVIE NOVSTRUP","Aberdeen Central","AA",9.15479937484361,"21:11.22",374,155
1,280,"ALIYAH PETERS","Hill City","A",145.198392035563,"22:46.11",296,234
1,281,"ANNALISE RITER","SF Lincoln","AA",461.160165315049,"24:52.37",203,329
1,282,"GABBIE EICHMANN","Canistota","B",316.56221471681,"24:09.92",235,298
1,283,"MALYSSA FOUR HORNS","St. Francis Indian","A",814.90433478722,"29:11.74",141,394
1,284,"TESSA AUDISS","Rapid City Christian","A",324.417987893177,"24:15.00",234,302
1,285,"M'KENZIE LAROCHE","Lower Brule","B",622.593282962083,"27:03.90",172,364
1,286,"CHARLEE BIERLE","Sturgis Brown","AA",147.271140946577,"22:54.35",294,243
1,287,"JAYDA JENSEN","Watertown","AA",7.46177303808485,"21:21.64",376,162
1,288,"SOFIA HANSON","Elk Point-Jefferson","A",518.424135449242,"25:57.42",192,348
1,289,"TESSA HINMAN","Sunshine Bible Academy","B",213.903570609338,"23:33.66",266,275
1,290,"CAROLINE WIESE","Brandon Valley","AA",6.62698916620967,"21:22.98",379,163
1,291,"LUCY CARLSON","Lennox","A",6.68562661125215,"21:23.74",378,164
1,292,"LUCY VARGAS","St. Mary's","B",312.257124300501,"24:16.84",237,305
1,293,"ADDISYN HEINRICH","Warner","B",193.227205747355,NA,271,NA
1,294,"LUCY DEVRIES","SF Washington","AA",425.584952562174,"24:55.26",212,331
1,295,"MONICA GIAGO","Mahpiya Luta","A",744.22227108594,"29:23.83",148,395
1,296,"ABIGAIL ENGEL","Gregory","B",8.40945583441327,"21:26.53",375,170
1,297,"MIA RIIBE","Dakota Valley","A",268.709392313266,"24:03.28",252,293
1,298,"HALLEY MILLER","Arlington","B",356.836945055134,"24:40.26",226,319
1,299,"RUE KNUDSON","Mobridge-Pollock","A",174.708805910669,"23:22.63",282,265
1,300,"TENLEY LEBRUN","Flandreau","A",6.52964580129983,"21:25.85",380,168
1,301,"KASHLEY GOEBEL","Arlington","B",498.595453943972,"26:21.44",197,353
1,302,"BERGEN BUMANN","SF Washington","AA",5.7492483588471,"21:26.21",382,169
1,303,"LILLIE BODEN","Beresford","A",179.586085196345,"23:32.93",278,274
1,304,"MAGGIE DOWLING","Jones County","B",661.76188021084,"28:44.90",165,388
1,305,"GRACE LIST","Watertown","AA",5.18570443758504,"21:26.59",383,171
1,306,"LILY SWANSON","Huron","AA",329.309523579452,"24:48.85",232,324
1,307,"ISABELA TORBERSON","Belle Fourche","A",5.09675395063911,"21:27.03",384,174
1,308,"ALEXA STONE","Belle Fourche","A",4.00609291269569,"21:26.68",387,172
1,309,"ADELIA GROHER","SF Lincoln","AA",392.414360671298,"25:22.82",221,339
1,310,"APRIL SKLUZAK","Kimball/White Lake","B",4.34686356780243,"21:28.08",386,175
1,311,"PHOEBE BENTLEY-BUSCHUR","Hill City","A",129.634578331758,"23:08.55",304,257
1,312,"LILLIE SCHMIT","Sioux Valley","A",4.4471508313645,"21:31.80",385,177
1,313,"MYA FLEMMING","Wolsey-Wessington","B",182.862997819155,"23:50.38",275,287
1,314,"MYA WARNKE","Gregory","B",523.192407828972,"27:21.30",191,371
1,315,"MARLEE HAYES","McIntosh","B",174.824614723797,NA,281,NA
1,316,"GRACE STEFFEN","Burke","B",138.237789768515,"23:21.99",299,264
1,317,"PHOENIX RED ELK","Little Wound","A",678.57115291782,"33:19.38",161,403
1,318,"LAINEY GOERTZ","Sanborn Central/Woonsocket","B",168.839115157476,"23:43.33",285,280
1,319,"LANDRIE HAHN","Colman-Egan","B",452.759664485815,"26:45.75",205,363
1,320,"ELODIE WOOD","Warner","B",3.15809392697257,"21:32.71",390,179
1,321,"ERIN HARMS","Douglas","AA",3.82087061401807,"21:38.79",389,181
1,322,"CARSON ERNSTER","SF Lincoln","AA",361.496865588106,"25:45.00",225,345
1,323,"LAURA NEMEC","Mitchell Christian","B",3.97195197295426,"21:41.02",388,183
1,324,"MOLLY ENGEBRETSON","Madison","A",238.225310991179,"24:33.75",260,313
1,325,"MIKAYLA DENNIS","Custer","A",2.65632625583254,"21:40.20",393,182
1,326,"CALISTA SAHR","Madison","A",229.142126809133,"24:28.62",263,312
1,327,"BRYNN CLEMENTSON","SF Lincoln","AA",332.690084111553,"25:46.85",231,346
1,328,"HANNAH KOCH","Brandon Valley","AA",2.97994514977689,"21:42.97",392,187
1,329,"OLIVIA SCHULTZ","Freeman","B",208.76799834001,"24:26.76",268,311
1,330,"GABBY DEVRIES","SF Washington","AA",2.58858497000433,"21:42.40",394,186
1,331,"AMY HENDERSON","Mitchell Christian","B",2.99490184869157,"21:49.53",391,191
1,332,"ADDISON MUTH","Yankton","AA",2.12740404646812,"21:46.64",395,189
1,333,"AMELIA GIESE","Deuel","A",182.461985367739,"24:24.84",276,310
1,334,"MAKENZI HAM","Custer","A",1.91443931753002,"21:44.60",399,188
1,335,"TAYTUM BANKS","Crazy Horse","B",563.113230370413,"33:54.26",183,404
1,336,"ELIZABETH BOSCHEE","Sanborn Central/Woonsocket","B",158.572893099486,"24:13.17",289,300
1,337,"JAIDYNN GIEDD","De Smet","B",410.260965338613,"27:26.59",216,373
1,338,"LOU SCHLADWEILER","Madison","A",173.578946458192,"24:22.30",284,308
1,339,"KAHLEN PETERSON","Yankton","AA",1.91924190691894,"21:52.61",398,195
1,340,"LIANA WISE","Brandon Valley","AA",1.99857306766323,"21:55.92",396,198
1,341,"AVERI GERFEN","Mitchell","AA",1.92449403856785,"21:57.31",397,200
1,342,"NORA PESTER","Huron","AA",236.668822182341,"25:10.92",261,337
1,343,"LILYANNA WRIGHT","SF Washington","AA",305.860238618686,"26:31.49",241,357
1,344,"ALLISON LOEWE","Lennox","A",1.29537555060353,"21:53.44",404,196
1,345,"HANNAH DELINE","Mitchell Christian","B",1.86088645282614,"22:01.55",400,203
1,346,"ALEXA NANNINGA","Freeman","B",177.945723029534,"24:49.50",280,325
1,347,"CALLIE BOURNE","Dakota Valley","A",148.484765536582,"24:35.15",293,314
1,348,"HAILEY WOODWARD","Custer","A",1.5828057388829,"22:08.06",402,206
1,349,"ANNIAH RUSSELL","Herreid/Selby Area","B",135.419138379511,"24:20.33",302,306
1,350,"BETHANY MAHAFFY","Newell","B",277.389573121834,"26:40.29",249,362
1,351,"HAILEY TIAHRT","Baltic","A",1.46562245303316,"22:16.53",403,210
1,352,"LENLEE MILLS","Platte-Geddes","A",1.70604691906378,"22:18.84",401,212
1,353,"CAROLINE HUBER","SF Lincoln","AA",280.881652464827,"27:10.65",246,367
1,354,"ADA MADDOX","Great Plains Lutheran","A",110.593700175185,"24:15.82",310,304
1,355,"CLARA HERREID","Aberdeen Christian","B",88.0820316159506,"24:05.30",321,295
1,356,"ADDISON KROGSTAD","Corsica-Stickney","B",418.120335219177,"34:21.03",213,405
1,357,"GABBY WERDEL","Miller","A",1.23656432895571,"22:19.56",405,214
1,358,"ALLISON LEBER","Canistota","B",154.329319399906,"24:51.38",291,328
1,359,"JAYLEA MILLER","Parker/Marion","A",183.623717532853,"25:54.50",274,347
1,360,"KATE BLAIR","Belle Fourche","A",0.632701576723893,"22:19.83",409,215
1,361,"AUBRIE BRENDSEL","Brandon Valley","AA",0.786155181074662,"22:24.18",408,216
1,362,"SHARON ZHANG","Great Plains Lutheran","A",98.0102501106991,"24:22.20",317,307
1,363,"SAMANTHA MONEKE","SF Lincoln","AA",257.636274329806,"27:18.09",255,370
1,364,"SADIE CARLSON","Gregory","B",312.445478892588,"28:53.28",236,390
1,365,"BAILEY NOLD","Aberdeen Roncalli","A",105.995376877016,"24:35.82",313,316
1,366,"JORJA WEBER","McCook Central/Montrose","A",146.128797331818,"25:04.99",295,335
1,367,"TARA ENGELSON","SF Lincoln","AA",236.013229877126,"27:24.76",262,372
1,368,"MCKENZIE RANS","Belle Fourche","A",0.526562526828773,"22:30.77",412,223
1,369,"KENNADEE WAGNER","Warner","B",0.817812604536424,"22:35.54",407,230
1,370,"MEREDITH LARSON","Baltic","A",0.834344277329807,"22:44.40",406,233
1,371,"MEREDITH DECKER","Tea Area","AA",0.588389381487133,"22:35.26",411,229
1,372,"CHESNIE GISSELBECK","Castlewood","B",227.033078479312,"27:46.15",264,377
1,373,"JOANNA GUMS","Deuel","A",111.266077087441,"25:15.42",309,338
1,374,"PAYCEE LEE","Deuel","A",118.923868430578,"25:25.55",307,340
1,375,"KAELYN SMITH","Mount Vernon/Plankinton","A",0.609495097991878,"22:50.92",410,239
1,376,"ANASTASIA KIEFFER","SF Washington","AA",215.90839918389,"28:11.99",265,384
1,377,"AMELIA LOBAN","Hamlin","A",96.8483592693296,"25:00.89",318,332
1,378,"ROYALE GHOST","Little Wound","A",281.775439344022,"34:40.19",245,406
1,379,"BROOKLYN REINERS","Tea Area","AA",0.415987210375287,"22:48.34",417,236
1,380,"ALEXIS ROESLER","Wessington Springs","B",0.4358375852471,"22:49.42",416,237
1,381,"JORJA NELSEN","Florence/Henry","A",88.3510549802192,"25:04.91",320,334
1,382,"KENZI RED OWL","Little Wound","A",277.88200866411,"35:23.69",247,407
1,383,"KATHERINE O'NEAL","Rapid City Christian","A",46.7717100730693,"24:35.96",338,317
1,384,"KALA MAXON","Platte-Geddes","A",247.941874425154,"30:05.78",259,396
1,385,"PAIGE MENTELE","Howard","B",99.4331580137077,"25:26.49",315,341
1,386,"EVELYN GARCIA","Custer","A",121.781332365006,"26:24.37",306,354
1,387,"TAYLOR ZEISLER","Burke","B",62.7592766658377,"24:55.19",331,330
1,388,"ADDISON NYDAM","Mitchell Christian","B",0.448174146313872,"22:59.49",415,247
1,389,"RACHEL STEFFENSEN","Arlington","B",0.479521737522472,"23:01.18",413,249
1,390,"TYLER GIBSON","Tri-Valley","A",64.3831265980974,"25:03.06",329,333
1,391,"JAYDE BAIRD","SF Jefferson","AA",197.224018485284,"29:03.00",270,392
1,392,"LEXI WILKINS","Custer","A",0.297753150261924,"22:52.76",423,241
1,393,"SEELEY VANOVERBEKE","Arlington","B",0.393610621631831,"22:58.51",419,246
1,394,"ELSA SCHIFERL","Aberdeen Central","AA",0.45006547086025,"23:06.85",414,255
1,395,"MAYCIE KNUTSON","SF Lincoln","AA",179.868304858579,"29:11.45",277,393
1,396,"MASYNN MEBIUS","Wessington Springs","B",0.224710813912257,"23:00.18",425,248
1,397,"BAILEY MINES","Yankton","AA",0.412450973434846,"23:07.82",418,256
1,398,"ZOE SCHAEFFER","Menno","B",98.6819307923849,"26:35.39",316,359
1,399,"VANESSA GUTIERREZ","Little Wound","A",211.606793532133,"36:32.25",267,408
1,400,"AMYA WARD","Sioux Valley","A",0.377472762074832,"23:19.17",420,262
1,401,"OHANNA SINCLAIR","Aberdeen Central","AA",0.344961244417232,"23:21.63",421,263
1,402,"BRYNN TOWNSEND","SF Lincoln","AA",163.755102548331,"31:20.98",286,398
1,403,"TAYLOR BOEHNKE","Tea Area","AA",0.314757196620205,"23:23.51",422,268
1,404,"EMERSON KURKIEREWICZ","SF Lincoln","AA",148.803549706962,"31:49.77",292,399
1,405,"SAMANTHA TROXELL","Madison","A",39.661205563659,"26:11.49",342,350
1,406,"CADENCE GOOD SOLDIER","Little Wound","A",174.387553186988,"50:27.86",283,409
1,407,"MAKENNA PRYOR","Mount Vernon/Plankinton","A",106.542269705327,"27:57.56",312,381
1,408,"DARABY BOERSMA","Sunshine Bible Academy","B",64.2087596427077,"27:05.88",330,366
1,409,"ANNIE BOURNE","Dakota Valley","A",46.6518860742201,"26:32.23",339,358
1,410,"PAYTON LOGAN","Gayville-Volin","B",82.4633727223401,"27:32.26",323,374
1,411,"ZAYDA TOWNSEND","Milbank","A",0.248827665124744,"23:42.81",424,279
1,412,"SIENNA DEKAM","SF Lincoln","AA",134.937764393359,"31:55.56",303,400
1,413,"ALIZA ADDY","Canistota","B",35.4203153939414,"26:35.64",346,360
1,414,"ALEXIS (LUCY) DALEY","Mitchell","AA",0.166464511991603,"23:43.67",426,281
1,415,"MYLI WEISCHEDEL","Sully Buttes","B",21.4039624985912,"26:03.97",358,349
1,416,"KEONDRA WILSON","SF Lincoln","AA",122.086548736848,"33:13.44",305,402
1,417,"TAYA WETTLAUFER","Howard","B",0.0413632874474108,"23:44.68",432,282
1,418,"ELLA KOLOUSEK","Wessington Springs","B",0.0728573891111838,"24:00.01",430,290
1,419,"SOPHIA SHUDAK","Yankton","AA",0.0912490564739364,"24:01.02",429,291
1,420,"CLAIRE VOGEL","McCook Central/Montrose","A",23.3236158209596,"27:17.36",354,369
1,421,"ABBY DOSE","Canton","A",0.125454272825223,"24:15.17",428,303
1,422,"DAKOTA OBERG","Chester","B",56.4202232818775,"31:15.62",334,397
1,423,"LILY ANDERSON","Parker/Marion","A",51.0468686836034,"32:55.75",337,401
1,424,"MARIA ADDY","Canistota","B",17.8846078188354,"27:50.50",361,378
1,425,"AUBREY POWERS","Deuel","A",20.853212248184,"27:56.31",359,380
1,426,"REMI HUBSCH","Webster Area","A",30.5636459133242,"28:57.58",350,391
1,427,"KARA DOSE","Canton","A",0.0241240981141394,"24:22.81",435,309
1,428,"GENTRIE BLASIUS","Kimball/White Lake","B",0.0392610465337291,"24:35.45",433,315
1,429,"KENDALL CLAYTON","Brandon Valley","AA",0.0707735357852989,"24:37.21",431,318
1,430,"LILY SCHLUETER","Tri-Valley","A",12.6521004135932,"28:09.73",367,382
1,431,"ALLIE GORTMAKER","Miller","A",0.147387315825106,"24:50.39",427,327
1,432,"ALEXIS MOORE","Kimball/White Lake","B",0.0293500376086999,"24:46.77",434,323
1,433,"DEVRAH MEYER","Madison","A",9.70793177354964,"28:28.27",373,385
1,434,"SAIGE LESSMAN","Parker/Marion","A",6.41193314562175,"27:50.87",381,379
1,435,"CLAIRE ROWLEY","McCook Central/Montrose","A",6.72601932660089,"28:40.61",377,387
2,1,"BRIANNA REILLY","Harrisburg","AA",22030.7147244826,"16:31.78",1,1
2,2,"ELLIE MADDOX","SF Christian","A",21177.6766379005,"16:33.95",2,2
2,3,"HANNAH GENRICH","Harrisburg","AA",17303.035245745,"16:44.72",3,3
2,4,"SADIE PETTENGILL","SF Christian","A",16040.2358845735,"17:18.59",4,5
2,5,"FAITH WIESE","Flandreau","A",11949.3591395598,"17:08.39",6,4
2,6,"ALEX MCCULLOUGH","Dakota Valley","A",10552.8748085188,"17:33.79",7,6
2,7,"JERICA GLASSER","SF Christian","A",12302.8078082594,"18:00.59",5,8
2,8,"MIA KADI","SF Lincoln","AA",8819.66414212822,"18:07.43",8,9
2,9,"JAYCIE BABB","Tea Area","AA",8599.80859165783,"18:11.53",9,10
2,10,"PEYTON VANDEEST","Spearfish","AA",7261.49719645294,"17:53.06",14,7
2,11,"AUTUMN GILHOOLY","Harrisburg","AA",6861.50096323179,"18:15.71",15,12
2,12,"EMERY LARSON","Pierre T.F. Riggs","AA",6744.7660482597,"18:27.24",16,14
2,13,"BROOKLYN SUNDERMANN","West Central","A",7550.34135704548,"18:33.96",12,18
2,14,"ELLA BOEKELHEIDE","Northwestern","B",7749.38475188088,"18:36.89",10,20
2,15,"ADIE MCVEY","Lennox","A",5304.10736491897,"18:22.30",20,13
2,16,"EMILY CURRAN","Brandon Valley","AA",5694.09497500937,"18:29.84",19,16
2,17,"NATALIE SMITH","SF Christian","A",4358.6408673071,"18:14.63",25,11
2,18,"EMMA TIDEMANN","Brandon Valley","AA",4553.29642745185,"18:31.43",23,17
2,19,"KORI KEIL","Spearfish","AA",7527.37132076613,"18:47.70",13,27
2,20,"BAILEY VANDERGRIEND","SF Christian","A",4805.54396902076,"18:39.80",21,21
2,21,"ADDISON SCHOLTEN","Brandon Valley","AA",3972.44272964533,"18:27.78",28,15
2,22,"CALLIE RADIGAN","Vermillion","A",4498.02344482142,"18:34.89",24,19
2,23,"GRACE PHILLIPS","Chamberlain","A",7704.85899207248,"18:56.00",11,32
2,24,"KADANCE HOLSO","Rapid City Stevens","AA",6312.46587446064,"18:49.40",17,28
2,25,"KIRA UBENCE","Douglas","AA",4565.90799958517,"18:46.32",22,24
2,26,"ALLIE NOVSTRUP","Aberdeen Central","AA",3916.50490104445,"18:42.71",29,22
2,27,"MAXINE ORDWAY","SF Christian","A",3364.86101538897,"18:43.01",36,23
2,28,"BELLA DITTMER","SF Roosevelt","AA",3344.53958471347,"18:47.12",37,26
2,29,"GWEN RICHTER","Pierre T.F. Riggs","AA",3377.84196706019,"18:51.18",35,31
2,30,"PEYTON BEATCH","Brandon Valley","AA",3310.24691135793,"18:49.55",38,29
2,31,"BRYN BARKER","SF Christian","A",2848.64685694542,"18:46.52",43,25
2,32,"ISABELLA GALBRAITH","Ipswich","B",3570.74206447334,"19:06.00",32,38
2,33,"KALYNN OBAN","Ipswich","B",3437.32996124968,"19:12.00",33,43
2,34,"BRINNA SHELDON","Rapid City Stevens","AA",3802.29798333267,"19:19.86",30,47
2,35,"KAMRYN NESHEIM","Clark/Willow Lake","A",4168.51618045796,"19:23.09",27,50
2,36,"RORIE THORESON","Dell Rapids","A",5814.01332624233,"19:35.90",18,59
2,37,"MARISSA BOUWMAN","SF Washington","AA",2209.9351838797,"18:50.89",52,30
2,38,"TARA BLACHFORD","Northwestern","B",3393.11146325052,"19:22.70",34,49
2,39,"FINLEY EVJEN","Canton","A",2261.39589377686,"18:59.69",51,33
2,40,"SARAH JOHNSON","West Central","A",2635.10647446457,"19:06.81",46,39
2,41,"EVELYN HURLEY","Rapid City Stevens","AA",4302.82964770581,"19:38.04",26,60
2,42,"JAYLA STILES","Ipswich","B",2840.54390068719,"19:21.00",44,48
2,43,"ALICE GUNDVALDSON","O'Gorman","AA",2363.97788090882,"19:13.14",50,44
2,44,"RYELLE GILBERT","Groton Area","A",2976.5455955836,"19:30.29",40,55
2,45,"EMMELINE MURRAY","SF Lincoln","AA",2078.77297783532,"19:02.78",60,36
2,46,"CALLA WIESE","Flandreau","A",2086.48439757551,"19:11.09",57,42
2,47,"JAYNA VANLAECKEN","Tea Area","AA",2032.15143584988,"19:08.75",61,40
2,48,"ADDISON CASSADY","Aberdeen Roncalli","A",2656.36365114078,"19:35.68",45,58
2,49,"AUTUMN FALLIS","Highmore-Harrold","B",3571.44587247958,"19:47.81",31,72
2,50,"LILIAN RUDE","Brandon Valley","AA",1695.20816903737,"19:05.84",77,37
2,51,"KATE MCELROY","Watertown","AA",2004.82385364239,"19:26.36",63,52
2,52,"BRIELLE JENKINS","SF Lincoln","AA",1665.15425770185,"19:09.62",80,41
2,53,"GRACE BIALAS","Tea Area","AA",1581.19373197952,"19:13.17",84,45
2,54,"JENNAY GISI","Ipswich","B",2083.96694395684,"19:49.00",58,73
2,55,"SIERRA SANDFORD","Spearfish","AA",1873.12448845126,"19:41.53",68,65
2,56,"RHYS PEARSON","Belle Fourche","A",1644.51185373546,"19:32.91",83,56
2,57,"MADISYN GELLHAUS","Ipswich","B",1392.49650660037,"19:29.00",89,54
2,58,"LIA MUNDT","Belle Fourche","A",1415.1311087211,"19:33.26",87,57
2,59,"KAILEY WINTER","Harrisburg","AA",1215.78111508246,"19:13.59",101,46
2,60,"NORA OLSEN","Deubrook Area","B",1485.8200740935,"19:38.48",86,61
2,61,"AMARA USERA","St. Thomas More","A",2891.15241183691,"20:16.66",41,106
2,62,"SHYLA TVEDT","Deuel","A",3081.23815998987,"20:29.17",39,117
2,63,"EMMERSON EPPARD","Chester","B",1905.48030912614,"20:07.55",66,91
2,64,"KELLA TRACY","Groton Area","A",2442.60397684562,"20:25.35",48,111
2,65,"LAURYN DONOVAN","Spearfish","AA",1909.7153079359,"20:12.42",65,98
2,66,"CADENCE BOCHEK","Clark/Willow Lake","A",2166.13454544928,"20:26.60",54,113
2,67,"CHARLEE WILLIAMS-SMITH","Pierre T.F. Riggs","AA",1219.673620797,"19:45.00",100,68
2,68,"HANLEE SEYKORA","Harrisburg","AA",952.663016190974,"19:26.74",117,53
2,69,"KENDAL UTTECHT","Wolsey-Wessington","B",2097.98814343911,"20:27.10",56,115
2,70,"LILY BAKER","Kimball/White Lake","B",1164.87740382969,"19:43.94",105,67
2,71,"LONDYN SCHROEDER","Mitchell","AA",803.422498768938,"19:02.75",138,35
2,72,"HAILEY MOLLNER","SF Jefferson","AA",1022.15214601571,"19:41.35",112,64
2,73,"TAYLOR HARRELSON","Rapid City Christian","A",1892.40624396093,"20:20.80",67,109
2,74,"WHITLI ADAMS","Rapid City Stevens","AA",1715.86921349763,"20:25.96",75,112
2,75,"FAITH HEIL","Mobridge-Pollock","A",1866.75945577226,"20:29.97",69,118
2,76,"ELLA MERRIMAN","Beresford","A",1230.05471205535,"20:06.00",99,90
2,77,"OLIVIA ANDERSON","Watertown","AA",985.558510320902,"19:55.20",114,78
2,78,"EMMA BOCHEK","Clark/Willow Lake","A",1758.39018022917,"20:35.48",70,122
2,79,"KYLEE JOHNSON","Deubrook Area","B",1364.02907038882,"20:16.16",91,103
2,80,"AUSTINA SORENSEN","Faulkton Area","B",2111.80119948213,"20:49.77",55,140
2,81,"ANNA SPANOS","SF Lincoln","AA",775.535788373607,"19:39.07",142,62
2,82,"ADELINE THOMPSON","SF Lincoln","AA",776.398708204804,"19:39.77",141,63
2,83,"MCKINLEY GLANVILLE","SF Lincoln","AA",2021.50269921875,"20:52.31",62,142
2,84,"AURORA EVANS","Douglas","AA",854.541799047748,"19:58.11",132,83
2,85,"JAYCEE STEVENS","Gettysburg","B",1694.47162550216,"20:48.90",78,138
2,86,"CLARA PEDERSON","SF Lutheran","B",654.348883424711,"19:41.80",160,66
2,87,"JENNIFER BEVERS","Clark/Willow Lake","A",2081.75247767394,"21:10.32",59,167
2,88,"ALLI MCCORD","Kimball/White Lake","B",711.482583033569,"19:50.57",153,74
2,89,"VIONA SIETSEMA","Rapid City Stevens","AA",1182.07086526581,"20:44.90",103,131
2,90,"TAYLOR MCCOMSEY","Aberdeen Roncalli","A",1349.58796691104,"20:53.79",93,143
2,91,"AUBREY COOLEY","Brookings","AA",647.461695564056,"19:52.44",162,76
2,92,"ASHTYN KRIZ","Tri-State","A",1393.0529046807,"20:59.90",88,152
2,93,"ELLA KOPLIN","Milbank","A",734.215963025277,"20:09.15",150,93
2,94,"SIERRA KELLER","Florence/Henry","A",1745.00684551076,"21:14.43",72,172
2,95,"LIA TIANGCO","O'Gorman","AA",458.330343597981,"19:23.72",195,51
2,96,"JENTRY HUBNER","Herreid/Selby Area","B",1323.25718072619,"21:01.59",94,155
2,97,"KATELYN WIRTH","Warner","B",1747.7042603012,"21:24.00",71,180
2,98,"AVERY WUESTEWALD","Yankton","AA",1208.87584176883,"20:58.30",102,150
2,99,"CLAIRE GUTHMILLER","Bon Homme","A",2387.92078536397,"21:41.99",49,205
2,100,"HADLEY TEMPLE","Rapid City Central","AA",912.624220568016,"20:49.70",121,139
2,101,"BELLA LINN","Spearfish","AA",994.897563214167,"20:57.36",113,148
2,102,"KAELYN ULSCHMID","Arlington","B",757.381096826769,"20:31.09",143,119
2,103,"ELLE HLAVAC","Scotland","B",2873.86002126811,"21:59.07",42,221
2,104,"CLAIRE MCDONALD","Chester","B",1372.72574928715,"21:17.50",90,175
2,105,"PIPER CURRAN","Belle Fourche","A",661.419899904656,"20:21.58",159,110
2,106,"EVELYN PRAHL","Great Plains Lutheran","A",1312.63982604813,"21:19.85",95,176
2,107,"GRACEN GIEGLING","Harrisburg","AA",456.08680771359,"19:54.79",197,77
2,108,"PAIGE SCHWEITZER","O'Gorman","AA",856.261071342468,"20:54.90",131,144
2,109,"EVELYN DEGEEST","Tea Area","AA",556.115417181211,"20:16.42",174,104
2,110,"EMMA CAULFIELD","Florence/Henry","A",1647.70806548352,"21:35.04",82,197
2,111,"SASHA VAN DEN BOSCH","Chamberlain","A",2611.76833751742,"22:15.40",47,232
2,112,"AUTUMN BAKER","Kimball/White Lake","B",297.580795964134,"19:00.93",246,34
2,113,"RUBY BOUWMAN","SF Lincoln","AA",402.472869330734,"19:50.78",207,75
2,114,"AVA GEORGE","Irene-Wakonda","B",2178.85204883378,"22:09.80",53,229
2,115,"ELAINA ROUNDS","Pierre T.F. Riggs","AA",485.718778617963,"20:12.02",187,97
2,116,"LUCY HAMER","Sturgis Brown","AA",571.704167590461,"20:27.49",169,116
2,117,"EVELYN SHEARER","Herreid/Selby Area","B",977.206977918962,"21:17.00",116,174
2,118,"BIANCA BERRY","Milbank","A",551.975266220886,"20:34.36",175,120
2,119,"NORA YOUMANS","Yankton","AA",878.138453862183,"21:11.59",125,170
2,120,"KAYLIE KUEHL","Brookings","AA",716.41859282347,"20:56.60",151,146
2,121,"TAHCA ZEPHIER","Mahpiya Luta","A",1722.5943661905,"22:07.93",74,227
2,122,"MISTY DRIELING","Belle Fourche","A",504.26245902106,"20:36.72",180,123
2,123,"HAZEL KANNEGIETER","Aberdeen Roncalli","A",861.671666802349,"21:16.66",130,173
2,124,"RILYN JACKSON","Yankton","AA",351.417060524812,"19:55.60",225,79
2,125,"ISABELLA HENDERSON","Ipswich","B",714.985773224793,NA,152,NA
2,126,"HARPER KLINE","Aberdeen Roncalli","A",745.765421402565,"21:08.76",145,163
2,127,"SADIE WUEBBEN","West Central","A",1089.90628872393,"21:38.93",108,201
2,128,"ELEANOR ANDERSON","Vermillion","A",592.866339022698,"20:58.14",167,149
2,129,"KAMORA RUTHERFORD","Stanley County","A",743.575103630759,"21:11.48",147,169
2,130,"SARAH GILHOOLY","Harrisburg","AA",287.222887172298,"19:46.95",250,70
2,131,"KILEY WESTBERRY","Flandreau","A",498.260651904105,"20:48.16",183,137
2,132,"JOLIE WESTRUM","Gayville-Volin","B",1685.73925853256,"22:20.85",79,241
2,133,"ABBY JOHANNESON","Yankton","AA",307.561537349148,"19:56.78",240,81
2,134,"BRILEY GEBHART","Lemmon","B",1651.49886290836,"22:24.94",81,247
2,135,"ANNALISA STAKE","Centerville","B",1709.83191863358,"22:28.15",76,253
2,136,"SADEY HOLT","Baltic","A",444.546903472669,"20:45.98",198,133
2,137,"LUCY ROZEBOOM","West Central","A",288.295177062528,"20:01.97",249,86
2,138,"LUCILLE AHART","Newell","B",888.674217701264,"21:50.62",122,213
2,139,"HAZEL HILLMAN","O'Gorman","AA",520.624449603234,"21:07.20",178,161
2,140,"DEVYN VAN ROEKEL","Pierre T.F. Riggs","AA",273.246135954478,"19:56.34",262,80
2,141,"LILY WAGNER","SF Roosevelt","AA",277.40624781929,"19:57.24",260,82
2,142,"JOHANNA VANDERSNICK","Clark/Willow Lake","A",863.195905094322,"21:52.20",128,214
2,143,"BRYNN ODENBACH","Lemmon","B",1352.1249089038,"22:28.29",92,254
2,144,"ADALYN FIEGEN","St. Mary's","B",1023.76026376104,"22:21.04",111,243
2,145,"AVERY QUAM","Madison","A",883.746560564959,"22:18.71",123,235
2,146,"LILLY GERLACH","Watertown","AA",805.472979360893,"22:00.00",137,222
2,147,"CHLOE BERG","Great Plains Lutheran","A",782.762518916798,"22:00.69",140,223
2,148,"IZZY FISCHER","Rapid City Central","AA",423.7977685846,"21:09.10",202,164
2,149,"ABIGAIL ENGELLAND","Mount Vernon/Plankinton","A",262.33226126315,"20:14.18",267,100
2,150,"RYLIE ROTHENBERGER","SF Washington","AA",273.979212587555,"20:19.83",261,108
2,151,"ADALYNN FISCHER","Rapid City Central","AA",396.80876909037,"21:09.60",209,165
2,152,"MACY MUELLER","Milbank","A",397.674656462964,"21:10.20",208,166
2,153,"EVIE NOVSTRUP","Aberdeen Central","AA",403.341010861605,"21:11.22",206,168
2,154,"MELANIE HERMAN","SF Lincoln","AA",919.864737482191,"22:28.77",120,256
2,155,"BREANA ASKE","Jones County","B",1741.09463438146,"23:08.70",73,304
2,156,"LILY MEYER","Huron","AA",751.99615186194,"22:18.04",144,234
2,157,"HADLEIGH HOGGARTH","Frederick Area","B",925.950881502837,"22:32.77",119,262
2,158,"ANDEE FRANDSEN","Hill City","A",223.843466120351,"20:09.97",288,94
2,159,"CAMI WOLLES","St. Mary's","B",944.521506824093,"22:34.32",118,264
2,160,"MAISIE MOGARD","Brookings","AA",207.235592725656,"19:58.52",301,84
2,161,"KYLEIGH MILLER","Warner","B",341.702520077224,"21:00.85",231,154
2,162,"HAIVYN SCHUCHHARDT","Warner","B",278.8628279214,"20:43.22",258,128
2,163,"RAEGAN VERHULST","Harding County","B",1180.15615442689,"22:55.91",104,285
2,164,"LEAH YERDON","SF Lincoln","AA",854.01078468517,"22:28.82",133,257
2,165,"JAEL BURKHALTER","Bison","B",1251.27833726655,"23:02.01",98,293
2,166,"MONICA MORAN","St. Thomas More","A",477.788086665653,"21:41.12",188,204
2,167,"LYDIA ANDERSON","Vermillion","A",202.511255985751,"20:04.04",305,88
2,168,"NINA GABRIEL","Harrisburg","AA",219.005618205769,"20:15.25",291,102
2,169,"KHLOE SMITH","Tri-State","A",738.490425170651,"22:24.26",148,246
2,170,"EMILIE REEDY","Sturgis Brown","AA",426.654586243476,"21:31.92",200,195
2,171,"HANNAH SONSTEBO","Webster Area","A",563.321183017207,"22:01.23",171,224
2,172,"MYKELTI OLSON","James Valley Christian","B",492.139803980969,"21:56.98",184,219
2,173,"GRACIE BANKS","Mahpiya Luta","A",1958.9814874689,"23:39.20",64,339
2,174,"ISABEL GURNEY","Yankton","AA",415.088962788838,NA,203,NA
2,175,"LAYLA DRIELING","Belle Fourche","A",241.927720997307,"20:44.63",277,130
2,176,"RYAN TIBBETTS","SF Lincoln","AA",792.442565324147,"22:38.34",139,268
2,177,"JEWEL GANNON","Canton","A",235.202748416185,"20:44.31",282,129
2,178,"CHEL ODENBACH","Lemmon","B",836.328176874685,"22:50.33",135,277
2,179,"JOSIE VLIEGER","Huron","AA",282.813597563104,"21:07.77",252,162
2,180,"KALLA PADDEN","Harding County","B",1088.29202572487,"23:10.35",109,307
2,181,"TENLEY LEBRUN","Flandreau","A",335.6379036104,"21:25.85",232,185
2,182,"HANNAH DAVELAAR","SF Christian","A",155.375834210864,"20:04.57",332,89
2,183,"ISABELLA OBERLOH","St. Thomas More","A",487.512174761623,"22:19.53",185,237
2,184,"ALLISON BRENNER","Aberdeen Central","AA",221.222234715282,"20:46.68",289,134
2,185,"MIKAYLA DENNIS","Custer","A",359.014099373022,"21:40.20",222,202
2,186,"MONROE MILLER","SF Lincoln","AA",734.896140937512,"22:49.82",149,276
2,187,"AVA SLETTEN","Canton","A",217.306799486519,"20:46.87",292,135
2,188,"PAIGE AHLEMEIER","Gettysburg","B",302.284071569643,"21:25.08",244,183
2,189,"JORDAN CHESSMORE","Tripp-Delmont/Armour","B",1283.31528431679,"23:31.79",96,331
2,190,"ASPEN VENEKLASEN","Hill City","A",260.366803992466,"21:06.21",269,159
2,191,"ANDIE AUGHENBAUGH","Sanborn Central/Woonsocket","B",388.352600851141,"21:55.34",212,217
2,192,"BEATRIZ HERNANDEZ-LUCAS","Vermillion","A",676.550945069447,"22:48.96",156,274
2,193,"PHOENIX RED OWL","Little Wound","A",377.353602535308,NA,216,NA
2,194,"AUBREE MORRISON","Lead-Deadwood","A",1048.17669899027,"23:22.86",110,323
2,195,"GRACYN KADLEC","Ipswich","B",151.063353936754,"20:12.74",335,99
2,196,"MADYN LACEY","Dell Rapids","A",573.044765865009,"22:37.25",168,267
2,197,"ALEXA STONE","Belle Fourche","A",289.172858043929,"21:26.68",247,189
2,198,"KAYLOR NEKL","SF Lincoln","AA",136.52542269179,"20:08.83",346,92
2,199,"REAGAN OSTRANSKY","SF Lincoln","AA",137.607933469032,"20:10.63",345,95
2,200,"GRACE PRESZLER","Aberdeen Central","AA",150.6266722563,"20:16.54",336,105
2,201,"DELANEY YOUMANS","Yankton","AA",169.048098708499,"20:26.89",327,114
2,202,"SURI SCHMIDT","Mount Vernon/Plankinton","A",307.051267842358,"21:36.60",242,199
2,203,"CAMDEN PETERSON","Harding County","B",868.059121512336,"23:20.75",126,315
2,204,"KYLAH BIGGINS","Chamberlain","A",272.683664232138,"21:24.90",264,182
2,205,"KHLOE COCHRAN","Aberdeen Central","AA",207.28006387571,"20:56.63",300,147
2,206,"ANNIKA BOCKHOLT","Harrisburg","AA",94.465791406284,"19:59.08",370,85
2,207,"RHYANN ROSELAND","Faulkton Area","B",381.039888596086,"22:25.20",213,248
2,208,"MAGGIE MILLER","SF Lincoln","AA",630.890412698733,"23:06.61",163,299
2,209,"AMIA WARD","Sioux Valley","A",88.4379473833228,"20:03.60",376,87
2,210,"TYLEE TETRAULT","Spearfish","AA",179.637152054993,"20:55.18",318,145
2,211,"LOU SCHLADWEILER","Madison","A",359.213186420229,"22:20.98",221,242
2,212,"MILA HEISINGER","Lead-Deadwood","A",862.328169921875,"23:34.48",129,334
2,213,"IRIS ZYLSTRA","Sturgis Brown","AA",310.025465343349,"22:04.19",239,226
2,214,"TALYA VINCENT","Sioux Valley","A",53.6053509957869,"19:47.42",403,71
2,215,"KAMILLE SCHMIDT","Lennox","A",129.533652321424,"20:34.62",353,121
2,216,"MICAIAH BRANTNER","James Valley Christian","B",300.367165313947,"22:13.70",245,230
2,217,"AUBREY BORNS","West Central","A",170.704042536249,"21:00.81",325,153
2,218,"ASHLYNN WARRINGTON","Groton Area","A",342.936103663753,"22:27.36",228,251
2,219,"ELLA GREENE","Dakota Valley","A",393.149915801712,"22:39.72",210,269
2,220,"DANIELLA VAN ZEE","SF Roosevelt","AA",75.7241602539716,"20:10.90",387,96
2,221,"MIRIAM MEYER","Madison","A",629.820935024283,"23:22.65",164,322
2,222,"JAYDA JENSEN","Watertown","AA",193.402084593776,"21:21.64",311,177
2,223,"ERIN HARMS","Douglas","AA",219.145333020202,"21:38.79",290,200
2,224,"HADASAH OLSON","James Valley Christian","B",557.20817659267,"23:21.40",173,317
2,225,"KENNA WOLBERG","Warner","B",111.521408919294,"20:47.93",357,136
2,226,"CHARLOTTE QUALM","Platte-Geddes","A",1106.21823902184,"24:40.68",107,386
2,227,"ABBY HILLESON","Tea Area","AA",91.8472355685984,"20:39.13",371,124
2,228,"ASHLYNN WELLMAN","Rapid City Stevens","AA",206.933209562705,"21:30.08",302,193
2,229,"MACI LICHT","Sioux Valley","A",25.1763256251559,"19:45.91",431,69
2,230,"PRIA MARTINELL","Tri-Valley","A",206.921794509333,"21:35.91",303,198
2,231,"AFFINITY IRON HAWK","Dupree","B",377.537580354105,"22:57.83",215,286
2,232,"PAIGE DEUTER","St. Mary's","B",462.785192948325,"23:12.77",193,310
2,233,"PEYTON HANSEN","Centerville","B",682.82163866547,"23:53.72",154,352
2,234,"MAKENZI HAM","Custer","A",207.350925375972,"21:44.60",299,208
2,235,"ISABELLE LEE","Colman-Egan","B",354.117280223075,"22:53.81",224,283
2,236,"JILLIAN SCHULTE","Parker/Marion","A",466.141838614853,"23:21.28",191,316
2,237,"AVA SCHINDLER","Chamberlain","A",166.545095857128,"21:25.60",328,184
2,238,"ALYVIA GEFFRE","Tri-State","A",499.329438609198,"23:35.51",181,335
2,239,"ARIA PRASNICKI","Milbank","A",477.201228711412,"23:30.26",189,328
2,240,"MORAH SWARTZENDRUBER","Miller","A",517.262168449647,"23:39.00",179,338
2,241,"KIMI RAMA","Mahpiya Luta","A",1536.69229709355,"26:14.46",85,434
2,242,"SOPHIA JOHNSON","Lennox","A",44.3932077191155,"20:18.22",416,107
2,243,"LYNDSEY CHESSMORE","Tripp-Delmont/Armour","B",651.880993529757,"24:14.15",161,366
2,244,"JORDYN JOHNSON","Brookings","AA",55.3634716849183,"20:42.86",401,127
2,245,"GRACE LIST","Watertown","AA",145.134981520507,"21:26.59",340,188
2,246,"MOLLY NIX","Jones County","B",1263.5,"26:19.80",97,436
2,247,"TANAEYA WANNA","Sisseton","A",486.73028879058,"23:48.09",186,348
2,248,"JAELYN PETERS","Hill City","A",101.024318010279,"21:13.23",365,171
2,249,"LACEY EASTON","Hanson","A",527.549142858091,"24:03.17",177,359
2,250,"KALLA FOERSTER","Brookings","AA",52.4156220630611,"20:45.27",405,132
2,251,"BRENNA BOLTE","Parker/Marion","A",361.07503346199,"23:21.57",220,318
2,252,"SIRI KNUTSON","SF Washington","AA",45.9348666106721,"20:41.82",414,126
2,253,"ISABEL OVERBY","Brookings","AA",15.7075386604382,"20:14.54",441,101
2,254,"ALY GRUENWALD","Redfield","A",323.794344008432,"23:11.92",235,308
2,255,"ELLA BARTZ","SF Lincoln","AA",40.8869687533946,"20:40.80",420,125
2,256,"HADLEY GJERDE","Clark/Willow Lake","A",232.456430362619,"22:33.52",283,263
2,257,"KELSEY SUNDERMANN","West Central","A",284.223905602844,"23:05.81",251,298
2,258,"HAILEY TIAHRT","Baltic","A",174.116337201587,"22:16.53",322,233
2,259,"BRYNNLY HUBER","Herreid/Selby Area","B",268.646417117828,"23:01.00",265,290
2,260,"MADDY CAMPBELL","Spearfish","AA",96.3648322183184,"21:27.01",368,190
2,261,"SLOAN THOMPSON","Harding County","B",457.832510179297,"24:09.37",196,363
2,262,"IVORY LABATTE","Sisseton","A",443.526094224286,"24:08.00",199,362
2,263,"JADIS REDDY","Little Wound","A",1154.36425093764,"27:11.31",106,457
2,264,"NATALIE DREISKE","Lemmon","B",372.258403106709,"23:56.89",217,355
2,265,"RYLIN WIPF","James Valley Christian","B",239.716913876945,"23:05.06",278,295
2,266,"ZOE SCHAEFFER","Menno","B",311.741212614503,"23:38.70",237,337
2,267,"EMMA LINDAMAN","SF Lincoln","AA",499.301231619301,"24:50.20",182,392
2,268,"LOGAN CASTLE","Tea Area","AA",21.9422900154738,"20:50.35",434,141
2,269,"GRETA ODENBACH","Lemmon","B",342.410792837166,"23:46.75",229,347
2,270,"ELODIE WOOD","Warner","B",83.6675280188727,"21:32.71",381,196
2,271,"ADDISON JASPERS","West Central","A",36.2310760467576,"21:02.93",423,157
2,272,"KAELYN LEFORS","Douglas","AA",469.254874534944,"24:50.83",190,394
2,273,"ALEXSIS RED BIRD","Todd County","A",983.557523640125,"27:40.82",115,469
2,274,"ADISON ARMSTRONG","Rapid City Stevens","AA",34.0651856791446,"21:06.31",425,160
2,275,"ADRIENNE WHITE LANCE","St. Francis Indian","A",853.543095851724,"26:58.29",134,451
2,276,"ADDY WITTE","Dell Rapids","A",196.996747248644,"22:52.27",308,280
2,277,"SHELLY LARVIE","St. Francis Indian","A",540.931042326283,"25:28.94",176,412
2,278,"ANNALISE RITER","SF Lincoln","AA",461.160165315049,"24:52.37",194,395
2,279,"LANDREE LAMONT","Bison","B",568.80009227646,"25:42.64",170,419
2,280,"ROSA AINSLIE","Bennett County","B",866.409065555906,"27:45.09",127,470
2,281,"LUCY DEVRIES","SF Washington","AA",425.584952562174,"24:55.26",201,397
2,282,"GRACE STEFFEN","Burke","B",236.907322261136,"23:21.99",279,320
2,283,"LIVIA KNECHT","Britton-Hecla","A",243.555236277562,"23:23.10",276,324
2,284,"TESSA AUDISS","Rapid City Christian","A",324.417987893177,"24:15.00",234,367
2,285,"NEVAEH O'ROURKE","Little Wound","A",880.268555292304,"28:11.43",124,477
2,286,"HANNAH KOCH","Brandon Valley","AA",61.9529364502482,"21:42.97",395,207
2,287,"GABBY WERDEL","Miller","A",101.465849867426,"22:19.56",364,238
2,288,"CHLOE LEE","Lead-Deadwood","A",412.825812522239,"24:56.05",204,398
2,289,"SEELEY VANOVERBEKE","Arlington","B",180.785352859071,"22:58.51",316,287
2,290,"JAESHAWNIA IRON HAWK","Dupree","B",140.783401406724,"22:31.11",344,260
2,291,"LEXI WILKINS","Custer","A",173.438051202188,"22:52.76",323,281
2,292,"CLAIRE MCCALLUM","Harrisburg","AA",10.5250528624038,"21:05.39",447,158
2,293,"ESTHER BURKHALTER","Bison","B",378.761575362437,"24:49.86",214,391
2,294,"KINSLEY DVORACEK","Bon Homme","A",259.652513659041,"23:36.50",270,336
2,295,"AVA GATZKE","Sioux Valley","A",9.14979457560272,"21:02.18",452,156
2,296,"HALLEY MILLER","Arlington","B",356.836945055134,"24:40.26",223,385
2,297,"KAITLYN DASCHEL","Dakota Valley","A",231.885344871631,"23:30.11",284,327
2,298,"JOSLIN BORDEAUX","St. Francis Indian","A",821.481886478352,"28:02.87",136,476
2,299,"KENNADEE WAGNER","Warner","B",136.45184342512,"22:35.54",347,266
2,300,"SHERIDAN MADDEN","Rapid City Central","AA",79.3975108648714,"22:14.10",383,231
2,301,"ALEAH GRAHAM","West Central","A",227.853242103838,"23:31.53",286,329
2,302,"M'KENZIE LAROCHE","Lower Brule","B",622.593282962083,"27:03.90",166,453
2,303,"ZAYDA TOWNSEND","Milbank","A",199.799522155359,"23:20.16",306,314
2,304,"ADELIA GROHER","SF Lincoln","AA",392.414360671298,"25:22.82",211,409
2,305,"KYLIE GOSCH","SF Roosevelt","AA",2.13740972414875,"20:59.68",473,151
2,306,"CAROLINE WIESE","Brandon Valley","AA",10.768043500328,"21:22.98",446,178
2,307,"LIZ VOGEL","Dell Rapids","A",160.834102473034,"23:02.22",330,294
2,308,"ADDISYN HEINRICH","Warner","B",193.227205747355,NA,312,NA
2,309,"KAHLEN PETERSON","Yankton","AA",49.7115523590696,"21:52.61",410,215
2,310,"MADDIE NEBELSICK","Ethan/Parkston","A",370.56857239277,"25:18.57",218,408
2,311,"ABIGAIL EISENBRAUN","Rapid City Stevens","AA",62.5615987612144,"22:20.70",393,240
2,312,"SOPHIA HATLELI","Spearfish","AA",8.83098308265421,"21:24.62",454,181
2,313,"LUCY CARLSON","Lennox","A",7.38183434059205,"21:23.74",457,179
2,314,"JEWEL BORDEAUX","St. Francis Indian","A",670.282875880874,"28:26.38",157,479
2,315,"MONICA GIAGO","Mahpiya Luta","A",744.22227108594,"29:23.83",146,490
2,316,"APRIL SKLUZAK","Kimball/White Lake","B",11.8943915392221,"21:28.08",445,192
2,317,"MARLEE HAYES","McIntosh","B",174.824614723797,NA,319,NA
2,318,"JAYCIE RUSH","Dakota Valley","A",189.908448397151,"23:27.91",313,326
2,319,"CARSON ERNSTER","SF Lincoln","AA",361.496865588106,"25:45.00",219,420
2,320,"MAGGIE DOWLING","Jones County","B",661.76188021084,"28:44.90",158,481
2,321,"JIMENA ARAIZA","Deuel","A",195.803262279749,"23:31.78",310,330
2,322,"EMERY WAGNER","Harrisburg","AA",58.1888047921942,"22:23.90",398,244
2,323,"KANYN PADDEN","Harding County","B",345.396424728507,"25:42.38",226,418
2,324,"LILLIE BODEN","Beresford","A",189.783705241306,"23:32.93",314,332
2,325,"GRACE ROTH","North Central","B",143.649963864628,"23:10.00",342,305
2,326,"SOFIA HANSON","Elk Point-Jefferson","A",258.729989602168,"24:27.85",271,377
2,327,"BERGEN BUMANN","SF Washington","AA",3.93189740383926,"21:26.21",463,186
2,328,"JAY RIOS","Douglas","AA",273.074875689378,"24:41.76",263,387
2,329,"ISABELA TORBERSON","Belle Fourche","A",5.09675395063911,"21:27.03",460,191
2,330,"ELISE JOHNSON","O'Gorman","AA",54.096886223173,"22:26.50",402,249
2,331,"AUBREY GUY","Sisseton","A",342.036415272222,"25:45.53",230,421
2,332,"LUCY VARGAS","St. Mary's","B",211.141703392172,"23:54.97",298,354
2,333,"JORDYN RED WING","Mahpiya Luta","A",623.132605597508,"29:12.49",165,489
2,334,"MIKAELA MALSOM","North Central","B",132.238821254621,"23:10.00",350,305
2,335,"PHOENIX RED ELK","Little Wound","A",678.57115291782,"33:19.38",155,500
2,336,"BRYNN CLEMENTSON","SF Lincoln","AA",332.690084111553,"25:46.85",233,423
2,337,"ADDISON MUTH","Yankton","AA",9.8405288260199,"21:46.64",450,209
2,338,"ALEXIS ROESLER","Wessington Springs","B",79.2560497957524,"22:49.42",384,275
2,339,"ALLISON LOEWE","Lennox","A",12.482287582582,"21:53.44",444,216
2,340,"FAITH PEKRON","Parker/Marion","A",343.612556009445,"26:09.93",227,433
2,341,"TRINITY HOURIGAN","Spearfish","AA",8.89778757945676,"21:46.67",453,210
2,342,"EMMA SHELDON","Rapid City Stevens","AA",47.1208896936179,"22:27.40",411,252
2,343,"CALISTA SAHR","Madison","A",229.142126809133,"24:28.62",285,378
2,344,"IZABELL CEROLL","Sisseton","A",310.335143291672,"25:49.62",238,425
2,345,"MYA FLEMMING","Wolsey-Wessington","B",182.862997819155,"23:50.38",315,349
2,346,"LILLIE SCHMIT","Sioux Valley","A",2.49839558675473,"21:31.80",472,194
2,347,"LAURA NEMEC","Mitchell Christian","B",3.72234038619937,"21:41.02",464,203
2,348,"DANNICA SHEETS","Aberdeen Central","AA",282.713127986819,"25:35.00",253,414
2,349,"ABIGAIL ENGEL","Gregory","B",1.46330517476516,"21:26.53",481,187
2,350,"WHITLEY BALOUN","Highmore-Harrold","B",170.842462873682,"23:44.00",324,344
2,351,"SADIE MUELLER","Ethan/Parkston","A",41.6122222632325,"22:27.10",419,250
2,352,"JAIDYNN GIEDD","De Smet","B",410.260965338613,"27:26.59",205,465
2,353,"MADELINE CARCAMO","Rapid City Stevens","AA",5.54926732380749,"21:49.90",459,212
2,354,"KEIRA THORP","Custer","A",288.336025411816,"25:47.89",248,424
2,355,"JAYDA WESTLING","Rapid City Central","AA",43.7510178512578,"22:28.40",418,255
2,356,"NORA SHEPARDSON","Ethan/Parkston","A",45.4543722201118,"22:29.70",415,258
2,357,"AVERY BIRKEL","Gregory","B",307.472922146978,"26:05.08",241,432
2,358,"TAYTUM BANKS","Crazy Horse","B",563.113230370413,"33:54.26",172,501
2,359,"AVERI GERFEN","Mitchell","AA",7.72657761786781,"21:57.31",456,220
2,360,"ANNIKA OLSON","Lead-Deadwood","A",281.947377397122,"25:45.72",254,422
2,361,"AMY HENDERSON","Mitchell Christian","B",2.99490184869157,"21:49.53",467,211
2,362,"ELSA SCHIFERL","Aberdeen Central","AA",87.464594134329,"23:06.85",378,301
2,363,"MALYSSA FOUR HORNS","St. Francis Indian","A",463.517660823458,"29:11.74",192,488
2,364,"KATIE SPATZ","Sisseton","A",280.948907470997,"25:49.96",256,426
2,365,"GABBY DEVRIES","SF Washington","AA",1.61615342369329,"21:42.40",478,206
2,366,"LILY SWANSON","Huron","AA",174.401649080533,"24:13.00",320,364
2,367,"LILYANNA WRIGHT","SF Washington","AA",305.860238618686,"26:31.49",243,441
2,368,"JORJA WEBER","McCook Central/Montrose","A",144.182139950801,"23:45.56",341,346
2,369,"HALEY CAHOY","Aberdeen Central","AA",258.382130300188,"25:39.00",272,415
2,370,"HADLEY WALKER","Hill City","A",28.3122205832003,"22:32.40",428,261
2,371,"MOLLY ENGEBRETSON","Madison","A",154.836295387241,"24:02.17",333,358
2,372,"MASYNN MEBIUS","Wessington Springs","B",53.1283205416165,"23:00.18",404,289
2,373,"HANNAH DELINE","Mitchell Christian","B",2.61659429079346,"22:01.55",469,225
2,374,"ELIZABETH BOSCHEE","Sanborn Central/Woonsocket","B",158.572893099486,"24:13.17",331,365
2,375,"KENDRA THORP","Custer","A",262.027879878458,"26:04.65",268,431
2,376,"KATIE BRETSCH","Frederick Area","B",213.781896796312,"25:15.11",295,406
2,377,"MACIE DEAN","Ethan/Parkston","A",26.0423382065409,"22:46.70",430,272
2,378,"HAILEY WOODWARD","Custer","A",1.5828057388829,"22:08.06",479,228
2,379,"LIANA WISE","Brandon Valley","AA",0.584594654879882,"21:55.92",490,218
2,380,"EMMA REIHE","Watertown","AA",235.777449562254,"25:53.00",281,427
2,381,"RUE KNUDSON","Mobridge-Pollock","A",73.5449786955764,"23:22.63",388,321
2,382,"PRESLEY HOUSKA","Chamberlain","A",21.968094566491,"22:51.78",433,279
2,383,"MIA RIIBE","Dakota Valley","A",129.675990049751,"24:03.28",352,360
2,384,"EMMA SCOTT","Lead-Deadwood","A",243.704343978851,"26:24.21",275,438
2,385,"CAROLINE HUBER","SF Lincoln","AA",280.881652464827,"27:10.65",257,456
2,386,"BERKLEE MILLS","Platte-Geddes","A",22.7802015492034,"22:52.80",432,282
2,387,"SADIE CARLSON","Gregory","B",312.445478892588,"28:53.28",236,482
2,388,"LENLEE MILLS","Platte-Geddes","A",1.17342879714658,"22:18.84",483,236
2,389,"CORDELIA ADAMS","Canton","A",264.277171910039,"27:09.03",266,455
2,390,"TESSA HINMAN","Sunshine Bible Academy","B",69.2049804817733,"23:33.66",389,333
2,391,"ALAINA ALBRECHT","De Smet","B",195.838549322132,"25:41.09",309,417
2,392,"KATE BLAIR","Belle Fourche","A",0.632701576723893,"22:19.83",488,239
2,393,"SILVANA HOUSKA","Chamberlain","A",16.869921975049,"23:01.00",439,290
2,394,"JAYLYNN KNOX","Highmore-Harrold","B",86.6275310783766,"23:51.00",380,350
2,395,"REBECCA HAICH","Irene-Wakonda","B",226.365252809584,"26:36.30",287,445
2,396,"REGINA MEDINA","Mount Vernon/Plankinton","A",256.15131339537,"27:15.15",274,458
2,397,"SAMANTHA MONEKE","SF Lincoln","AA",257.636274329806,"27:18.09",273,459
2,398,"TAYLOR BOEHNKE","Tea Area","AA",50.2771109930007,"23:23.51",408,325
2,399,"NORAH GONSOR","Aberdeen Roncalli","A",203.121387447493,"26:00.00",304,429
2,400,"ANNIAH RUSSELL","Herreid/Selby Area","B",62.2446415891168,"23:40.00",394,341
2,401,"EMMY CHRISTENSEN","Ethan/Parkston","A",16.1637766948861,"23:05.20",440,296
2,402,"QUINN HURD","Miller","A",78.3194934533894,"23:51.00",386,350
2,403,"EMERSON BUCHHOLZ","Rapid City Stevens","AA",14.199024449509,"23:05.30",442,297
2,404,"NIKA FURNEY","Scotland","B",215.55163687916,"26:37.34",294,446
2,405,"BROOKE THAYER-BURKE","Hill City","A",13.0863664841187,"23:06.80",443,300
2,406,"AMELIA GIESE","Deuel","A",95.9673659785722,"24:24.84",369,375
2,407,"TARA ENGELSON","SF Lincoln","AA",236.013229877126,"27:24.76",280,464
2,408,"AUBRIE BRENDSEL","Brandon Valley","AA",0.273431588514575,"22:24.18",500,245
2,409,"SHARON ZHANG","Great Plains Lutheran","A",90.2269922981523,"24:22.20",374,372
2,410,"CALLIE BOURNE","Dakota Valley","A",98.2186326495332,"24:35.15",367,379
2,411,"ALIYAH PETERS","Hill City","A",1.71869994377153,"22:46.11",476,271
2,412,"BROOKLYN REINERS","Tea Area","AA",1.7972218731395,"22:48.34",474,273
2,413,"OHANNA SINCLAIR","Aberdeen Central","AA",26.9363618017872,"23:21.63",429,319
2,414,"ADA MADDOX","Great Plains Lutheran","A",86.9295693690282,"24:15.82",379,371
2,415,"MCKENZIE RANS","Belle Fourche","A",0.526562526828773,"22:30.77",492,259
2,416,"CLARA HERREID","Aberdeen Christian","B",63.1177527745537,"24:05.30",392,361
2,417,"MEREDITH DECKER","Tea Area","AA",0.608362809813574,"22:35.26",489,265
2,418,"CHARLEE BIERLE","Sturgis Brown","AA",2.60751130670228,"22:54.35",470,284
2,419,"KAELYN SMITH","Mount Vernon/Plankinton","A",1.69356665958524,"22:50.92",477,278
2,420,"MEREDITH LARSON","Baltic","A",0.834344277329807,"22:44.40",486,270
2,421,"MICHELLE HAS HORNS","McLaughlin","B",211.246597378287,"27:18.30",297,460
2,422,"ROYALE GHOST","Little Wound","A",281.775439344022,"34:40.19",255,502
2,423,"SAVANNAH HADORN","Rapid City Central","AA",9.43199884225749,"23:12.10",451,309
2,424,"KENZI RED OWL","Little Wound","A",277.88200866411,"35:23.69",259,503
2,425,"ELLA KOLOUSEK","Wessington Springs","B",50.4265013032874,"24:00.01",407,356
2,426,"JOANNA GUMS","Deuel","A",111.266077087441,"25:15.42",358,407
2,427,"NEVAEH REITZ","Clark/Willow Lake","A",132.512647913279,"25:39.66",349,416
2,428,"AUBREY HADORN","Rapid City Central","AA",8.66437243912791,"23:14.30",455,311
2,429,"LAINEY GOERTZ","Sanborn Central/Woonsocket","B",35.8436805139774,"23:43.33",424,342
2,430,"EVELYN GARCIA","Custer","A",121.744423222844,"25:29.16",355,413
2,431,"SAMANTHA TROXELL","Madison","A",79.1729617544266,"24:39.55",385,384
2,432,"TAYLOR ZEISLER","Burke","B",91.1889011668809,"24:55.19",373,396
2,433,"ANASTASIA KIEFFER","SF Washington","AA",215.90839918389,"28:11.99",293,478
2,434,"PAIGE MENTELE","Howard","B",101.782793425623,"25:26.49",363,411
2,435,"LILLY FLOOD","Aberdeen Central","AA",149.516577779999,"26:31.00",337,440
2,436,"WILLOW ISBURG","Chamberlain","A",3.63293814520758,"23:18.59",466,312
2,437,"BAILEY NOLD","Aberdeen Roncalli","A",58.493267773593,"24:35.82",397,381
2,438,"KASSANDRA ABBAS","Platte-Geddes","A",141.56377165703,"26:16.38",343,435
2,439,"MYLI WEISCHEDEL","Sully Buttes","B",28.971186748586,"23:54.00",427,353
2,440,"JORJA NELSEN","Florence/Henry","A",88.3510549802192,"25:04.91",377,403
2,441,"OLIVIA BOYLE","Corsica-Stickney","B",170.574428798657,"27:04.34",326,454
2,442,"ADDISON NYDAM","Mitchell Christian","B",0.448174146313872,"22:59.49",496,288
2,443,"RACHEL STEFFENSEN","Arlington","B",0.479521737522472,"23:01.18",494,292
2,444,"JAYDE BAIRD","SF Jefferson","AA",197.224018485284,"29:03.00",307,485
2,445,"PHOEBE BENTLEY-BUSCHUR","Hill City","A",0.574981486745744,"23:08.55",491,303
2,446,"KATHERINE O'NEAL","Rapid City Christian","A",46.7717100730693,"24:35.96",412,382
2,447,"HAILEY LAHR","Flandreau","A",152.649243745376,"27:20.17",334,461
2,448,"KASHLEY GOEBEL","Arlington","B",106.691130727895,"26:21.44",361,437
2,449,"BAILEY MINES","Yankton","AA",0.412450973434846,"23:07.82",497,302
2,450,"VANESSA GUTIERREZ","Little Wound","A",211.606793532133,"36:32.25",296,504
2,451,"MAYCIE KNUTSON","SF Lincoln","AA",179.868304858579,"29:11.45",317,487
2,452,"ABBY DOSE","Canton","A",18.1557549683433,"24:15.17",437,368
2,453,"KAT MCMAHON","Lead-Deadwood","A",148.747198817257,"27:27.30",339,466
2,454,"PAYCEE LEE","Deuel","A",61.5779638043827,"25:25.55",396,410
2,455,"GABBIE EICHMANN","Canistota","B",2.90038923068536,"23:39.87",468,340
2,456,"KARA DOSE","Canton","A",19.0821044558204,"24:22.81",435,373
2,457,"LANDRIE HAHN","Colman-Egan","B",107.819211801242,"26:45.75",360,449
2,458,"NORA PESTER","Huron","AA",50.4644798833372,"25:10.92",406,404
2,459,"AMYA WARD","Sioux Valley","A",0.28754037005512,"23:19.17",498,313
2,460,"JAYLEA MILLER","Parker/Marion","A",65.601706903149,"25:54.50",391,428
2,461,"AMELIA LOBAN","Hamlin","A",38.1956188565063,"25:00.89",421,399
2,462,"BRYSTAL WALLMAN","Miller","A",43.7669379709887,"25:13.00",417,405
2,463,"RONA STREITZ","Flandreau","A",132.219732282007,"27:53.46",351,474
2,464,"BRYNN TOWNSEND","SF Lincoln","AA",163.755102548331,"31:20.98",329,496
2,465,"CADENCE GOOD SOLDIER","Little Wound","A",174.387553186988,"50:27.86",321,505
2,466,"DREAMER COURNOYER","Flandreau","A",57.652529321531,"26:03.56",399,430
2,467,"ADELAIDE KLEINSCHMIDT","Rapid City Stevens","AA",3.99686620646168,"24:15.80",462,370
2,468,"MYA WARNKE","Gregory","B",91.4669111251159,"27:21.30",372,462
2,469,"EMERSON KURKIEREWICZ","SF Lincoln","AA",148.803549706962,"31:49.77",338,497
2,470,"BETHANY MAHAFFY","Newell","B",67.36735504328,"26:40.29",390,447
2,471,"MAKENNA PRYOR","Mount Vernon/Plankinton","A",106.542269705327,"27:57.56",362,475
2,472,"TAYA WETTLAUFER","Howard","B",0.483642467030549,"23:44.68",493,345
2,473,"KAYLA HARRIS","Rapid City Stevens","AA",3.65265819794464,"24:23.40",465,374
2,474,"DARABY BOERSMA","Sunshine Bible Academy","B",17.8335432730793,"25:02.00",438,401
2,475,"ISABEL KULM","Flandreau","A",120.375047931744,"28:56.47",356,483
2,476,"DANIKA FLUTH","Tri-Valley","A",109.384282685802,"29:07.93",359,486
2,477,"SIENNA DEKAM","SF Lincoln","AA",134.937764393359,"31:55.56",348,498
2,478,"ALEXIS (LUCY) DALEY","Mitchell","AA",0.0880448573149507,"23:43.67",504,343
2,479,"LILY SCHLUETER","Tri-Valley","A",50.0641692361247,"26:28.98",409,439
2,480,"KEONDRA WILSON","SF Lincoln","AA",122.086548736848,"33:13.44",354,499
2,481,"ALLISON LEBER","Canistota","B",0.939033605716789,"24:15.55",485,369
2,482,"ANNIE BOURNE","Dakota Valley","A",46.6518860742201,"26:32.23",413,443
2,483,"ANNA ALVEY","Tri-Valley","A",99.1916563446247,"29:35.63",366,492
2,484,"SOPHIA SHUDAK","Yankton","AA",0.0912490564739364,"24:01.02",503,357
2,485,"OLIVIA SCHULTZ","Freeman","B",1.0974186126804,"24:26.76",484,376
2,486,"DULCIE VEURINK","Platte-Geddes","A",1.77449077502094,"24:43.31",475,388
2,487,"KAIDENCE RUDE","Tri-Valley","A",89.744831930851,"29:35.73",375,493
2,488,"MACEY WIGG","SF Jefferson","AA",2.5048112022426,"25:01.50",471,400
2,489,"ALEXA NANNINGA","Freeman","B",0.663677394679167,"24:49.50",487,390
2,490,"ADDISON KROGSTAD","Corsica-Stickney","B",81.7590232306668,"31:18.21",382,495
2,491,"GENTRIE BLASIUS","Kimball/White Lake","B",0.0834784728580407,"24:35.45",505,380
2,492,"ALEXIS MOORE","Kimball/White Lake","B",0.183862393629406,"24:46.77",501,389
2,493,"KENDALL CLAYTON","Brandon Valley","AA",0.0196318408798069,"24:37.21",508,383
2,494,"CLAIRE VOGEL","McCook Central/Montrose","A",10.3364500004233,"26:32.23",448,443
2,495,"PAYTON LOGAN","Gayville-Volin","B",33.3827238359366,"27:32.26",426,468
2,496,"CHESNIE GISSELBECK","Castlewood","B",37.9536840196986,"27:46.15",422,472
2,497,"DAKOTA OBERG","Chester","B",56.4202232818775,"31:15.62",400,494
2,498,"TYLER GIBSON","Tri-Valley","A",0.468278710514058,"25:03.06",495,402
2,499,"DEVRAH MEYER","Madison","A",9.97482331255784,"27:01.37",449,452
2,500,"ALLIE GORTMAKER","Miller","A",0.00582166542839372,"24:50.39",510,393
2,501,"REMI HUBSCH","Webster Area","A",18.2995838061093,"28:57.58",436,484
2,502,"CLAIRE ROWLEY","McCook Central/Montrose","A",4.69797930587597,"27:24.07",461,463
2,503,"GRACIE KRAMER","Tea Area","AA",1.58268679575264,"26:43.60",480,448
2,504,"AUBREY POWERS","Deuel","A",6.62637943509709,"27:49.90",458,473
2,505,"ALIZA ADDY","Canistota","B",0.0531140693483763,"26:31.78",506,442
2,506,"MARIA ADDY","Canistota","B",0.15316228134664,"26:48.76",502,450
2,507,"RILEY RAYSOR","Spearfish","AA",1.22613165590464,"27:45.90",482,471
2,508,"SAIGE LESSMAN","Parker/Marion","A",0.0203956435442242,"27:29.03",507,467
2,509,"KALA MAXON","Platte-Geddes","A",0.273564075255324,"28:35.90",499,480
2,510,"LILY ANDERSON","Parker/Marion","A",0.0119375930234357,"29:30.47",509,491
3,1,"BRIANNA REILLY","Harrisburg","AA",22030.7147244826,"16:31.78",1,1
3,2,"ELLIE MADDOX","SF Christian","A",21177.6766379005,"16:33.95",2,2
3,3,"HANNAH GENRICH","Harrisburg","AA",17303.035245745,"16:44.72",3,3
3,4,"SADIE PETTENGILL","SF Christian","A",16040.2358845735,"17:18.59",4,5
3,5,"FAITH WIESE","Flandreau","A",11949.3591395598,"17:08.39",8,4
3,6,"JERICA GLASSER","SF Christian","A",12302.8078082594,"18:00.59",6,8
3,7,"ALEX MCCULLOUGH","Dakota Valley","A",10552.8748085188,"17:33.79",9,6
3,8,"JAYCIE BABB","Tea Area","AA",12148.1182701502,"18:11.53",7,10
3,9,"MIA KADI","SF Lincoln","AA",8819.66414212822,"18:07.43",12,9
3,10,"PEYTON VANDEEST","Spearfish","AA",7261.49719645294,"17:53.06",16,7
3,11,"EMERY LARSON","Pierre T.F. Riggs","AA",8913.77629436675,"18:27.24",11,14
3,12,"AUTUMN GILHOOLY","Harrisburg","AA",6861.50096323179,"18:15.71",18,12
3,13,"EMILY CURRAN","Brandon Valley","AA",7380.41552652988,"18:29.84",15,16
3,14,"ADDISON SCHOLTEN","Brandon Valley","AA",7185.25818800115,"18:27.78",17,15
3,15,"BROOKLYN SUNDERMANN","West Central","A",7603.87739036168,"18:33.96",14,18
3,16,"ELLA BOEKELHEIDE","Northwestern","B",7749.38475188088,"18:36.89",13,20
3,17,"GRACE PHILLIPS","Chamberlain","A",12322.5337459451,"18:48.43",5,28
3,18,"ADIE MCVEY","Lennox","A",5304.10736491897,"18:22.30",23,13
3,19,"KORI KEIL","Spearfish","AA",9021.47026445576,"18:47.70",10,27
3,20,"NATALIE SMITH","SF Christian","A",4358.6408673071,"18:14.63",30,11
3,21,"EMMA TIDEMANN","Brandon Valley","AA",4553.29642745185,"18:31.43",27,17
3,22,"ALLIE NOVSTRUP","Aberdeen Central","AA",5484.40359457744,"18:42.71",22,22
3,23,"BAILEY VANDERGRIEND","SF Christian","A",4805.54396902076,"18:39.80",26,21
3,24,"CALLIE RADIGAN","Vermillion","A",4498.02344482142,"18:34.89",29,19
3,25,"KIRA UBENCE","Douglas","AA",4980.11520729061,"18:46.32",24,24
3,26,"KADANCE HOLSO","Rapid City Stevens","AA",6312.46587446064,"18:49.40",20,29
3,27,"MAXINE ORDWAY","SF Christian","A",3364.86101538897,"18:43.01",38,23
3,28,"BELLA DITTMER","SF Roosevelt","AA",3344.53958471347,"18:47.12",40,26
3,29,"KAMRYN NESHEIM","Clark/Willow Lake","A",6407.77633184056,"19:23.09",19,50
3,30,"BRYN BARKER","SF Christian","A",2848.64685694542,"18:46.52",46,25
3,31,"PEYTON BEATCH","Brandon Valley","AA",3289.28127719392,"18:49.55",41,30
3,32,"ISABELLA GALBRAITH","Ipswich","B",3570.74206447334,"19:06.00",35,38
3,33,"TARA BLACHFORD","Northwestern","B",4810.23281766949,"19:22.70",25,49
3,34,"SARAH JOHNSON","West Central","A",3362.7670927079,"19:06.81",39,39
3,35,"KALYNN OBAN","Ipswich","B",3437.32996124968,"19:12.00",37,43
3,36,"BRINNA SHELDON","Rapid City Stevens","AA",3802.29798333267,"19:19.86",33,47
3,37,"RORIE THORESON","Dell Rapids","A",5814.01332624233,"19:35.90",21,59
3,38,"FINLEY EVJEN","Canton","A",2786.08268457817,"18:59.69",49,33
3,39,"GWEN RICHTER","Pierre T.F. Riggs","AA",2663.1354650788,"18:51.18",51,32
3,40,"ADDISON CASSADY","Aberdeen Roncalli","A",4524.66533896802,"19:35.68",28,58
3,41,"RYELLE GILBERT","Groton Area","A",4084.96722699441,"19:30.29",32,55
3,42,"MARISSA BOUWMAN","SF Washington","AA",2209.9351838797,"18:50.89",59,31
3,43,"LILIAN RUDE","Brandon Valley","AA",2548.83818848104,"19:05.84",53,37
3,44,"EVELYN HURLEY","Rapid City Stevens","AA",4302.82964770581,"19:38.04",31,60
3,45,"JAYLA STILES","Ipswich","B",2840.54390068719,"19:21.00",47,48
3,46,"CALLA WIESE","Flandreau","A",2369.40135667659,"19:11.09",55,42
3,47,"EMMELINE MURRAY","SF Lincoln","AA",2078.77297783532,"19:02.78",64,36
3,48,"ALICE GUNDVALDSON","O'Gorman","AA",2363.97788090882,"19:13.14",56,44
3,49,"AUTUMN FALLIS","Highmore-Harrold","B",3571.44587247958,"19:47.81",34,72
3,50,"SIERRA SANDFORD","Spearfish","AA",2868.99957320706,"19:41.53",45,65
3,51,"KATE MCELROY","Watertown","AA",2152.63885049937,"19:26.36",62,52
3,52,"BRIELLE JENKINS","SF Lincoln","AA",1665.15425770185,"19:09.62",76,41
3,53,"JAYNA VANLAECKEN","Tea Area","AA",1584.67445588565,"19:08.75",82,40
3,54,"RHYS PEARSON","Belle Fourche","A",1745.61060452201,"19:32.91",72,56
3,55,"GRACE BIALAS","Tea Area","AA",1506.22752216964,"19:13.17",84,45
3,56,"LIA MUNDT","Belle Fourche","A",1734.72091568256,"19:33.26",73,57
3,57,"NORA OLSEN","Deubrook Area","B",1853.44435222679,"19:38.48",70,61
3,58,"JENNAY GISI","Ipswich","B",2083.96694395684,"19:49.00",63,73
3,59,"MADISYN GELLHAUS","Ipswich","B",1392.49650660037,"19:29.00",91,54
3,60,"KAILEY WINTER","Harrisburg","AA",1215.78111508246,"19:13.59",102,46
3,61,"AMARA USERA","St. Thomas More","A",2891.15241183691,"20:16.66",44,106
3,62,"TAYLOR HARRELSON","Rapid City Christian","A",3127.2906316799,"20:20.80",42,109
3,63,"ELLE HLAVAC","Scotland","B",3437.65392014264,"20:26.27",36,115
3,64,"LAURYN DONOVAN","Spearfish","AA",2518.01898239784,"20:12.42",54,98
3,65,"CHARLEE WILLIAMS-SMITH","Pierre T.F. Riggs","AA",1447.75377325567,"19:45.00",86,68
3,66,"CLAIRE GUTHMILLER","Bon Homme","A",3009.50384448678,"20:22.22",43,112
3,67,"AVA GEORGE","Irene-Wakonda","B",2723.15352561305,"20:21.84",50,111
3,68,"HANLEE SEYKORA","Harrisburg","AA",952.663016190974,"19:26.74",116,53
3,69,"LONDYN SCHROEDER","Mitchell","AA",803.422498768938,"19:02.75",135,35
3,70,"ELLA MERRIMAN","Beresford","A",1608.5768288912,"20:06.00",80,90
3,71,"HAILEY MOLLNER","SF Jefferson","AA",1022.15214601571,"19:41.35",113,64
3,72,"EMMERSON EPPARD","Chester","B",1412.64095584277,"20:07.55",88,91
3,73,"KELLA TRACY","Groton Area","A",1879.20311137464,"20:25.35",68,113
3,74,"KENDAL UTTECHT","Wolsey-Wessington","B",2066.74106344242,"20:27.10",65,119
3,75,"SHYLA TVEDT","Deuel","A",2033.99429702821,"20:29.17",66,121
3,76,"KYLEE JOHNSON","Deubrook Area","B",1467.08851324561,"20:16.16",85,103
3,77,"WHITLI ADAMS","Rapid City Stevens","AA",1715.86921349763,"20:25.96",75,114
3,78,"FAITH HEIL","Mobridge-Pollock","A",1866.75945577226,"20:29.97",69,122
3,79,"PIPER CURRAN","Belle Fourche","A",1400.62113666311,"20:21.58",89,110
3,80,"LUCY HAMER","Sturgis Brown","AA",1585.23610391428,"20:27.49",81,120
3,81,"EMMA BOCHEK","Clark/Willow Lake","A",1658.39533600806,"20:35.48",77,126
3,82,"CADENCE BOCHEK","Clark/Willow Lake","A",1433.2029651065,"20:26.60",87,117
3,83,"AUSTINA SORENSEN","Faulkton Area","B",2159.60400248832,"20:49.77",61,144
3,84,"ANNA SPANOS","SF Lincoln","AA",775.535788373607,"19:39.07",144,62
3,85,"ADELINE THOMPSON","SF Lincoln","AA",776.398708204804,"19:39.77",143,63
3,86,"AUBREY COOLEY","Brookings","AA",829.446849050255,"19:52.44",132,76
3,87,"MCKINLEY GLANVILLE","SF Lincoln","AA",2021.50269921875,"20:52.31",67,147
3,88,"OLIVIA ANDERSON","Watertown","AA",793.863615025186,"19:55.20",137,78
3,89,"ALLI MCCORD","Kimball/White Lake","B",755.05899153225,"19:50.57",145,74
3,90,"TAYLOR MCCOMSEY","Aberdeen Roncalli","A",1837.65014268165,"20:53.79",71,148
3,91,"CLARA PEDERSON","SF Lutheran","B",654.348883424711,"19:41.80",157,66
3,92,"ELEANOR ANDERSON","Vermillion","A",1125.56577713465,"20:26.43",108,116
3,93,"ANNALISA STAKE","Centerville","B",2175.1810731986,"21:06.98",60,166
3,94,"SIERRA KELLER","Florence/Henry","A",2806.55690749511,"21:14.43",48,179
3,95,"KAELYN ULSCHMID","Arlington","B",1032.77950411279,"20:31.09",112,123
3,96,"AUTUMN BAKER","Kimball/White Lake","B",414.942799511155,"19:00.93",206,34
3,97,"VIONA SIETSEMA","Rapid City Stevens","AA",1182.07086526581,"20:44.90",105,135
3,98,"ASHTYN KRIZ","Tri-State","A",1579.5790366344,"20:59.90",83,157
3,99,"KATELYN WIRTH","Warner","B",2600.6992582153,"21:24.00",52,189
3,100,"LIA TIANGCO","O'Gorman","AA",458.330343597981,"19:23.72",194,51
3,101,"MAISIE MOGARD","Brookings","AA",617.943545887165,"19:58.52",162,84
3,102,"BELLA LINN","Spearfish","AA",1217.55937104858,"20:57.36",101,153
3,103,"JENTRY HUBNER","Herreid/Selby Area","B",1323.25718072619,"21:01.59",95,160
3,104,"AVERY WUESTEWALD","Yankton","AA",1208.87584176883,"20:58.30",103,154
3,105,"HAZEL KANNEGIETER","Aberdeen Roncalli","A",1640.76180208854,"21:16.66",79,180
3,106,"HADLEY TEMPLE","Rapid City Central","AA",912.624220568016,"20:49.70",119,143
3,107,"TYLEE TETRAULT","Spearfish","AA",969.83299815611,"20:55.18",115,150
3,108,"EMMA CAULFIELD","Florence/Henry","A",2336.59706154798,"21:35.04",57,208
3,109,"ABIGAIL ENGELLAND","Mount Vernon/Plankinton","A",574.613887216283,"20:14.18",167,100
3,110,"GRACEN GIEGLING","Harrisburg","AA",456.08680771359,"19:54.79",196,77
3,111,"CLAIRE MCDONALD","Chester","B",1372.72574928715,"21:17.50",92,182
3,112,"PAIGE SCHWEITZER","O'Gorman","AA",856.261071342468,"20:54.90",126,149
3,113,"JOLIE WESTRUM","Gayville-Volin","B",1732.81998725754,"21:28.62",74,202
3,114,"EVELYN DEGEEST","Tea Area","AA",560.555490564498,"20:16.42",173,104
3,115,"JENNIFER BEVERS","Clark/Willow Lake","A",1202.99551888532,"21:10.32",104,174
3,116,"EVELYN PRAHL","Great Plains Lutheran","A",1312.63982604813,"21:19.85",96,184
3,117,"RUBY BOUWMAN","SF Lincoln","AA",402.472869330734,"19:50.78",208,75
3,118,"BREANA ASKE","Jones County","B",2263.01559941689,"21:55.34",58,228
3,119,"JAYCEE STEVENS","Gettysburg","B",725.301888155974,"20:48.90",151,142
3,120,"LARISSA RENEMANS","Pierre T.F. Riggs","AA",742.666063375821,"20:52.25",147,146
3,121,"EVELYN SHEARER","Herreid/Selby Area","B",977.206977918962,"21:17.00",114,181
3,122,"LAYLA DRIELING","Belle Fourche","A",610.590086716109,"20:44.63",163,134
3,123,"NORA YOUMANS","Yankton","AA",878.138453862183,"21:11.59",123,177
3,124,"SADEY HOLT","Baltic","A",586.335894655347,"20:45.98",165,137
3,125,"ISABELLA HENDERSON","Ipswich","B",714.985773224793,NA,152,NA
3,126,"LILY BAKER","Kimball/White Lake","B",342.818436027493,"19:43.94",239,67
3,127,"SADIE WUEBBEN","West Central","A",672.476758125715,"20:58.54",155,155
3,128,"ELAINA ROUNDS","Pierre T.F. Riggs","AA",379.647095893546,"20:12.02",215,97
3,129,"RILYN JACKSON","Yankton","AA",351.417060524812,"19:55.60",235,79
3,130,"AURORA EVANS","Douglas","AA",355.206337082995,"19:58.11",234,83
3,131,"KILEY WESTBERRY","Flandreau","A",498.260651904105,"20:48.16",180,141
3,132,"KAMORA RUTHERFORD","Stanley County","A",743.575103630759,"21:11.48",146,176
3,133,"SARAH GILHOOLY","Harrisburg","AA",287.222887172298,"19:46.95",255,70
3,134,"ELLA KOPLIN","Milbank","A",358.078493462779,"20:09.15",232,93
3,135,"BIANCA BERRY","Milbank","A",422.295283346889,"20:34.36",203,124
3,136,"ABBY JOHANNESON","Yankton","AA",307.561537349148,"19:56.78",251,81
3,137,"KAYLIE KUEHL","Brookings","AA",495.1283005669,"20:56.60",182,151
3,138,"LUCY ROZEBOOM","West Central","A",312.802926536982,"20:01.97",249,86
3,139,"BRILEY GEBHART","Lemmon","B",1651.49886290836,"22:24.94",78,257
3,140,"KYLEIGH MILLER","Warner","B",508.384070429941,"21:00.85",177,159
3,141,"TAHCA ZEPHIER","Mahpiya Luta","A",1230.92135853652,"22:07.93",100,239
3,142,"EMILIE REEDY","Sturgis Brown","AA",803.680648667045,"21:31.92",134,206
3,143,"DEVYN VAN ROEKEL","Pierre T.F. Riggs","AA",273.246135954478,"19:56.34",262,80
3,144,"LILY WAGNER","SF Roosevelt","AA",277.40624781929,"19:57.24",260,82
3,145,"HAZEL HILLMAN","O'Gorman","AA",520.624449603234,"21:07.20",175,167
3,146,"LUCILLE AHART","Newell","B",888.674217701264,"21:50.62",121,223
3,147,"HAIVYN SCHUCHHARDT","Warner","B",383.191007268807,"20:43.22",214,132
3,148,"JORDAN CHESSMORE","Tripp-Delmont/Armour","B",1329.04642235887,"22:22.06",94,253
3,149,"MISTY DRIELING","Belle Fourche","A",373.516635445156,"20:36.72",223,127
3,150,"SURI SCHMIDT","Mount Vernon/Plankinton","A",573.781313883204,"21:18.20",168,183
3,151,"BRYNN ODENBACH","Lemmon","B",1352.1249089038,"22:28.29",93,264
3,152,"AVERY MARTINEZ","Jones County","B",1398.32491678366,"22:30.45",90,271
3,153,"CAMI WOLLES","St. Mary's","B",780.230828920525,"21:53.43",141,226
3,154,"AVERY QUAM","Madison","A",883.746560564959,"22:18.71",122,245
3,155,"RYLIE ROTHENBERGER","SF Washington","AA",273.979212587555,"20:19.83",261,108
3,156,"IZZY FISCHER","Rapid City Central","AA",423.7977685846,"21:09.10",202,171
3,157,"CHLOE BERG","Great Plains Lutheran","A",782.762518916798,"22:00.69",139,235
3,158,"ANDEE FRANDSEN","Hill City","A",223.843466120351,"20:09.97",281,94
3,159,"ZOE SCHAEFFER","Menno","B",649.764294465591,"21:43.42",158,217
3,160,"LYDIA ANDERSON","Vermillion","A",202.511255985751,"20:04.04",291,88
3,161,"JEWEL GANNON","Canton","A",317.065073886332,"20:44.31",247,133
3,162,"ADALYNN FISCHER","Rapid City Central","AA",396.80876909037,"21:09.60",209,172
3,163,"AVA SLETTEN","Canton","A",329.004935372387,"20:46.87",243,139
3,164,"MOLLY O'NEIL","Beresford","A",1138.33032226393,"22:32.55",107,275
3,165,"NINA GABRIEL","Harrisburg","AA",219.005618205769,"20:15.25",283,102
3,166,"MELANIE HERMAN","SF Lincoln","AA",919.864737482191,"22:28.77",118,267
3,167,"SASHA VAN DEN BOSCH","Chamberlain","A",533.36269175246,"21:40.56",174,212
3,168,"IRIS ZYLSTRA","Sturgis Brown","AA",688.340835838811,"22:04.19",154,238
3,169,"HARPER KLINE","Aberdeen Roncalli","A",370.034505872021,"21:08.76",226,169
3,170,"BEATRIZ HERNANDEZ-LUCAS","Vermillion","A",836.338580727337,"22:28.65",129,266
3,171,"LEAH YERDON","SF Lincoln","AA",854.01078468517,"22:28.82",127,268
3,172,"AMYA PRUE","White River","B",1283.28367094447,"22:51.50",97,299
3,173,"LILY MEYER","Huron","AA",388.62060805394,"21:23.54",212,187
3,174,"MONICA MORAN","St. Thomas More","A",477.788086665653,"21:41.12",187,213
3,175,"ADALYN FIEGEN","St. Mary's","B",726.224823192165,"22:21.04",150,252
3,176,"KHLOE SMITH","Tri-State","A",738.490425170651,"22:24.26",148,256
3,177,"JOHANNA VANDERSNICK","Clark/Willow Lake","A",495.847239520062,"21:52.20",181,224
3,178,"HANNAH DAVELAAR","SF Christian","A",155.375834210864,"20:04.57",319,89
3,179,"RAEGAN VERHULST","Harding County","B",1180.15615442689,"22:55.91",106,304
3,180,"ISABEL GURNEY","Yankton","AA",415.088962788838,NA,205,NA
3,181,"TRINITY HOURIGAN","Spearfish","AA",460.208130452469,"21:46.67",193,220
3,182,"MYKELTI OLSON","James Valley Christian","B",492.139803980969,"21:56.98",183,231
3,183,"JAEL BURKHALTER","Bison","B",1251.27833726655,"23:02.01",99,315
3,184,"PAIGE DEUTER","St. Mary's","B",562.250455018703,"22:15.15",172,243
3,185,"RYAN TIBBETTS","SF Lincoln","AA",792.442565324147,"22:38.34",138,284
3,186,"DELANEY YOUMANS","Yankton","AA",169.048098708499,"20:26.89",307,118
3,187,"GRACYN KADLEC","Ipswich","B",151.063353936754,"20:12.74",327,99
3,188,"MADDY CAMPBELL","Spearfish","AA",369.972376265695,"21:27.01",227,199
3,189,"CHEL ODENBACH","Lemmon","B",836.328176874685,"22:50.33",130,296
3,190,"KAYLOR NEKL","SF Lincoln","AA",136.52542269179,"20:08.83",338,92
3,191,"ASPEN VENEKLASEN","Hill City","A",260.366803992466,"21:06.21",267,164
3,192,"REAGAN OSTRANSKY","SF Lincoln","AA",137.607933469032,"20:10.63",337,95
3,193,"ISABELLE LEE","Colman-Egan","B",439.36454506057,"22:00.50",198,234
3,194,"ISABELLA OBERLOH","St. Thomas More","A",487.512174761623,"22:19.53",185,247
3,195,"HANNAH SONSTEBO","Webster Area","A",425.072160191677,"22:01.23",201,237
3,196,"PHOENIX RED OWL","Little Wound","A",377.353602535308,NA,219,NA
3,197,"KALLA PADDEN","Harding County","B",1088.29202572487,"23:10.35",110,329
3,198,"HADLEIGH HOGGARTH","Frederick Area","B",602.674049675076,"22:32.77",164,276
3,199,"ANDIE AUGHENBAUGH","Sanborn Central/Woonsocket","B",388.352600851141,"21:55.34",213,228
3,200,"AUBREE MORRISON","Lead-Deadwood","A",832.642946316024,"23:00.43",131,310
3,201,"MONROE MILLER","SF Lincoln","AA",734.896140937512,"22:49.82",149,295
3,202,"ISABELA TORBERSON","Belle Fourche","A",313.2061651488,"21:27.03",248,200
3,203,"MADYN LACEY","Dell Rapids","A",573.044765865009,"22:37.25",169,283
3,204,"ISABEL OVERBY","Brookings","AA",117.452624149978,"20:14.54",352,101
3,205,"GRACIE BANKS","Mahpiya Luta","A",923.710248128033,"23:18.69",117,336
3,206,"ALEXSIS RED BIRD","Todd County","A",1082.68574001513,"23:22.41",111,345
3,207,"ANNIKA BOCKHOLT","Harrisburg","AA",94.465791406284,"19:59.08",373,85
3,208,"ALEXA STONE","Belle Fourche","A",266.409821093762,"21:26.68",264,198
3,209,"CAMDEN PETERSON","Harding County","B",868.059121512336,"23:20.75",124,340
3,210,"AMIA WARD","Sioux Valley","A",88.4379473833228,"20:03.60",380,87
3,211,"SHELLY LARVIE","St. Francis Indian","A",802.336202191022,"23:15.33",136,334
3,212,"KAMILLE SCHMIDT","Lennox","A",129.533652321424,"20:34.62",346,125
3,213,"KINSLEY DVORACEK","Bon Homme","A",461.88788431978,"22:40.11",191,286
3,214,"PAIGE AHLEMEIER","Gettysburg","B",210.580287729267,"21:25.08",286,192
3,215,"LOU SCHLADWEILER","Madison","A",359.213186420229,"22:20.98",230,251
3,216,"MAGGIE MILLER","SF Lincoln","AA",630.890412698733,"23:06.61",160,321
3,217,"HADASAH OLSON","James Valley Christian","B",226.752965294295,"21:30.38",280,204
3,218,"TALYA VINCENT","Sioux Valley","A",53.6053509957869,"19:47.42",418,71
3,219,"SOPHIA HATLELI","Spearfish","AA",194.409246007872,"21:24.62",299,190
3,220,"AVA SCHINDLER","Chamberlain","A",196.510912666514,"21:25.60",296,193
3,221,"ASHLYNN WELLMAN","Rapid City Stevens","AA",206.933209562705,"21:30.08",287,203
3,222,"DANIELLA VAN ZEE","SF Roosevelt","AA",75.7241602539716,"20:10.90",398,96
3,223,"ELLA GREENE","Dakota Valley","A",393.149915801712,"22:39.72",210,285
3,224,"ABIGAIL ENGEL","Gregory","B",192.710256464347,"21:26.53",301,196
3,225,"PRIA MARTINELL","Tri-Valley","A",206.921794509333,"21:35.91",288,209
3,226,"AUBREY BORNS","West Central","A",132.435458583583,"21:00.81",342,158
3,227,"JOSIE VLIEGER","Huron","AA",139.06651872979,"21:07.77",334,168
3,228,"TAYA STONE","Wagner","A",780.889435656866,"23:44.42",140,366
3,229,"MIRIAM MEYER","Madison","A",629.820935024283,"23:22.65",161,347
3,230,"GRACE PRESZLER","Aberdeen Central","AA",65.7548357386069,"20:16.54",406,105
3,231,"EVIE NOVSTRUP","Aberdeen Central","AA",137.626240549454,"21:11.22",336,175
3,232,"LOGAN CASTLE","Tea Area","AA",98.4470659239028,"20:50.35",367,145
3,233,"KHLOE COCHRAN","Aberdeen Central","AA",106.803304268399,"20:56.63",361,152
3,234,"ADRIENNE WHITE LANCE","St. Francis Indian","A",894.925998346502,"24:19.20",120,393
3,235,"HAILEY TIAHRT","Baltic","A",242.881470548393,"22:16.53",272,244
3,236,"CHARLOTTE QUALM","Platte-Geddes","A",1106.21823902184,"24:40.68",109,408
3,237,"LACEY EASTON","Hanson","A",326.613496090564,"22:32.78",245,277
3,238,"AFFINITY IRON HAWK","Dupree","B",377.537580354105,"22:57.83",218,305
3,239,"ELLA FOX","Mount Vernon/Plankinton","A",778.731419187591,"24:06.10",142,384
3,240,"ALLISON BRENNER","Aberdeen Central","AA",81.8244106175305,"20:46.68",390,138
3,241,"JILLIAN SCHULTE","Parker/Marion","A",466.141838614853,"23:21.28",189,341
3,242,"KENNA WOLBERG","Warner","B",79.207495488605,"20:47.93",394,140
3,243,"LYNDSEY CHESSMORE","Tripp-Delmont/Armour","B",378.446347475577,"23:02.34",217,317
3,244,"MACI LICHT","Sioux Valley","A",25.1763256251559,"19:45.91",467,69
3,245,"SOPHIA JOHNSON","Lennox","A",44.3932077191155,"20:18.22",429,107
3,246,"MORAH SWARTZENDRUBER","Miller","A",517.262168449647,"23:39.00",176,360
3,247,"ALYVIA GEFFRE","Tri-State","A",499.329438609198,"23:35.51",178,359
3,248,"PEYTON HANSEN","Centerville","B",328.884658953865,"22:49.61",244,294
3,249,"ARIA PRASNICKI","Milbank","A",477.201228711412,"23:30.26",188,353
3,250,"JAELYN PETERS","Hill City","A",101.024318010279,"21:13.23",364,178
3,251,"RHYANN ROSELAND","Faulkton Area","B",198.881740627235,"22:25.20",292,258
3,252,"TANAEYA WANNA","Sisseton","A",486.73028879058,"23:48.09",186,369
3,253,"LILLY GERLACH","Watertown","AA",153.30205613356,"22:00.00",323,233
3,254,"SIRI KNUTSON","SF Washington","AA",45.9348666106721,"20:41.82",427,130
3,255,"ABBY HILLESON","Tea Area","AA",42.2947740149608,"20:39.13",434,128
3,256,"ELODIE WOOD","Warner","B",109.471657300703,"21:32.71",356,207
3,257,"MACY MUELLER","Milbank","A",80.8661968005794,"21:10.20",391,173
3,258,"HAILEY WOODWARD","Custer","A",152.426505568149,"22:08.06",325,240
3,259,"MOLLY NIX","Jones County","B",1263.5,"26:19.80",98,468
3,260,"ELLA BARTZ","SF Lincoln","AA",40.8869687533946,"20:40.80",438,129
3,261,"LAURA NEMEC","Mitchell Christian","B",73.8760542333989,"21:09.03",399,170
3,262,"KALLA FOERSTER","Brookings","AA",42.101478162662,"20:45.27",435,136
3,263,"BRENNA BOLTE","Parker/Marion","A",361.07503346199,"23:21.57",229,342
3,264,"BRYNNLY HUBER","Herreid/Selby Area","B",268.646417117828,"23:01.00",263,311
3,265,"MAISEY KNUDSON","Canton","A",694.846263460777,"24:57.31",153,422
3,266,"ALY GRUENWALD","Redfield","A",323.794344008432,"23:11.92",246,330
3,267,"TENLEY LEBRUN","Flandreau","A",86.4953166994454,"21:25.85",384,194
3,268,"JORDYN JOHNSON","Brookings","AA",33.0236583056521,"20:42.86",450,131
3,269,"SLOAN THOMPSON","Harding County","B",457.832510179297,"24:09.37",195,386
3,270,"JORJA WEBER","McCook Central/Montrose","A",185.001341431007,"22:33.85",303,279
3,271,"IVORY LABATTE","Sisseton","A",443.526094224286,"24:08.00",197,385
3,272,"ASHLYNN WARRINGTON","Groton Area","A",153.839083103343,"22:27.36",321,262
3,273,"OLIVIA SCHULTZ","Freeman","B",158.855852502477,"22:28.90",316,269
3,274,"SOFIA HANSON","Elk Point-Jefferson","A",195.074800564455,"22:42.38",298,287
3,275,"TENLY SLABA","Hanson","A",375.213442197303,"23:49.88",222,370
3,276,"ASPEN NIEWENHUIS","Andes Central/Dakota Christian","B",632.064719778249,"25:20.25",159,433
3,277,"GABRIELLE KENNY","Todd County","A",840.113302335512,"26:06.83",128,464
3,278,"ADDY WITTE","Dell Rapids","A",196.996747248644,"22:52.27",294,300
3,279,"MILA HEISINGER","Lead-Deadwood","A",349.493756948252,"23:34.48",236,358
3,280,"EMMA LINDAMAN","SF Lincoln","AA",499.301231619301,"24:50.20",179,415
3,281,"KELSEY SUNDERMANN","West Central","A",108.375217153782,"22:00.81",359,236
3,282,"NATALIE DREISKE","Lemmon","B",372.258403106709,"23:56.89",224,375
3,283,"ADDISYN HEINRICH","Warner","B",193.227205747355,NA,300,NA
3,284,"CARSON SEVERSON","Vermillion","A",574.794379625361,"25:27.03",166,438
3,285,"JAESHAWNIA IRON HAWK","Dupree","B",140.783401406724,"22:31.11",333,273
3,286,"MIKAYLA DENNIS","Custer","A",77.7286931885578,"21:40.20",397,211
3,287,"GRETA ODENBACH","Lemmon","B",342.410792837166,"23:46.75",240,368
3,288,"ANNALISE RITER","SF Lincoln","AA",461.160165315049,"24:52.37",192,418
3,289,"MARLEE HAYES","McIntosh","B",174.824614723797,NA,305,NA
3,290,"GABBY WERDEL","Miller","A",101.465849867426,"22:19.56",363,248
3,291,"ADISON ARMSTRONG","Rapid City Stevens","AA",34.0651856791446,"21:06.31",447,165
3,292,"LANDREE LAMONT","Bison","B",568.80009227646,"25:42.64",170,447
3,293,"HANNAH KOCH","Brandon Valley","AA",71.3930983887075,"21:42.97",402,216
3,294,"GRACE STEFFEN","Burke","B",236.907322261136,"23:21.99",275,344
3,295,"LUCY DEVRIES","SF Washington","AA",425.584952562174,"24:55.26",200,420
3,296,"ROSA AINSLIE","Bennett County","B",866.409065555906,"27:45.09",125,495
3,297,"LILLIE BODEN","Beresford","A",262.867356412062,"23:32.93",266,356
3,298,"JAYDA JENSEN","Watertown","AA",38.2701705542175,"21:21.64",441,185
3,299,"ALEXA NANNINGA","Freeman","B",125.061068965191,"22:36.14",347,282
3,300,"KAITLYN DASCHEL","Dakota Valley","A",231.885344871631,"23:30.11",277,352
3,301,"ADDISON JASPERS","West Central","A",24.866549294788,"21:02.93",468,162
3,302,"ESTHER BURKHALTER","Bison","B",378.761575362437,"24:49.86",216,414
3,303,"LIZ VOGEL","Dell Rapids","A",160.834102473034,"23:02.22",315,316
3,304,"SEELEY VANOVERBEKE","Arlington","B",151.21125086348,"22:58.51",326,306
3,305,"HADLEY GJERDE","Clark/Willow Lake","A",110.530495428825,"22:33.52",355,278
3,306,"BROOKE THAYER-BURKE","Hill City","A",163.661873724545,"23:06.80",311,322
3,307,"PHOEBE BENTLEY-BUSCHUR","Hill City","A",168.813523222734,"23:08.55",308,325
3,308,"ALEAH GRAHAM","West Central","A",227.853242103838,"23:31.53",279,354
3,309,"MAKENZI HAM","Custer","A",55.1612819181941,"21:44.60",416,218
3,310,"JOSLIN BORDEAUX","St. Francis Indian","A",821.481886478352,"28:02.87",133,501
3,311,"SHERIDAN MADDEN","Rapid City Central","AA",79.3975108648714,"22:14.10",393,242
3,312,"HALLEY MILLER","Arlington","B",356.836945055134,"24:40.26",233,407
3,313,"ADELIA GROHER","SF Lincoln","AA",392.414360671298,"25:22.82",211,435
3,314,"KAHLEN PETERSON","Yankton","AA",49.7115523590696,"21:52.61",422,225
3,315,"OLIVIA BOYLE","Corsica-Stickney","B",256.400077279395,"23:59.80",270,377
3,316,"APRIL SKLUZAK","Kimball/White Lake","B",32.338472416743,"21:28.08",451,201
3,317,"JAYCIE RUSH","Dakota Valley","A",189.908448397151,"23:27.91",302,350
3,318,"CLAIRE MCCALLUM","Harrisburg","AA",10.5250528624038,"21:05.39",491,163
3,319,"LUCY VARGAS","St. Mary's","B",153.608300345524,"23:15.09",322,333
3,320,"ERIN HARMS","Douglas","AA",35.1335055420316,"21:38.79",446,210
3,321,"AVA GATZKE","Sioux Valley","A",9.14979457560272,"21:02.18",496,161
3,322,"MADDIE NEBELSICK","Ethan/Parkston","A",370.56857239277,"25:18.57",225,432
3,323,"GRACE ROTH","North Central","B",143.649963864628,"23:10.00",331,327
3,324,"ABIGAIL EISENBRAUN","Rapid City Stevens","AA",62.5615987612144,"22:20.70",409,250
3,325,"JEWEL BORDEAUX","St. Francis Indian","A",670.282875880874,"28:26.38",156,503
3,326,"KIMI RAMA","Mahpiya Luta","A",376.906448203746,"25:36.30",220,441
3,327,"KAELYN SMITH","Mount Vernon/Plankinton","A",99.4995542688243,"22:50.92",365,298
3,328,"GRACE LIST","Watertown","AA",22.8075573813376,"21:26.59",470,197
3,329,"EMERY WAGNER","Harrisburg","AA",58.1888047921942,"22:23.90",413,254
3,330,"CAROLINE WIESE","Brandon Valley","AA",13.9023547974139,"21:22.98",483,186
3,331,"MIKAELA MALSOM","North Central","B",132.238821254621,"23:10.00",343,327
3,332,"WHITLEY BALOUN","Highmore-Harrold","B",170.842462873682,"23:44.00",306,365
3,333,"KYLIE GOSCH","SF Roosevelt","AA",2.13740972414875,"20:59.68",517,156
3,334,"NIKA FURNEY","Scotland","B",161.919902290831,"23:41.77",314,362
3,335,"CALISTA SAHR","Madison","A",229.142126809133,"24:28.62",278,398
3,336,"CARSON ERNSTER","SF Lincoln","AA",361.496865588106,"25:45.00",228,448
3,337,"ELISE JOHNSON","O'Gorman","AA",54.096886223173,"22:26.50",417,260
3,338,"KYLAH BIGGINS","Chamberlain","A",11.5164313895427,"21:24.90",488,191
3,339,"KENNADEE WAGNER","Warner","B",72.6113706827342,"22:35.54",401,281
3,340,"MAGGIE DOWLING","Jones County","B",437.054930936694,"27:09.40",199,483
3,341,"MYA FLEMMING","Wolsey-Wessington","B",162.772601014456,"23:50.38",312,371
3,342,"KANYN PADDEN","Harding County","B",345.396424728507,"25:42.38",237,446
3,343,"DAPHNE BROUWER","Centerville","B",290.011014924515,"25:18.07",254,431
3,344,"EMMA SHELDON","Rapid City Stevens","AA",47.1208896936179,"22:27.40",424,263
3,345,"GABBIE EICHMANN","Canistota","B",93.4124127451897,"23:01.34",374,314
3,346,"LUCY CARLSON","Lennox","A",7.38183434059205,"21:23.74",502,188
3,347,"HANNAH DELINE","Mitchell Christian","B",19.8774064879945,"21:42.80",475,215
3,348,"AUBREY GUY","Sisseton","A",342.036415272222,"25:45.53",241,449
3,349,"BRYNN CLEMENTSON","SF Lincoln","AA",332.690084111553,"25:46.85",242,451
3,350,"DANNICA SHEETS","Aberdeen Central","AA",282.713127986819,"25:35.00",256,440
3,351,"SADIE MUELLER","Ethan/Parkston","A",41.6122222632325,"22:27.10",436,261
3,352,"JAYDA WESTLING","Rapid City Central","AA",43.7510178512578,"22:28.40",432,265
3,353,"NORA SHEPARDSON","Ethan/Parkston","A",45.4543722201118,"22:29.70",428,270
3,354,"TESSA AUDISS","Rapid City Christian","A",165.219725788353,"24:15.00",309,389
3,355,"STELLA WARREN","Vermillion","A",488.349703590201,"29:18.03",184,514
3,356,"JAIDYNN GIEDD","De Smet","B",410.260965338613,"27:26.59",207,492
3,357,"MOLLY ENGEBRETSON","Madison","A",154.836295387241,"24:02.17",320,381
3,358,"M'KENZIE LAROCHE","Lower Brule","B",375.21652682045,"27:03.90",221,480
3,359,"AMY HENDERSON","Mitchell Christian","B",14.0671821858908,"21:49.53",482,221
3,360,"CHLOE LEE","Lead-Deadwood","A",220.206269668297,"24:56.05",282,421
3,361,"IZABELL CEROLL","Sisseton","A",310.335143291672,"25:49.62",250,453
3,362,"AVERI GERFEN","Mitchell","AA",22.3587769536565,"21:57.31",472,232
3,363,"FAITH PEKRON","Parker/Marion","A",343.612556009445,"26:09.93",238,466
3,364,"ELIZABETH BOSCHEE","Sanborn Central/Woonsocket","B",158.572893099486,"24:13.17",318,388
3,365,"TAYTUM BANKS","Crazy Horse","B",563.113230370413,"33:54.26",171,535
3,366,"BERGEN BUMANN","SF Washington","AA",3.93189740383926,"21:26.21",512,195
3,367,"JIMENA ARAIZA","Deuel","A",110.692645032744,"23:31.78",354,355
3,368,"LIANA WISE","Brandon Valley","AA",14.3237547433277,"21:55.92",480,230
3,369,"HALEY CAHOY","Aberdeen Central","AA",258.382130300188,"25:39.00",268,442
3,370,"ADDISON MUTH","Yankton","AA",9.8405288260199,"21:46.64",493,219
3,371,"KATIE SPATZ","Sisseton","A",280.948907470997,"25:49.96",258,454
3,372,"ALLISON LOEWE","Lennox","A",12.482287582582,"21:53.44",487,227
3,373,"AVERY BIRKEL","Gregory","B",307.472922146978,"26:05.08",252,462
3,374,"NORA PESTER","Huron","AA",28.9313422050144,"22:25.94",457,259
3,375,"MARIN RHODE","Canton","A",463.291230159753,"31:36.30",190,529
3,376,"IRIS RAMEY","Aberdeen Central","AA",48.9243644793935,"22:50.72",423,297
3,377,"LILLIE SCHMIT","Sioux Valley","A",2.49839558675473,"21:31.80",516,205
3,378,"LILYANNA WRIGHT","SF Washington","AA",305.860238618686,"26:31.49",253,473
3,379,"MIA RIIBE","Dakota Valley","A",129.675990049751,"24:03.28",345,382
3,380,"SCARLETT COLE","Andes Central/Dakota Christian","B",418.120335219177,"30:11.93",204,523
3,381,"MADELINE CARCAMO","Rapid City Stevens","AA",5.54926732380749,"21:49.90",506,222
3,382,"HADLEY WALKER","Hill City","A",28.3122205832003,"22:32.40",458,274
3,383,"ADDISON NYDAM","Mitchell Christian","B",46.2780566312918,"22:59.49",426,307
3,384,"LIVIA KNECHT","Britton-Hecla","A",85.5761390223277,"23:23.10",385,348
3,385,"RAYONNA BRAVE BIRD","Little Wound","A",158.835649477894,"24:51.53",317,417
3,386,"KATELYN BOND","Canistota","B",237.232918059994,"26:04.05",274,461
3,387,"GABBY DEVRIES","SF Washington","AA",1.61615342369329,"21:42.40",523,214
3,388,"MEREDITH LARSON","Baltic","A",30.9336978083443,"22:44.40",452,288
3,389,"ALAINA ALBRECHT","De Smet","B",195.838549322132,"25:41.09",297,445
3,390,"ALLISON LEBER","Canistota","B",80.2867035776024,"23:29.67",392,351
3,391,"CAROLINE HUBER","SF Lincoln","AA",280.881652464827,"27:10.65",259,484
3,392,"MICAIAH BRANTNER","James Valley Christian","B",7.30270953882334,"22:13.70",503,241
3,393,"RUE KNUDSON","Mobridge-Pollock","A",73.5449786955764,"23:22.63",400,346
3,394,"HAYLEN SCHNECK","Milbank","A",40.4782723590311,"22:59.67",439,308
3,395,"CORDELIA ADAMS","Canton","A",264.277171910039,"27:09.03",265,482
3,396,"KATIE BRETSCH","Frederick Area","B",133.895485931826,"24:46.64",340,411
3,397,"AUBRIE BRENDSEL","Brandon Valley","AA",8.51468396806028,"22:24.18",498,255
3,398,"MEREDITH DECKER","Tea Area","AA",20.9436122910924,"22:35.26",473,280
3,399,"KATHERINE O'NEAL","Rapid City Christian","A",117.803480741292,"24:35.96",351,402
3,400,"JAYLYNN KNOX","Highmore-Harrold","B",86.6275310783766,"23:51.00",383,372
3,401,"SAMANTHA MONEKE","SF Lincoln","AA",257.636274329806,"27:18.09",269,487
3,402,"MACIE DEAN","Ethan/Parkston","A",26.0423382065409,"22:46.70",465,292
3,403,"REGINA MEDINA","Mount Vernon/Plankinton","A",256.15131339537,"27:15.15",271,486
3,404,"ANCORA GILKERSON","Oldham-Ramona-Rutland","B",358.485922408542,"31:34.31",231,527
3,405,"TESSA HINMAN","Sunshine Bible Academy","B",69.2049804817733,"23:33.66",403,357
3,406,"PRESLEY HOUSKA","Chamberlain","A",20.6967357354997,"22:44.84",474,289
3,407,"BROOKLYN REINERS","Tea Area","AA",18.9016323535817,"22:45.43",476,290
3,408,"BRIANNA NOBEL","Custer","A",196.887877477705,"26:30.69",295,471
3,409,"CALLIE BOURNE","Dakota Valley","A",98.2186326495332,"24:35.15",368,399
3,410,"TARA ENGELSON","SF Lincoln","AA",236.013229877126,"27:24.76",276,491
3,411,"QUINN HURD","Miller","A",78.3194934533894,"23:51.00",396,372
3,412,"TAYLOR BOEHNKE","Tea Area","AA",50.2771109930007,"23:23.51",420,349
3,413,"LENLEE MILLS","Platte-Geddes","A",1.17342879714658,"22:18.84",525,246
3,414,"ANNIAH RUSSELL","Herreid/Selby Area","B",62.2446415891168,"23:40.00",410,361
3,415,"SHARON ZHANG","Great Plains Lutheran","A",90.2269922981523,"24:22.20",377,394
3,416,"SADIE CARLSON","Gregory","B",203.132931802564,"27:05.26",290,481
3,417,"BERKLEE MILLS","Platte-Geddes","A",22.7802015492034,"22:52.80",471,302
3,418,"PAIGE MENTELE","Howard","B",95.8193221098517,"24:35.97",370,403
3,419,"MICHELLE HAS HORNS","McLaughlin","B",211.246597378287,"27:18.30",285,488
3,420,"RACHEL STEFFENSEN","Arlington","B",27.7309648246163,"23:01.18",461,313
3,421,"ADA MADDOX","Great Plains Lutheran","A",86.9295693690282,"24:15.82",382,392
3,422,"REBECCA HAICH","Irene-Wakonda","B",83.4581956507389,"24:11.57",389,387
3,423,"KATE BLAIR","Belle Fourche","A",0.632701576723893,"22:19.83",529,249
3,424,"NEVAEH REITZ","Clark/Willow Lake","A",132.512647913279,"25:39.66",341,443
3,425,"MALYSSA FOUR HORNS","St. Francis Indian","A",237.943121643957,"29:11.74",273,512
3,426,"ANASTASIA KIEFFER","SF Washington","AA",215.90839918389,"28:11.99",284,502
3,427,"PAYTON LOGAN","Gayville-Volin","B",58.8432913250393,"23:58.72",412,376
3,428,"ROYALE GHOST","Little Wound","A",281.775439344022,"34:40.19",257,536
3,429,"TAYLOR ZEISLER","Burke","B",91.1889011668809,"24:55.19",376,419
3,430,"HALEY HARKNESS","Elk Point-Jefferson","A",203.906825745791,"28:38.36",289,506
3,431,"EMMY CHRISTENSEN","Ethan/Parkston","A",16.1637766948861,"23:05.20",478,319
3,432,"KENDRA THORP","Custer","A",113.960711610552,"25:39.77",353,444
3,433,"SKYLAR LAWSON","Mitchell","AA",27.937210027476,"23:19.33",460,338
3,434,"KASSANDRA ABBAS","Platte-Geddes","A",141.56377165703,"26:16.38",332,467
3,435,"ALEXIS ROESLER","Wessington Springs","B",4.82897481050758,"22:49.42",508,293
3,436,"LEXI WILKINS","Custer","A",7.98530555170222,"22:52.76",500,301
3,437,"EMERSON BUCHHOLZ","Rapid City Stevens","AA",14.199024449509,"23:05.30",481,320
3,438,"SAMANTHA TROXELL","Madison","A",79.1729617544266,"24:39.55",395,406
3,439,"LILLY FLOOD","Aberdeen Central","AA",149.516577779999,"26:31.00",329,472
3,440,"MCKENZIE RANS","Belle Fourche","A",0.526562526828773,"22:30.77",530,272
3,441,"JAYDE BAIRD","SF Jefferson","AA",197.224018485284,"29:03.00",293,509
3,442,"OHANNA SINCLAIR","Aberdeen Central","AA",26.9363618017872,"23:21.63",462,343
3,443,"LAINEY GOERTZ","Sanborn Central/Woonsocket","B",35.8436805139774,"23:43.33",443,363
3,444,"ANNIKA OLSON","Lead-Deadwood","A",109.229634858029,"25:45.72",358,450
3,445,"JORJA NELSEN","Florence/Henry","A",88.3510549802192,"25:04.91",381,428
3,446,"SILVANA HOUSKA","Chamberlain","A",8.44287368266153,"23:01.00",499,311
3,447,"LILY SWANSON","Huron","AA",13.2979622836374,"23:09.53",485,326
3,448,"ALIYAH PETERS","Hill City","A",1.71869994377153,"22:46.11",521,291
3,449,"JADIS REDDY","Little Wound","A",137.789351000829,"26:48.99",335,477
3,450,"HAILEY LAHR","Flandreau","A",152.649243745376,"27:20.17",324,489
3,451,"MAYCIE KNUTSON","SF Lincoln","AA",179.868304858579,"29:11.45",304,511
3,452,"CLARA HERREID","Aberdeen Christian","B",42.8816509729672,"24:05.30",433,383
3,453,"AMELIA GIESE","Deuel","A",50.8194996225698,"24:24.84",419,397
3,454,"CHARLEE BIERLE","Sturgis Brown","AA",2.60751130670228,"22:54.35",514,303
3,455,"TAYA WETTLAUFER","Howard","B",29.2041914034132,"23:44.68",455,367
3,456,"RYLIN WIPF","James Valley Christian","B",5.3757702277859,"23:05.06",507,318
3,457,"SAVANNAH HADORN","Rapid City Central","AA",9.43199884225749,"23:12.10",494,331
3,458,"MASYNN MEBIUS","Wessington Springs","B",2.05449377502766,"23:00.18",518,309
3,459,"QUINN WOLBERG","Warner","B",149.630177690973,"27:58.77",328,500
3,460,"AUBREY HADORN","Rapid City Central","AA",8.66437243912791,"23:14.30",497,332
3,461,"MYLI WEISCHEDEL","Sully Buttes","B",28.971186748586,"23:54.00",456,374
3,462,"ELSA SCHIFERL","Aberdeen Central","AA",4.58499660396414,"23:06.85",509,323
3,463,"ABBY DOSE","Canton","A",35.4769996056722,"24:15.17",445,390
3,464,"KENZI RED OWL","Little Wound","A",162.679668753396,"30:07.92",313,522
3,465,"EMMA SCOTT","Lead-Deadwood","A",95.8116233296,"26:09.29",371,465
3,466,"LANDRIE HAHN","Colman-Egan","B",107.819211801242,"26:45.75",360,476
3,467,"BRYNN TOWNSEND","SF Lincoln","AA",163.755102548331,"31:20.98",310,526
3,468,"KEIRA THORP","Custer","A",83.6526732480584,"25:47.89",387,452
3,469,"ZAYDA TOWNSEND","Milbank","A",7.4246807641679,"23:20.16",501,339
3,470,"KARA DOSE","Canton","A",33.6896138477491,"24:22.81",448,395
3,471,"RONA STREITZ","Flandreau","A",132.219732282007,"27:53.46",344,499
3,472,"BAILEY MINES","Yankton","AA",0.412450973434846,"23:07.82",532,324
3,473,"ISABEL KULM","Flandreau","A",120.375047931744,"28:56.47",350,507
3,474,"BRYSTAL WALLMAN","Miller","A",43.7669379709887,"25:13.00",431,429
3,475,"JOANNA GUMS","Deuel","A",44.0449183928117,"25:15.42",430,430
3,476,"EMERSON KURKIEREWICZ","SF Lincoln","AA",148.803549706962,"31:49.77",330,530
3,477,"WILLOW ISBURG","Chamberlain","A",1.16085131339401,"23:18.59",526,335
3,478,"JAYLEA MILLER","Parker/Marion","A",65.601706903149,"25:54.50",407,455
3,479,"LUCIA HOLSING","Faulkton Area","B",121.338742266282,"29:13.70",349,513
3,480,"BAILEY NOLD","Aberdeen Roncalli","A",26.8462991970538,"24:35.82",463,401
3,481,"MYA WARNKE","Gregory","B",91.4669111251159,"27:21.30",375,490
3,482,"KAELYN LEFORS","Douglas","AA",12.6734999834523,"24:01.24",486,380
3,483,"NEVAEH O'ROURKE","Little Wound","A",83.6361056905733,"27:00.72",388,478
3,484,"DANIKA FLUTH","Tri-Valley","A",109.384282685802,"29:07.93",357,510
3,485,"AMELIA LOBAN","Hamlin","A",35.7863499716311,"25:00.89",444,424
3,486,"SIENNA DEKAM","SF Lincoln","AA",134.937764393359,"31:55.56",339,531
3,487,"AMYA WARD","Sioux Valley","A",0.28754037005512,"23:19.17",537,337
3,488,"DREAMER COURNOYER","Flandreau","A",57.652529321531,"26:03.56",414,460
3,489,"KASHLEY GOEBEL","Arlington","B",67.1077267080849,"26:21.44",405,469
3,490,"JORDYN RED WING","Mahpiya Luta","A",97.9061623327652,"28:37.68",369,505
3,491,"PAYCEE LEE","Deuel","A",40.0798870420681,"25:25.55",440,437
3,492,"BETHANY MAHAFFY","Newell","B",67.36735504328,"26:40.29",404,475
3,493,"KEONDRA WILSON","SF Lincoln","AA",122.086548736848,"33:13.44",348,533
3,494,"ANNA MARTINMAAS","Faulkton Area","B",104.503255602269,"30:02.72",362,520
3,495,"ANNA ALVEY","Tri-Valley","A",99.1916563446247,"29:35.63",366,518
3,496,"LILY SCHLUETER","Tri-Valley","A",50.0641692361247,"26:28.98",421,470
3,497,"JACLYN RICHTER","Pierre T.F. Riggs","AA",15.0098891892456,"24:48.79",479,413
3,498,"BREELYN DEMERY","Faulkton Area","B",94.5546806152686,"30:03.23",372,521
3,499,"NORAH GONSOR","Aberdeen Roncalli","A",41.1003513339381,"26:00.00",437,458
3,500,"MONICA GIAGO","Mahpiya Luta","A",88.7060000892975,"29:23.83",379,516
3,501,"MAKENNA PRYOR","Mount Vernon/Plankinton","A",59.1379821027086,"27:14.60",411,485
3,502,"KAIDENCE RUDE","Tri-Valley","A",89.744831930851,"29:35.73",378,519
3,503,"ALEXIS (LUCY) DALEY","Mitchell","AA",0.364149644402158,"23:43.67",535,364
3,504,"ANNIE BOURNE","Dakota Valley","A",46.6518860742201,"26:32.23",425,474
3,505,"ADELAIDE KLEINSCHMIDT","Rapid City Stevens","AA",3.99686620646168,"24:15.80",511,391
3,506,"MARIA ADDY","Canistota","B",25.2028005441455,"25:23.13",466,436
3,507,"DARABY BOERSMA","Sunshine Bible Academy","B",17.8335432730793,"25:02.00",477,426
3,508,"ELLA KOLOUSEK","Wessington Springs","B",0.927874781217964,"24:00.01",528,378
3,509,"SYDNIE PISCHEL","Mitchell","AA",13.6523788407304,"24:59.16",484,423
3,510,"KAYLA HARRIS","Rapid City Stevens","AA",3.65265819794464,"24:23.40",513,396
3,511,"EMMA REIHE","Watertown","AA",6.19225041669851,"24:37.27",505,405
3,512,"SOPHIA SHUDAK","Yankton","AA",0.0912490564739364,"24:01.02",539,379
3,513,"CLAIRE ROWLEY","McCook Central/Montrose","A",28.0976869607293,"26:01.16",459,459
3,514,"JAY RIOS","Douglas","AA",4.17611643779014,"24:41.76",510,409
3,515,"CLAIRE VOGEL","McCook Central/Montrose","A",26.2416058314152,"25:55.61",464,456
3,516,"LEILIA PLENTY WOUNDS","Oelrichs","B",85.2575903343084,"44:20.66",386,537
3,517,"DULCIE VEURINK","Platte-Geddes","A",1.77449077502094,"24:43.31",520,410
3,518,"KENDALL CLAYTON","Brandon Valley","AA",0.968364798850015,"24:37.21",527,404
3,519,"GENTRIE BLASIUS","Kimball/White Lake","B",0.404125947320972,"24:35.45",533,400
3,520,"AMARA RINEHART","Mitchell","AA",9.3978080524121,"25:28.36",495,439
3,521,"KAT MCMAHON","Lead-Deadwood","A",37.1279794588977,"27:27.30",442,493
3,522,"MACEY WIGG","SF Jefferson","AA",2.5048112022426,"25:01.50",515,425
3,523,"DAKOTA OBERG","Chester","B",56.4202232818775,"31:15.62",415,525
3,524,"PHOENIX RED ELK","Little Wound","A",65.3854956682761,"33:19.38",408,534
3,525,"CHESNIE GISSELBECK","Castlewood","B",33.1896395210854,"27:46.15",449,497
3,526,"ALEXIS MOORE","Kimball/White Lake","B",0.346540339630506,"24:46.77",536,412
3,527,"EVELYN GARCIA","Custer","A",1.9739066193229,"25:20.49",519,434
3,528,"ALIZA ADDY","Canistota","B",10.7433385353398,"26:05.36",490,463
3,529,"ALLIE GORTMAKER","Miller","A",0.00582166542839372,"24:50.39",542,416
3,530,"TYLER GIBSON","Tri-Valley","A",0.468278710514058,"25:03.06",531,427
3,531,"ADDISON KROGSTAD","Corsica-Stickney","B",29.7690461942728,"29:20.94",454,515
3,532,"DEVRAH MEYER","Madison","A",9.97482331255784,"27:01.37",492,479
3,533,"VANESSA GUTIERREZ","Little Wound","A",30.2551684251265,"31:36.03",453,528
3,534,"AUBREY POWERS","Deuel","A",11.2567793036327,"27:49.90",489,498
3,535,"GRACIE KRAMER","Tea Area","AA",0.39478524395519,"25:55.75",534,457
3,536,"CADENCE GOOD SOLDIER","Little Wound","A",24.4026694228713,"32:01.46",469,532
3,537,"RILEY RAYSOR","Spearfish","AA",1.22613165590464,"27:45.90",524,496
3,538,"AUDRINA ADAMS","Mitchell","AA",6.56014318042551,"31:04.90",504,524
3,539,"REMI HUBSCH","Webster Area","A",1.6422930730838,"28:57.58",522,508
3,540,"SAIGE LESSMAN","Parker/Marion","A",0.0203956435442242,"27:29.03",540,494
3,541,"KALA MAXON","Platte-Geddes","A",0.273564075255324,"28:35.90",538,504
3,542,"LILY ANDERSON","Parker/Marion","A",0.0119375930234357,"29:30.47",541,517
4,1,"BRIANNA REILLY","Harrisburg","AA",22030.7147244826,"16:31.78",1,1
4,2,"ELLIE MADDOX","SF Christian","A",21177.6766379005,"16:33.95",2,2
4,3,"HANNAH GENRICH","Harrisburg","AA",17303.035245745,"16:44.72",3,3
4,4,"FAITH WIESE","Flandreau","A",14469.2201142274,"17:08.39",5,4
4,5,"SADIE PETTENGILL","SF Christian","A",16040.2358845735,"17:18.59",4,5
4,6,"ALEX MCCULLOUGH","Dakota Valley","A",10941.720624098,"17:33.79",9,6
4,7,"JERICA GLASSER","SF Christian","A",12302.8078082594,"18:00.59",7,8
4,8,"PEYTON VANDEEST","Spearfish","AA",10276.8200300893,"17:53.06",10,7
4,9,"JAYCIE BABB","Tea Area","AA",12148.1182701502,"18:11.53",8,10
4,10,"MIA KADI","SF Lincoln","AA",8819.66414212822,"18:07.43",14,9
4,11,"EMERY LARSON","Pierre T.F. Riggs","AA",8641.55895635427,"18:27.24",15,14
4,12,"EMILY CURRAN","Brandon Valley","AA",8330.05979570425,"18:29.84",16,16
4,13,"AUTUMN GILHOOLY","Harrisburg","AA",6861.50096323179,"18:15.71",21,12
4,14,"ELLA BOEKELHEIDE","Northwestern","B",9582.31062610987,"18:36.89",13,20
4,15,"GRACE PHILLIPS","Chamberlain","A",13514.9546316496,"18:48.43",6,28
4,16,"BROOKLYN SUNDERMANN","West Central","A",8058.35713240479,"18:33.96",17,18
4,17,"ADDISON SCHOLTEN","Brandon Valley","AA",6452.64702062543,"18:27.78",22,15
4,18,"ADIE MCVEY","Lennox","A",5304.10736491897,"18:22.30",26,13
4,19,"KORI KEIL","Spearfish","AA",10212.5909044751,"18:47.70",12,27
4,20,"KADANCE HOLSO","Rapid City Stevens","AA",10231.7488326612,"18:49.40",11,29
4,21,"NATALIE SMITH","SF Christian","A",4358.6408673071,"18:14.63",31,11
4,22,"CALLIE RADIGAN","Vermillion","A",5516.26253808529,"18:34.89",24,19
4,23,"EMMA TIDEMANN","Brandon Valley","AA",4553.29642745185,"18:31.43",29,17
4,24,"ALLIE NOVSTRUP","Aberdeen Central","AA",5484.40359457744,"18:42.71",25,22
4,25,"BAILEY VANDERGRIEND","SF Christian","A",4805.54396902076,"18:39.80",28,21
4,26,"KIRA UBENCE","Douglas","AA",3958.75020453671,"18:46.32",36,24
4,27,"PEYTON BEATCH","Brandon Valley","AA",4072.87932825996,"18:49.55",34,30
4,28,"MARISSA BOUWMAN","SF Washington","AA",3967.02442915447,"18:50.89",35,31
4,29,"MAXINE ORDWAY","SF Christian","A",3364.86101538897,"18:43.01",44,23
4,30,"EVELYN HURLEY","Rapid City Stevens","AA",6898.61637798786,"19:16.47",20,48
4,31,"KAMRYN NESHEIM","Clark/Willow Lake","A",7211.9874268635,"19:23.09",18,52
4,32,"BELLA DITTMER","SF Roosevelt","AA",3344.53958471347,"18:47.12",45,26
4,33,"GWEN RICHTER","Pierre T.F. Riggs","AA",3516.8031595167,"18:51.18",42,32
4,34,"KALYNN OBAN","Ipswich","B",4538.45997215777,"19:12.00",30,44
4,35,"BRYN BARKER","SF Christian","A",2848.64685694542,"18:46.52",50,25
4,36,"ISABELLA GALBRAITH","Ipswich","B",3943.52349231568,"19:06.00",37,38
4,37,"BRINNA SHELDON","Rapid City Stevens","AA",5296.06314286045,"19:19.86",27,49
4,38,"FINLEY EVJEN","Canton","A",3298.5401029345,"18:59.69",46,33
4,39,"SARAH JOHNSON","West Central","A",3676.09236709357,"19:06.81",41,39
4,40,"RORIE THORESON","Dell Rapids","A",7072.81099740379,"19:35.90",19,61
4,41,"ADDISON CASSADY","Aberdeen Roncalli","A",5682.58981527159,"19:35.68",23,60
4,42,"TARA BLACHFORD","Northwestern","B",4216.77603613804,"19:22.70",33,51
4,43,"LILIAN RUDE","Brandon Valley","AA",3125.13246156931,"19:05.84",48,37
4,44,"JAYLA STILES","Ipswich","B",3678.09695853253,"19:21.00",40,50
4,45,"SHYLA TVEDT","Deuel","A",2320.97271883361,"19:07.40",57,40
4,46,"EMMELINE MURRAY","SF Lincoln","AA",2078.77297783532,"19:02.78",64,36
4,47,"ALICE GUNDVALDSON","O'Gorman","AA",2363.97788090882,"19:13.14",55,45
4,48,"CALLA WIESE","Flandreau","A",2235.7385258935,"19:11.09",59,43
4,49,"MADISYN GELLHAUS","Ipswich","B",2998.00767772438,"19:29.00",49,56
4,50,"LONDYN SCHROEDER","Mitchell","AA",1839.08834838089,"19:02.75",71,35
4,51,"NORA OLSEN","Deubrook Area","B",3144.53869867501,"19:38.48",47,62
4,52,"SIERRA SANDFORD","Spearfish","AA",3384.54911595153,"19:41.53",43,66
4,53,"AUTUMN FALLIS","Highmore-Harrold","B",3916.25456993144,"19:47.81",38,74
4,54,"KATE MCELROY","Watertown","AA",2152.63885049937,"19:26.36",61,54
4,55,"RYELLE GILBERT","Groton Area","A",2225.33639623996,"19:30.29",60,57
4,56,"BRIELLE JENKINS","SF Lincoln","AA",1665.15425770185,"19:09.62",79,42
4,57,"JAYNA VANLAECKEN","Tea Area","AA",1584.67445588565,"19:08.75",85,41
4,58,"JENNAY GISI","Ipswich","B",2515.28237631427,"19:49.00",53,75
4,59,"GRACE BIALAS","Tea Area","AA",1506.22752216964,"19:13.17",88,46
4,60,"LIA MUNDT","Belle Fourche","A",1734.72091568256,"19:33.26",76,59
4,61,"ELLE HLAVAC","Scotland","B",4358.42078124033,"20:26.27",32,118
4,62,"KAILEY WINTER","Harrisburg","AA",1215.78111508246,"19:13.59",104,47
4,63,"CLAIRE GUTHMILLER","Bon Homme","A",3692.44127915318,"20:22.22",39,115
4,64,"ALLI MCCORD","Kimball/White Lake","B",1661.20202591246,"19:50.57",81,76
4,65,"LAURYN DONOVAN","Spearfish","AA",2089.82852778018,"20:12.42",63,101
4,66,"TAYLOR HARRELSON","Rapid City Christian","A",2617.98574473666,"20:20.80",52,112
4,67,"HAILEY MOLLNER","SF Jefferson","AA",1237.29763598469,"19:41.35",101,65
4,68,"CHARLEE WILLIAMS-SMITH","Pierre T.F. Riggs","AA",1298.81254085743,"19:45.00",97,69
4,69,"ELLA MERRIMAN","Beresford","A",1821.14411287463,"20:06.00",73,93
4,70,"KYLEE JOHNSON","Deubrook Area","B",2104.14680712103,"20:16.16",62,106
4,71,"AVA GEORGE","Irene-Wakonda","B",2459.83103730052,"20:21.84",54,114
4,72,"KELLA TRACY","Groton Area","A",2258.07824869561,"20:25.35",58,116
4,73,"CLARA PEDERSON","SF Lutheran","B",1142.10656785841,"19:41.80",111,67
4,74,"HANLEE SEYKORA","Harrisburg","AA",952.663016190974,"19:26.74",126,55
4,75,"AMARA USERA","St. Thomas More","A",1835.61356682081,"20:16.66",72,109
4,76,"EMMERSON EPPARD","Chester","B",1412.64095584277,"20:07.55",90,94
4,77,"CADENCE BOCHEK","Clark/Willow Lake","A",2065.65482299059,"20:26.60",65,120
4,78,"KENDAL UTTECHT","Wolsey-Wessington","B",2038.03696871924,"20:27.10",67,122
4,79,"LYDIA ANDERSON","Vermillion","A",1150.09354712782,"20:04.04",108,90
4,80,"AUBREY COOLEY","Brookings","AA",1011.89777466869,"19:52.44",121,78
4,81,"ELEANOR ANDERSON","Vermillion","A",1661.67581635984,"20:26.43",80,119
4,82,"FAITH HEIL","Mobridge-Pollock","A",1774.09406825054,"20:29.97",75,125
4,83,"VIONA SIETSEMA","Rapid City Stevens","AA",2056.96819101522,"20:43.06",66,136
4,84,"AMIA WARD","Sioux Valley","A",1036.86160938637,"20:03.60",119,89
4,85,"KAELYN ULSCHMID","Arlington","B",1630.06465093474,"20:31.09",84,127
4,86,"KAYLEE BROWN","Deubrook Area","B",972.477881777799,"20:04.99",125,92
4,87,"ANNA SPANOS","SF Lincoln","AA",775.535788373607,"19:39.07",159,63
4,88,"ADELINE THOMPSON","SF Lincoln","AA",776.398708204804,"19:39.77",158,64
4,89,"MCKINLEY GLANVILLE","SF Lincoln","AA",2021.50269921875,"20:52.31",69,153
4,90,"AUSTINA SORENSEN","Faulkton Area","B",1801.90001015652,"20:49.77",74,150
4,91,"RHYS PEARSON","Belle Fourche","A",715.290684573313,"19:32.91",168,58
4,92,"OLIVIA ANDERSON","Watertown","AA",793.863615025186,"19:55.20",153,80
4,93,"EMRIE VONEYE","Sanborn Central/Woonsocket","B",1230.06826257926,"20:43.96",102,138
4,94,"EMMA BOCHEK","Clark/Willow Lake","A",1122.07132783769,"20:35.48",114,130
4,95,"MAISIE MOGARD","Brookings","AA",751.831220062718,"19:58.52",162,86
4,96,"ASHTYN KRIZ","Tri-State","A",1579.5790366344,"20:59.90",86,162
4,97,"NORA YOUMANS","Yankton","AA",982.961184839001,"20:30.67",123,126
4,98,"TAYLOR MCCOMSEY","Aberdeen Roncalli","A",1340.706349741,"20:53.79",95,154
4,99,"WHITLI ADAMS","Rapid City Stevens","AA",897.38339513247,"20:25.96",134,117
4,100,"BREANA ASKE","Jones County","B",2636.9293293584,"21:26.42",51,202
4,101,"EVERLY BLUM","Deubrook Area","B",880.985237688909,"20:27.38",137,123
4,102,"AVERY WUESTEWALD","Yankton","AA",1190.59204162435,"20:54.50",105,155
4,103,"KATELYN WIRTH","Warner","B",1898.04829728806,"21:24.00",70,195
4,104,"TAHCA ZEPHIER","Mahpiya Luta","A",1293.02153904688,"21:04.80",98,168
4,105,"EVELYN PRAHL","Great Plains Lutheran","A",1698.16505154888,"21:19.85",78,189
4,106,"DEVYN VAN ROEKEL","Pierre T.F. Riggs","AA",585.609374856102,"19:56.34",186,82
4,107,"KAYLIE KUEHL","Brookings","AA",934.163651268754,"20:45.15",127,141
4,108,"LILY BAKER","Kimball/White Lake","B",515.742505809478,"19:43.94",201,68
4,109,"HAZEL KANNEGIETER","Aberdeen Roncalli","A",1566.90672019324,"21:16.66",87,185
4,110,"EMMA CAULFIELD","Florence/Henry","A",2336.59706154798,"21:35.04",56,216
4,111,"LIA TIANGCO","O'Gorman","AA",458.330343597981,"19:23.72",220,53
4,112,"MACI LICHT","Sioux Valley","A",512.093745768523,"19:45.91",203,70
4,113,"TALYA VINCENT","Sioux Valley","A",503.571310498757,"19:47.42",205,73
4,114,"LUCY HAMER","Sturgis Brown","AA",784.606179525421,"20:27.49",155,124
4,115,"CLAIRE MCDONALD","Chester","B",1372.72574928715,"21:17.50",92,187
4,116,"HADLEY TEMPLE","Rapid City Central","AA",912.624220568016,"20:49.70",132,149
4,117,"JEWEL GANNON","Canton","A",843.758463185281,"20:44.31",143,139
4,118,"SADIE WUEBBEN","West Central","A",980.071649680764,"20:58.54",124,160
4,119,"LUCY ROZEBOOM","West Central","A",524.95592641857,"20:01.97",198,88
4,120,"KYLEIGH MILLER","Warner","B",984.044634123531,"21:00.85",122,164
4,121,"JOLIE WESTRUM","Gayville-Volin","B",1732.81998725754,"21:28.62",77,209
4,122,"ABIGAIL ENGELLAND","Mount Vernon/Plankinton","A",574.613887216283,"20:14.18",188,103
4,123,"ANDEE FRANDSEN","Hill City","A",530.992969986986,"20:09.97",196,97
4,124,"AVA SLETTEN","Canton","A",798.254992381209,"20:46.87",151,145
4,125,"PAIGE SCHWEITZER","O'Gorman","AA",856.261071342468,"20:54.90",140,156
4,126,"JENNIFER BEVERS","Clark/Willow Lake","A",1056.42937291286,"21:10.32",117,180
4,127,"RYLIE ROTHENBERGER","SF Washington","AA",583.706136617101,"20:19.83",187,111
4,128,"EVELYN DEGEEST","Tea Area","AA",560.555490564498,"20:16.42",193,107
4,129,"SIERRA KELLER","Florence/Henry","A",1057.93294668513,"21:14.43",116,184
4,130,"JENTRY HUBNER","Herreid/Selby Area","B",886.861024210784,"21:01.59",136,165
4,131,"ANGELA FRICK","North Central","B",2027.75164158302,"21:51.59",68,233
4,132,"AVA SCHINDLER","Chamberlain","A",1225.44773047702,"21:25.60",103,199
4,133,"GRACEN GIEGLING","Harrisburg","AA",456.08680771359,"19:54.79",224,79
4,134,"ANNALISA STAKE","Centerville","B",914.891584741314,"21:06.98",131,172
4,135,"PIPER CURRAN","Belle Fourche","A",530.71630666909,"20:21.58",197,113
4,136,"ELAINA ROUNDS","Pierre T.F. Riggs","AA",496.3530296541,"20:12.02",211,100
4,137,"JORDAN CHESSMORE","Tripp-Delmont/Armour","B",1645.99501609023,"21:49.01",83,229
4,138,"RUBY BOUWMAN","SF Lincoln","AA",402.472869330734,"19:50.78",236,77
4,139,"AUTUMN BAKER","Kimball/White Lake","B",304.657735644399,"19:00.93",281,34
4,140,"LARISSA RENEMANS","Pierre T.F. Riggs","AA",742.666063375821,"20:52.25",163,152
4,141,"NINA GABRIEL","Harrisburg","AA",468.824447617495,"20:15.25",217,105
4,142,"LAURA NEMEC","Mitchell Christian","B",829.301000067701,"21:09.03",147,176
4,143,"SADEY HOLT","Baltic","A",596.636316837796,"20:45.98",185,143
4,144,"EVELYN SHEARER","Herreid/Selby Area","B",851.911552620309,"21:17.00",142,186
4,145,"ABIGAIL ENGEL","Gregory","B",915.283172120812,"21:26.53",130,203
4,146,"ZOE SCHAEFFER","Menno","B",1145.69052045997,"21:43.42",110,225
4,147,"ISABELLA HENDERSON","Ipswich","B",714.985773224793,NA,169,NA
4,148,"MOLLY O'NEIL","Beresford","A",1379.02498389042,"22:01.85",91,249
4,149,"RILYN JACKSON","Yankton","AA",341.348194614221,"19:55.60",267,81
4,150,"ELLA KOPLIN","Milbank","A",358.078493462779,"20:09.15",256,96
4,151,"TYLEE TETRAULT","Spearfish","AA",541.323257948584,"20:55.18",195,157
4,152,"KILEY WESTBERRY","Flandreau","A",498.260651904105,"20:48.16",209,147
4,153,"BRILEY GEBHART","Lemmon","B",1651.49886290836,"22:24.94",82,275
4,154,"BIANCA BERRY","Milbank","A",422.295283346889,"20:34.36",230,128
4,155,"JILLIAN SCHULTE","Parker/Marion","A",1022.50333417094,"21:53.45",120,238
4,156,"SARAH GILHOOLY","Harrisburg","AA",287.222887172298,"19:46.95",287,72
4,157,"JOHANNA VANDERSNICK","Clark/Willow Lake","A",927.519851672753,"21:52.20",128,234
4,158,"GRACE STEFFEN","Burke","B",1136.36689375357,"22:05.99",112,253
4,159,"JAYCEE STEVENS","Gettysburg","B",457.485764532383,"20:48.90",222,148
4,160,"CHARLOTTE QUALM","Platte-Geddes","A",1177.74361082577,"22:19.23",107,264
4,161,"HAZEL HILLMAN","O'Gorman","AA",520.624449603234,"21:07.20",200,173
4,162,"BRYNN ODENBACH","Lemmon","B",1352.1249089038,"22:28.29",94,282
4,163,"ABBY JOHANNESON","Yankton","AA",273.495377046539,"19:56.78",294,83
4,164,"LILY WAGNER","SF Roosevelt","AA",277.40624781929,"19:57.24",293,84
4,165,"SURI SCHMIDT","Mount Vernon/Plankinton","A",573.781313883204,"21:18.20",189,188
4,166,"JIMENA ARAIZA","Deuel","A",257.56944036641,"19:46.55",308,71
4,167,"ANNIKA BOCKHOLT","Harrisburg","AA",272.72793354928,"19:59.08",295,87
4,168,"AVERY MARTINEZ","Jones County","B",1358.10251727355,"22:30.45",93,290
4,169,"ELIA PETERSON","SF Christian","A",1325.81092173554,"22:32.99",96,297
4,170,"CAMI WOLLES","St. Mary's","B",768.717288694876,"21:53.43",161,236
4,171,"LILY MEYER","Huron","AA",502.338582421075,"21:23.54",206,193
4,172,"SASHA VAN DEN BOSCH","Chamberlain","A",646.167317988103,"21:40.56",178,221
4,173,"BELLA LINN","Spearfish","AA",391.142914943428,"20:57.36",242,159
4,174,"BRENNA HALVORSON","Northwestern","B",794.614410015968,"22:05.12",152,252
4,175,"IZZY FISCHER","Rapid City Central","AA",423.7977685846,"21:09.10",229,177
4,176,"JAELYN PETERS","Hill City","A",453.651381996168,"21:13.23",226,183
4,177,"HARPER KLINE","Aberdeen Roncalli","A",397.792020048426,"21:08.76",237,175
4,178,"MELANIE HERMAN","SF Lincoln","AA",919.864737482191,"22:28.77",129,285
4,179,"ADALYNN FISCHER","Rapid City Central","AA",396.80876909037,"21:09.60",240,178
4,180,"ZOEY SNYDER","North Central","B",1419.29321927978,"22:59.27",89,332
4,181,"HAIVYN SCHUCHHARDT","Warner","B",283.556962486483,"20:43.22",289,137
4,182,"BERKLEE MILLS","Platte-Geddes","A",659.823602972625,"22:01.93",177,250
4,183,"LEAH YERDON","SF Lincoln","AA",854.01078468517,"22:28.82",141,286
4,184,"RAEGAN VERHULST","Harding County","B",1180.15615442689,"22:55.91",106,329
4,185,"ADDISON JOHNSON","Harrisburg","AA",616.807786960494,"22:12.67",181,256
4,186,"KHLOE SMITH","Tri-State","A",738.490425170651,"22:24.26",164,274
4,187,"AVERI GERFEN","Mitchell","AA",521.456303268784,"21:57.31",199,243
4,188,"JAEL BURKHALTER","Bison","B",1251.27833726655,"23:02.01",100,343
4,189,"LYNDSEY CHESSMORE","Tripp-Delmont/Armour","B",783.504901081213,"22:29.62",156,288
4,190,"CHLOE BERG","Great Plains Lutheran","A",511.602987144734,"22:00.69",204,246
4,191,"NOELLE GABRIEL","Harrisburg","AA",566.106681689558,"22:15.78",191,260
4,192,"BEATRIZ HERNANDEZ-LUCAS","Vermillion","A",722.587511407167,"22:28.65",167,284
4,193,"ISABEL OVERBY","Brookings","AA",181.594401141965,"20:14.54",348,104
4,194,"KAMORA RUTHERFORD","Stanley County","A",330.38541865358,"21:11.48",271,182
4,195,"BERKLEY FOPMA","SF Christian","A",1135.07315175847,"23:03.02",113,345
4,196,"RYAN TIBBETTS","SF Lincoln","AA",792.442565324147,"22:38.34",154,306
4,197,"CHEL ODENBACH","Lemmon","B",836.328176874685,"22:50.33",145,320
4,198,"HANNAH DAVELAAR","SF Christian","A",155.375834210864,"20:04.57",375,91
4,199,"ISABEL GURNEY","Yankton","AA",415.088962788838,NA,234,NA
4,200,"HADASAH OLSON","James Valley Christian","B",348.85470845257,"21:30.38",259,211
4,201,"NORA HYRONIMUS","Beresford","A",909.475050928198,"23:00.77",133,337
4,202,"KALLA PADDEN","Harding County","B",1088.29202572487,"23:10.35",115,357
4,203,"AMY HENDERSON","Mitchell Christian","B",390.489207585709,"21:49.53",243,230
4,204,"ASPEN NIEWENHUIS","Andes Central/Dakota Christian","B",672.077753757657,"22:34.51",174,300
4,205,"HANNAH KOCH","Brandon Valley","AA",359.390790295945,"21:40.45",255,220
4,206,"HANNAH DELINE","Mitchell Christian","B",373.704289793378,"21:42.80",251,224
4,207,"AVA GATZKE","Sioux Valley","A",250.41796182827,"21:02.18",311,166
4,208,"RACHEL MELIUS","Northwestern","B",660.489785184879,"22:35.06",176,301
4,209,"MARLEE MEYERINK","Platte-Geddes","A",798.349209618998,"22:53.07",150,327
4,210,"ANDIE AUGHENBAUGH","Sanborn Central/Woonsocket","B",397.365095826712,"21:55.34",239,239
4,211,"HADLEIGH HOGGARTH","Frederick Area","B",602.674049675076,"22:32.77",183,295
4,212,"ISABELLA OBERLOH","St. Thomas More","A",487.512174761623,"22:19.53",214,265
4,213,"CLAIRE MCCALLUM","Harrisburg","AA",250.38128592995,"21:05.39",312,169
4,214,"PAIGE DEUTER","St. Mary's","B",456.296869242365,"22:15.15",223,259
4,215,"AUBREE MORRISON","Lead-Deadwood","A",832.642946316024,"23:00.43",146,336
4,216,"KENNA WOLBERG","Warner","B",199.035396887531,"20:47.93",338,146
4,217,"MONROE MILLER","SF Lincoln","AA",734.896140937512,"22:49.82",165,319
4,218,"HOPE ROHE","SF Christian","A",1043.40262936586,"23:20.23",118,368
4,219,"KAYLOR NEKL","SF Lincoln","AA",136.52542269179,"20:08.83",397,95
4,220,"REAGAN OSTRANSKY","SF Lincoln","AA",137.607933469032,"20:10.63",396,98
4,221,"GRACYN KADLEC","Ipswich","B",140.496382980431,"20:12.74",392,102
4,222,"AMYA PRUE","White River","B",706.818885170207,"22:51.50",170,324
4,223,"PHOENIX RED OWL","Little Wound","A",377.353602535308,NA,247,NA
4,224,"ADALYN FIEGEN","St. Mary's","B",447.788570143536,"22:21.04",227,270
4,225,"TENLEY LEBRUN","Flandreau","A",263.770430499438,"21:25.85",302,200
4,226,"FALLON WIETZKI","North Central","B",1147.52267359359,"23:42.43",109,393
4,227,"ALEXA STONE","Belle Fourche","A",266.409821093762,"21:26.68",299,205
4,228,"KALLA FOERSTER","Brookings","AA",166.24493174365,"20:45.27",364,142
4,229,"CAMDEN PETERSON","Harding County","B",868.059121512336,"23:20.75",139,369
4,230,"SHELLY LARVIE","St. Francis Indian","A",802.336202191022,"23:15.33",149,362
4,231,"LILLY GERLACH","Watertown","AA",333.444660682498,"22:00.00",269,244
4,232,"DELANEY YOUMANS","Yankton","AA",140.116010064978,"20:26.89",393,121
4,233,"MYKELTI OLSON","James Valley Christian","B",316.611460304437,"21:56.98",273,242
4,234,"EMERY WAGNER","Harrisburg","AA",306.103564918055,"21:55.91",278,240
4,235,"KINSLEY DVORACEK","Bon Homme","A",496.699149178777,"22:40.11",210,308
4,236,"JORDYN ZEISLER","Burke","B",693.945772348641,"23:08.49",172,352
4,237,"MAGGIE MILLER","SF Lincoln","AA",630.890412698733,"23:06.61",179,348
4,238,"KELSEY SUNDERMANN","West Central","A",291.858231852619,"22:00.81",285,247
4,239,"NORA SHEPARDSON","Ethan/Parkston","A",382.579023686702,"22:29.70",244,289
4,240,"AUBREY BORNS","West Central","A",161.142187850448,"21:00.81",372,163
4,241,"JOSIE VLIEGER","Huron","AA",168.370136695199,"21:07.77",362,174
4,242,"KAMILLE SCHMIDT","Lennox","A",129.533652321424,"20:34.62",409,129
4,243,"PAIGE AHLEMEIER","Gettysburg","B",196.633389768122,"21:25.08",341,198
4,244,"AURORA EVANS","Douglas","AA",82.9453228989784,"19:58.11",456,85
4,245,"ASHLYNN WELLMAN","Rapid City Stevens","AA",206.933209562705,"21:30.08",333,210
4,246,"BRENNA BOLTE","Parker/Marion","A",514.073956614612,"23:01.81",202,342
4,247,"LAYLA DRIELING","Belle Fourche","A",131.965964491091,"20:44.63",407,140
4,248,"LILLIE BODEN","Beresford","A",397.668326090388,"22:41.84",238,309
4,249,"HANNAH SONSTEBO","Webster Area","A",265.237142337701,"22:01.23",300,248
4,250,"HEIDI CARLSON","Iroquois/Lake Preston","B",769.716167115078,"23:38.50",160,388
4,251,"PEYTON HANSEN","Centerville","B",417.519165665957,"22:49.61",231,318
4,252,"PRIA MARTINELL","Tri-Valley","A",206.921794509333,"21:35.91",334,217
4,253,"MONICA MORAN","St. Thomas More","A",207.674582898396,"21:41.12",332,222
4,254,"SOFIA HANSON","Elk Point-Jefferson","A",302.56986708705,"22:24.12",282,272
4,255,"ELLA GREENE","Dakota Valley","A",374.655559158954,"22:39.72",250,307
4,256,"AVERY QUAM","Madison","A",268.612389176022,"22:18.71",298,262
4,257,"GRETCHEN CURTIS","Tea Area","AA",376.844007200043,"22:45.03",249,312
4,258,"MINA BJORUM","Scotland","B",605.342945249805,"23:27.74",182,380
4,259,"DANIELLA VAN ZEE","SF Roosevelt","AA",75.7241602539716,"20:10.90",467,99
4,260,"ADRIENNE WHITE LANCE","St. Francis Indian","A",894.925998346502,"24:19.20",135,432
4,261,"OLIVIA SCHULTZ","Freeman","B",293.466477979669,"22:28.90",284,287
4,262,"EVIE NOVSTRUP","Aberdeen Central","AA",137.626240549454,"21:11.22",395,181
4,263,"EMMY CHRISTENSEN","Ethan/Parkston","A",345.428818479883,"22:47.79",260,316
4,264,"AFFINITY IRON HAWK","Dupree","B",377.537580354105,"22:57.83",246,330
4,265,"ELLA FOX","Mount Vernon/Plankinton","A",778.731419187591,"24:06.10",157,419
4,266,"BRYNN VOSS","Beresford","A",685.75085733271,"23:56.72",173,406
4,267,"GRACE PRESZLER","Aberdeen Central","AA",65.7548357386069,"20:16.54",474,108
4,268,"ISABELLE LEE","Colman-Egan","B",198.496965129508,"22:00.50",339,245
4,269,"AUBREE MINER","Cheyenne-Eagle Butte","A",246.962218040871,"22:22.42",313,271
4,270,"LACEY EASTON","Hanson","A",285.458157684139,"22:32.78",288,296
4,271,"MADYN LACEY","Dell Rapids","A",305.871790507279,"22:37.25",279,305
4,272,"LOLA UNDERBERG","Tea Area","AA",344.825802116754,"22:50.86",262,322
4,273,"OLIVIA KERKVLIET","SF Christian","A",732.045761697818,"24:06.78",166,420
4,274,"PRESLEY HOUSKA","Chamberlain","A",306.756931486661,"22:44.84",277,311
4,275,"ISABELA TORBERSON","Belle Fourche","A",152.171032998475,"21:27.03",382,207
4,276,"KHLOE COCHRAN","Aberdeen Central","AA",106.803304268399,"20:56.63",436,158
4,277,"ALYVIA GEFFRE","Tri-State","A",499.329438609198,"23:35.51",207,387
4,278,"APRIL SKLUZAK","Kimball/White Lake","B",144.330407131337,"21:28.08",388,208
4,279,"JORDYN JOHNSON","Brookings","AA",80.3845354868237,"20:42.86",462,135
4,280,"SIRI KNUTSON","SF Washington","AA",78.7634935988398,"20:41.82",464,134
4,281,"LOGAN CASTLE","Tea Area","AA",98.4470659239028,"20:50.35",447,151
4,282,"ARIA PRASNICKI","Milbank","A",477.201228711412,"23:30.26",215,383
4,283,"ALEXA NANNINGA","Freeman","B",271.371551735336,"22:36.14",296,304
4,284,"ALLISON BRENNER","Aberdeen Central","AA",81.8244106175305,"20:46.68",458,144
4,285,"IRIS ZYLSTRA","Sturgis Brown","AA",177.136599736539,"22:04.19",351,251
4,286,"SOPHIA JOHNSON","Lennox","A",44.3932077191155,"20:18.22",500,110
4,287,"ELODIE WOOD","Warner","B",135.688596008882,"21:32.71",399,214
4,288,"SOPHIA HATLELI","Spearfish","AA",120.91195324772,"21:24.62",418,196
4,289,"ASPEN VENEKLASEN","Hill City","A",98.7003395607019,"21:06.21",445,170
4,290,"SIENNA NECK","Todd County","A",872.63704753784,"25:22.82",138,477
4,291,"MOLLY NIX","Jones County","B",1263.5,"26:19.80",99,517
4,292,"MISTY DRIELING","Belle Fourche","A",55.3157195095057,"20:36.72",486,131
4,293,"VICTORIA GASSEN","SF Christian","A",622.577777031057,"24:28.93",180,437
4,294,"TAYLOR ZEISLER","Burke","B",338.753326512854,"23:08.12",268,351
4,295,"BERGEN BUMANN","SF Washington","AA",120.436400080748,"21:26.21",419,201
4,296,"GABBY DEVRIES","SF Washington","AA",135.011553081229,"21:42.40",400,223
4,297,"RHYANN ROSELAND","Faulkton Area","B",178.634794321126,"22:25.20",350,276
4,298,"GABBIE EICHMANN","Canistota","B",288.014712694164,"23:01.34",286,341
4,299,"EMILIE REEDY","Sturgis Brown","AA",122.048381715767,"21:31.92",416,213
4,300,"HAILEY WOODWARD","Custer","A",152.426505568149,"22:08.06",379,254
4,301,"MAISEY KNUDSON","Canton","A",469.093487745024,"24:05.56",216,418
4,302,"ABBY HILLESON","Tea Area","AA",42.2947740149608,"20:39.13",504,132
4,303,"ASHLYNN WARRINGTON","Groton Area","A",173.698678804671,"22:27.36",356,280
4,304,"MICAIAH BRANTNER","James Valley Christian","B",152.370963024946,"22:13.70",380,257
4,305,"HAILEY TIAHRT","Baltic","A",153.32852449925,"22:16.53",376,261
4,306,"NORA PESTER","Huron","AA",170.819223966654,"22:25.94",360,277
4,307,"MACY MUELLER","Milbank","A",80.8661968005794,"21:10.20",459,179
4,308,"CARSON SEVERSON","Vermillion","A",454.2594427424,"24:02.25",225,414
4,309,"ELLA BARTZ","SF Lincoln","AA",40.8869687533946,"20:40.80",507,133
4,310,"MADDY CAMPBELL","Spearfish","AA",107.421366982391,"21:27.01",434,206
4,311,"MIRIAM MEYER","Madison","A",342.391398085328,"23:22.65",266,374
4,312,"JAYDA JENSEN","Watertown","AA",86.3420977295605,"21:21.64",453,191
4,313,"MILA HEISINGER","Lead-Deadwood","A",349.493756948252,"23:34.48",258,386
4,314,"SLOAN THOMPSON","Harding County","B",457.832510179297,"24:09.37",221,423
4,315,"JORJA WEBER","McCook Central/Montrose","A",185.001341431007,"22:33.85",347,299
4,316,"ESTIE KUCHTA","Irene-Wakonda","B",372.43900151756,"23:47.11",252,400
4,317,"CAMBRY VOSS","Beresford","A",553.425332856851,"24:54.41",194,459
4,318,"GABRIELLE KENNY","Todd County","A",840.113302335512,"26:06.83",144,510
4,319,"ERIN HARMS","Douglas","AA",106.672365135106,"21:38.79",437,218
4,320,"KAITLYN DASCHEL","Dakota Valley","A",301.550706005279,"23:22.67",283,375
4,321,"NATALIE DREISKE","Lemmon","B",372.258403106709,"23:56.89",253,407
4,322,"AMELIA GIESE","Deuel","A",71.9059112432125,"21:20.28",471,190
4,323,"LUCILLE AHART","Newell","B",114.105527777667,"21:50.62",430,232
4,324,"EMMA LINDAMAN","SF Lincoln","AA",499.301231619301,"24:50.20",208,454
4,325,"GRETA ODENBACH","Lemmon","B",342.410792837166,"23:46.75",265,398
4,326,"KYLAH BIGGINS","Chamberlain","A",71.6402927357361,"21:24.90",472,197
4,327,"BREAW NETH","Scotland","B",416.28298285573,"24:32.58",232,439
4,328,"ALEXSIS RED BIRD","Todd County","A",258.854705103925,"23:22.41",304,372
4,329,"KAELYN SWENSON","Brandon Valley","AA",268.87274167349,"23:26.03",297,379
4,330,"ANNALISE RITER","SF Lincoln","AA",461.160165315049,"24:52.37",219,458
4,331,"CAROLINE WIESE","Brandon Valley","AA",54.2153246293007,"21:22.98",487,192
4,332,"LOU SCHLADWEILER","Madison","A",127.738575938826,"22:20.98",410,269
4,333,"AVAH NEWMAN","Iroquois/Lake Preston","B",494.56053461781,"25:12.64",212,470
4,334,"JAESHAWNIA IRON HAWK","Dupree","B",140.783401406724,"22:31.11",391,292
4,335,"MYA FLEMMING","Wolsey-Wessington","B",258.754536462123,"23:25.84",305,378
4,336,"LANDREE LAMONT","Bison","B",568.80009227646,"25:42.64",190,493
4,337,"MIKAYLA DENNIS","Custer","A",77.7286931885578,"21:40.20",466,219
4,338,"ALY GRUENWALD","Redfield","A",214.907663517778,"23:11.92",328,358
4,339,"ROSA AINSLIE","Bennett County","B",698.959068687372,"26:17.94",171,516
4,340,"LUCY DEVRIES","SF Washington","AA",425.584952562174,"24:55.26",228,460
4,341,"ADDISYN HEINRICH","Warner","B",193.227205747355,NA,344,NA
4,342,"ADISON ARMSTRONG","Rapid City Stevens","AA",34.0651856791446,"21:06.31",518,171
4,343,"LENLEE MILLS","Platte-Geddes","A",115.058693378127,"22:18.84",429,263
4,344,"MACIE DEAN","Ethan/Parkston","A",152.575748895571,"22:46.70",378,315
4,345,"GABBY WERDEL","Miller","A",115.783727212943,"22:19.56",428,266
4,346,"SILVANA HOUSKA","Chamberlain","A",173.630299134123,"23:01.00",357,338
4,347,"DULCIE VEURINK","Platte-Geddes","A",219.863765757138,"23:20.92",326,370
4,348,"ESTHER BURKHALTER","Bison","B",378.761575362437,"24:49.86",245,453
4,349,"SAVANAH WIELENGA","Menno","B",311.442905348839,"24:12.06",275,425
4,350,"ADDISON JASPERS","West Central","A",24.866549294788,"21:02.93",534,167
4,351,"TANAEYA WANNA","Sisseton","A",263.708964513314,"23:48.09",303,401
4,352,"HALLEY MILLER","Arlington","B",356.836945055134,"24:40.26",257,447
4,353,"ALEAH GRAHAM","West Central","A",227.853242103838,"23:31.53",321,384
4,354,"TAYA STONE","Wagner","A",242.542016382535,"23:44.42",314,396
4,355,"JOSLIN BORDEAUX","St. Francis Indian","A",821.481886478352,"28:02.87",148,562
4,356,"MARLEE HAYES","McIntosh","B",174.824614723797,NA,355,NA
4,357,"BRYNNLY HUBER","Herreid/Selby Area","B",157.250120282328,"23:01.00",374,338
4,358,"SEELEY VANOVERBEKE","Arlington","B",151.21125086348,"22:58.51",383,331
4,359,"LIZ VOGEL","Dell Rapids","A",161.596728518717,"23:02.22",370,344
4,360,"PAYCEE LEE","Deuel","A",43.4365962929129,"21:33.01",503,215
4,361,"ADELIA GROHER","SF Lincoln","AA",392.414360671298,"25:22.82",241,477
4,362,"SHERIDAN MADDEN","Rapid City Central","AA",79.3975108648714,"22:14.10",463,258
4,363,"SAIGE JUNGWIRTH","Redfield","A",310.635748557702,"24:46.10",276,450
4,364,"KIMI RAMA","Mahpiya Luta","A",376.906448203746,"25:36.30",248,485
4,365,"TRINITY HOURIGAN","Spearfish","AA",41.279032238862,"21:46.67",506,228
4,366,"MORAH SWARTZENDRUBER","Miller","A",189.865179221578,"23:39.00",345,389
4,367,"ADDY WITTE","Dell Rapids","A",126.681045654722,"22:52.27",411,325
4,368,"JOANNA GUMS","Deuel","A",57.0540606198085,"22:09.37",484,255
4,369,"JEWEL BORDEAUX","St. Francis Indian","A",670.282875880874,"28:26.38",175,564
4,370,"WHITLEY BALOUN","Highmore-Harrold","B",175.483288852299,"23:40.40",352,391
4,371,"GRACE LIST","Watertown","AA",22.8075573813376,"21:26.59",541,204
4,372,"KAHLEN PETERSON","Yankton","AA",38.8465722700058,"21:52.61",510,235
4,373,"ALLISON LEBER","Canistota","B",167.991906570475,"23:29.67",363,382
4,374,"ABIGAIL EISENBRAUN","Rapid City Stevens","AA",62.5615987612144,"22:20.70",478,268
4,375,"IVORY LABATTE","Sisseton","A",225.851949349724,"24:08.00",324,422
4,376,"MAKENZI HAM","Custer","A",33.1678786501384,"21:44.60",521,226
4,377,"CARSON ERNSTER","SF Lincoln","AA",361.496865588106,"25:45.00",254,494
4,378,"KYLIE GOSCH","SF Roosevelt","AA",2.13740972414875,"20:59.68",589,161
4,379,"PAIGE MENTELE","Howard","B",210.397484858029,"24:07.07",330,421
4,380,"KANYN PADDEN","Harding County","B",345.396424728507,"25:42.38",261,492
4,381,"LIANA WISE","Brandon Valley","AA",35.6244562978742,"21:55.92",517,241
4,382,"HADLEY GJERDE","Clark/Willow Lake","A",80.6105030509742,"22:33.52",460,298
4,383,"LUCY CARLSON","Lennox","A",7.38183434059205,"21:23.74",568,194
4,384,"AUBRIE BRENDSEL","Brandon Valley","AA",50.3784350801504,"22:24.18",489,273
4,385,"ELISE JOHNSON","O'Gorman","AA",54.096886223173,"22:26.50",488,278
4,386,"BRYNN CLEMENTSON","SF Lincoln","AA",332.690084111553,"25:46.85",270,497
4,387,"CALLIE BOURNE","Dakota Valley","A",161.703528084905,"23:47.06",369,399
4,388,"WILLOW ISBURG","Chamberlain","A",132.030994206753,"23:18.59",406,363
4,389,"NATALIE KAHLER","Brookings","AA",209.94510474659,"24:30.81",331,438
4,390,"BROOKE THAYER-BURKE","Hill City","A",63.8020499525105,"22:31.17",477,293
4,391,"SHANNON LAVENDER","Philip","B",599.642683585329,"31:04.74",184,587
4,392,"KENNADEE WAGNER","Warner","B",72.6113706827342,"22:35.54",470,303
4,393,"DANNICA SHEETS","Aberdeen Central","AA",282.713127986819,"25:35.00",290,483
4,394,"CALISTA SAHR","Madison","A",186.008122132351,"24:15.11",346,428
4,395,"EMMA SHELDON","Rapid City Stevens","AA",47.1208896936179,"22:27.40",495,281
4,396,"OLIVIA BOYLE","Corsica-Stickney","B",162.977974393115,"23:59.80",367,409
4,397,"FAITH PEKRON","Parker/Marion","A",343.612556009445,"26:09.93",263,514
4,398,"SARAH MESSLER","Gayville-Volin","B",415.96359071552,"27:25.47",233,548
4,399,"KATIE SPATZ","Sisseton","A",201.722595134538,"24:39.98",337,446
4,400,"SADIE MUELLER","Ethan/Parkston","A",41.6122222632325,"22:27.10",505,279
4,401,"JAYCIE RUSH","Dakota Valley","A",134.713261309507,"23:27.91",403,381
4,402,"JAIDYNN GIEDD","De Smet","B",410.260965338613,"27:26.59",235,549
4,403,"JAYDA WESTLING","Rapid City Central","AA",43.7510178512578,"22:28.40",502,283
4,404,"TRUEN BAST","Miller","A",257.372302876089,"25:21.65",309,476
4,405,"CHLOE LEE","Lead-Deadwood","A",220.206269668297,"24:56.05",325,461
4,406,"GRACE ROTH","North Central","B",110.792811197246,"23:10.00",432,355
4,407,"STELLA WARREN","Vermillion","A",488.349703590201,"29:18.03",213,575
4,408,"TAYTUM BANKS","Crazy Horse","B",563.113230370413,"33:54.26",192,597
4,409,"ALLISON LOEWE","Lennox","A",12.482287582582,"21:53.44",555,237
4,410,"KAELYN SMITH","Mount Vernon/Plankinton","A",73.4794475933286,"22:50.92",469,323
4,411,"TESSA AUDISS","Rapid City Christian","A",165.219725788353,"24:15.00",365,427
4,412,"HALEY CAHOY","Aberdeen Central","AA",258.382130300188,"25:39.00",306,487
4,413,"ADDISON MUTH","Yankton","AA",7.23369293946878,"21:46.64",569,227
4,414,"ALEXIS ROESLER","Wessington Springs","B",61.9270486253496,"22:49.42",479,317
4,415,"CADENCE CAP","Scotland","B",240.835341309076,"25:32.30",315,481
4,416,"LILLIE SCHMIT","Sioux Valley","A",2.49839558675473,"21:31.80",588,212
4,417,"MAGGIE DOWLING","Jones County","B",328.696400721153,"26:47.97",272,528
4,418,"ANCORA GILKERSON","Oldham-Ramona-Rutland","B",237.826885255333,"25:35.88",317,484
4,419,"EMILY KEHN","Baltic","A",343.409736553259,"27:10.17",264,537
4,420,"LUCY VARGAS","St. Mary's","B",103.824503437107,"23:15.09",441,361
4,421,"LILYANNA WRIGHT","SF Washington","AA",305.860238618686,"26:31.49",280,523
4,422,"HADLEY WALKER","Hill City","A",38.7158552032845,"22:32.40",511,294
4,423,"AINE GRAESSER","Chamberlain","A",226.319593895105,"25:32.36",323,482
4,424,"MADELINE CARCAMO","Rapid City Stevens","AA",5.54926732380749,"21:49.90",576,231
4,425,"GRACIE BANKS","Mahpiya Luta","A",100.162693798346,"23:18.69",443,364
4,426,"MOLLY ENGEBRETSON","Madison","A",138.277446951427,"24:02.17",394,413
4,427,"MARIN RHODE","Canton","A",463.291230159753,"31:36.30",218,590
4,428,"TAYA WETTLAUFER","Howard","B",126.477291877244,"23:44.68",412,397
4,429,"TENLY SLABA","Hanson","A",130.219907791349,"23:49.88",408,403
4,430,"KYNSLEE MUSHITZ","Miller","A",233.771749535138,"25:41.65",320,491
4,431,"IRIS RAMEY","Aberdeen Central","AA",48.9243644793935,"22:50.72",491,321
4,432,"MIKAELA MALSOM","North Central","B",82.3283405105869,"23:10.00",457,355
4,433,"ADDISON NYDAM","Mitchell Christian","B",58.9902508330387,"22:59.49",480,333
4,434,"HANNAH RIGO","Freeman","B",173.127299340522,"24:57.77",358,462
4,435,"NIKA FURNEY","Scotland","B",106.950299813152,"23:41.77",435,392
4,436,"CHASTITY HAWK","Chamberlain","A",195.593167805724,"25:37.74",343,486
4,437,"KIRTI PICKARD","Dell Rapids","A",311.639798508658,"27:39.57",274,555
4,438,"LIVIA KNECHT","Britton-Hecla","A",85.5761390223277,"23:23.10",454,376
4,439,"CAROLINE HUBER","SF Lincoln","AA",280.881652464827,"27:10.65",292,538
4,440,"PAYTON LOGAN","Gayville-Volin","B",118.389276559591,"23:58.72",425,408
4,441,"AVERY BIRKEL","Gregory","B",148.861259938966,"24:45.80",385,449
4,442,"TYANN BALSDAN","Brandon Valley","AA",172.381049578424,"25:21.10",359,475
4,443,"CORDELIA ADAMS","Canton","A",264.277171910039,"27:09.03",301,535
4,444,"MEREDITH LARSON","Baltic","A",26.8198864300203,"22:44.40",529,310
4,445,"JAYLYNN KNOX","Highmore-Harrold","B",105.213158267442,"23:48.81",438,402
4,446,"HAYLEN SCHNECK","Milbank","A",40.4782723590311,"22:59.67",508,334
4,447,"MIA RIIBE","Dakota Valley","A",118.149251697483,"24:03.28",426,416
4,448,"REBECCA HAICH","Irene-Wakonda","B",119.729606530736,"24:11.57",421,424
4,449,"MEREDITH DECKER","Tea Area","AA",20.9436122910924,"22:35.26",544,302
4,450,"LILY SWANSON","Huron","AA",48.6174019914008,"23:09.53",492,354
4,451,"SAMANTHA MONEKE","SF Lincoln","AA",257.636274329806,"27:18.09",307,542
4,452,"MASYNN MEBIUS","Wessington Springs","B",35.9028377823431,"23:00.18",515,335
4,453,"REGINA MEDINA","Mount Vernon/Plankinton","A",256.15131339537,"27:15.15",310,540
4,454,"MADDIE NEBELSICK","Ethan/Parkston","A",152.215046850368,"25:18.57",381,473
4,455,"BROOKLYN REINERS","Tea Area","AA",18.9016323535817,"22:45.43",546,313
4,456,"EMMA REMPFER","Menno","B",196.526750282446,"26:22.68",342,519
4,457,"RYLIN WIPF","James Valley Christian","B",35.6746664122338,"23:05.06",516,346
4,458,"KATE BLAIR","Belle Fourche","A",0.565787864808355,"22:19.83",596,267
4,459,"TARA ENGELSON","SF Lincoln","AA",236.013229877126,"27:24.76",319,546
4,460,"RACHEL STEFFENSEN","Arlington","B",27.7309648246163,"23:01.18",527,340
4,461,"TAYLOR BOEHNKE","Tea Area","AA",50.2771109930007,"23:23.51",490,377
4,462,"MCKENZIE RANS","Belle Fourche","A",5.35312880412765,"22:30.77",577,291
4,463,"QUINN HURD","Miller","A",78.3194934533894,"23:51.00",465,404
4,464,"KATHERINE O'NEAL","Rapid City Christian","A",117.803480741292,"24:35.96",427,442
4,465,"ALIYAH PETERS","Hill City","A",12.4028703530875,"22:46.11",556,314
4,466,"IZABELL CEROLL","Sisseton","A",161.249731975753,"25:49.62",371,500
4,467,"MARLEE OLSEN","Dakota Valley","A",134.464587622104,"25:11.13",404,468
4,468,"MICHELLE HAS HORNS","McLaughlin","B",211.246597378287,"27:18.30",329,543
4,469,"KATIE BRETSCH","Frederick Area","B",100.690319583299,"24:26.33",442,436
4,470,"SHARON ZHANG","Great Plains Lutheran","A",90.2269922981523,"24:22.20",450,433
4,471,"BRYNN KIRK","Sisseton","A",237.378035986981,"28:40.14",318,566
4,472,"LEXI WILKINS","Custer","A",11.6582542957742,"22:52.76",559,326
4,473,"ELLA PERMAN","Herreid/Selby Area","B",170.347939981496,"26:31.96",361,524
4,474,"CHARLEE BIERLE","Sturgis Brown","AA",11.8473892439594,"22:54.35",558,328
4,475,"MALYSSA FOUR HORNS","St. Francis Indian","A",237.943121643957,"29:11.74",316,573
4,476,"ROYALE GHOST","Little Wound","A",281.775439344022,"34:40.19",291,598
4,477,"ANASTASIA KIEFFER","SF Washington","AA",215.90839918389,"28:11.99",327,563
4,478,"SKYLAR LAWSON","Mitchell","AA",27.937210027476,"23:19.33",526,366
4,479,"DAPHNE BROUWER","Centerville","B",119.554572851435,"25:18.07",422,472
4,480,"PHOEBE BENTLEY-BUSCHUR","Hill City","A",22.8007971949435,"23:08.55",542,353
4,481,"EMERSON BUCHHOLZ","Rapid City Stevens","AA",14.199024449509,"23:05.30",549,347
4,482,"RUE KNUDSON","Mobridge-Pollock","A",28.0334783000965,"23:22.63",525,373
4,483,"HARPER SCHADE","Redfield","A",158.683649495444,"26:39.60",373,525
4,484,"OHANNA SINCLAIR","Aberdeen Central","AA",26.9363618017872,"23:21.63",528,371
4,485,"ELIZABETH BOSCHEE","Sanborn Central/Woonsocket","B",67.768749867054,"24:13.17",473,426
4,486,"HALEY HARKNESS","Elk Point-Jefferson","A",203.906825745791,"28:38.36",336,565
4,487,"KASSANDRA ABBAS","Platte-Geddes","A",141.56377165703,"26:16.38",390,515
4,488,"TRUDIE HOFER","Mitchell Christian","B",175.084832825378,"27:29.44",353,552
4,489,"LILLY FLOOD","Aberdeen Central","AA",149.516577779999,"26:31.00",384,522
4,490,"AUBREY GUY","Sisseton","A",124.417461546243,"25:45.53",413,495
4,491,"JAYDE BAIRD","SF Jefferson","AA",197.224018485284,"29:03.00",340,570
4,492,"CLARA HERREID","Aberdeen Christian","B",47.3009291811183,"24:05.30",494,417
4,493,"ISABELLA MACK","Tri-Valley","A",227.171230846801,"31:36.98",322,591
4,494,"CINDER HOFFMAN","Sisseton","A",203.923569484165,"29:47.75",335,581
4,495,"SOFIA GONZALEZ","Brookings","AA",148.803549706962,"26:57.58",386,531
4,496,"TESSA HINMAN","Sunshine Bible Academy","B",26.1147486981828,"23:33.66",533,385
4,497,"JORJA NELSEN","Florence/Henry","A",88.3510549802192,"25:04.91",452,466
4,498,"SAVANNAH HADORN","Rapid City Central","AA",9.43199884225749,"23:12.10",561,359
4,499,"HAILEY LAHR","Flandreau","A",152.649243745376,"27:20.17",377,544
4,500,"MAYCIE KNUTSON","SF Lincoln","AA",179.868304858579,"29:11.45",349,572
4,501,"VIOLET VYSKOCIL","Parker/Marion","A",174.824719073052,"29:00.61",354,569
4,502,"AUBREY HADORN","Rapid City Central","AA",8.66437243912791,"23:14.30",564,360
4,503,"ANNIAH RUSSELL","Herreid/Selby Area","B",24.1121325299839,"23:40.00",536,390
4,504,"ABBY DOSE","Canton","A",45.9486705918534,"24:15.17",497,429
4,505,"AMELIA LOBAN","Hamlin","A",38.3710626779989,"24:02.60",512,415
4,506,"ELSA SCHIFERL","Aberdeen Central","AA",4.58499660396414,"23:06.85",580,349
4,507,"ANNIKA OLSON","Lead-Deadwood","A",109.229634858029,"25:45.72",433,496
4,508,"QUINN WOLBERG","Warner","B",80.5687516616581,"25:11.75",461,469
4,509,"TYLER GIBSON","Tri-Valley","A",74.5055654942351,"25:03.06",468,465
4,510,"KATELYN BOND","Canistota","B",119.089271070965,"26:04.05",424,509
4,511,"ZAYDA TOWNSEND","Milbank","A",7.4246807641679,"23:20.16",567,367
4,512,"ALAINA ALBRECHT","De Smet","B",98.5926967910884,"25:41.09",446,490
4,513,"ELLA KAMPS","Tea Area","AA",134.937764393359,"27:09.94",401,536
4,514,"SAMANTHA TROXELL","Madison","A",48.0299545809088,"24:39.55",493,445
4,515,"LAINEY GOERTZ","Sanborn Central/Woonsocket","B",20.8087346532494,"23:43.33",545,394
4,516,"BAILEY NOLD","Aberdeen Roncalli","A",43.9272384812159,"24:35.82",501,441
4,517,"ANNA NORBY","Dakota Valley","A",99.9209721678355,"25:47.16",444,498
4,518,"LEAH CRICK","Menno","B",142.808224417143,"27:39.19",389,554
4,519,"MYLI WEISCHEDEL","Sully Buttes","B",23.7883879041831,"23:54.00",539,405
4,520,"ANISTON WHITLEY","Redfield","A",136.227810519938,"27:25.04",398,547
4,521,"BAILEY MINES","Yankton","AA",0.412450973434846,"23:07.82",598,350
4,522,"KENZI RED OWL","Little Wound","A",162.679668753396,"30:07.92",368,583
4,523,"ALIZA ADDY","Canistota","B",56.4051671921579,"25:06.84",485,467
4,524,"JADIS REDDY","Little Wound","A",119.307542722893,"26:48.99",423,529
4,525,"KARA DOSE","Canton","A",33.6896138477491,"24:22.81",519,434
4,526,"NATALIE HYRONIMUS","Tea Area","AA",122.086548736848,"27:15.50",414,541
4,527,"BRYNN TOWNSEND","SF Lincoln","AA",163.755102548331,"31:20.98",366,589
4,528,"ADA MADDOX","Great Plains Lutheran","A",26.6450191705049,"24:15.82",530,431
4,529,"EMMA SCOTT","Lead-Deadwood","A",95.8116233296,"26:09.29",448,513
4,530,"RONA STREITZ","Flandreau","A",132.219732282007,"27:53.46",405,559
4,531,"AMYA WARD","Sioux Valley","A",0.28754037005512,"23:19.17",601,365
4,532,"KAELYN LEFORS","Douglas","AA",8.09300061330806,"24:01.24",565,412
4,533,"JAYLEA MILLER","Parker/Marion","A",65.601706903149,"25:54.50",475,503
4,534,"EMERSON KURKIEREWICZ","SF Lincoln","AA",148.803549706962,"31:49.77",386,592
4,535,"MACEY WIGG","SF Jefferson","AA",31.9586894942076,"24:51.95",522,457
4,536,"JESSI BACHMAN","Newell","B",58.7892351132426,"25:52.62",481,501
4,537,"KENDALL CLAYTON","Brandon Valley","AA",21.4972522253822,"24:37.21",543,443
4,538,"NEVAEH REITZ","Clark/Willow Lake","A",44.5020336355474,"25:39.66",499,488
4,539,"ISABEL KULM","Flandreau","A",120.375047931744,"28:56.47",420,567
4,540,"DREAMER COURNOYER","Flandreau","A",57.652529321531,"26:03.56",482,508
4,541,"IVANA SCHAEFFER","Menno","B",112.095967911298,"28:00.78",431,560
4,542,"LUCIA HOLSING","Faulkton Area","B",121.338742266282,"29:13.70",417,574
4,543,"RAYONNA BRAVE BIRD","Little Wound","A",24.034283514075,"24:51.53",537,456
4,544,"MYA WARNKE","Gregory","B",91.4669111251159,"27:21.30",449,545
4,545,"SIENNA DEKAM","SF Lincoln","AA",134.937764393359,"31:55.56",401,593
4,546,"ALEXIS (LUCY) DALEY","Mitchell","AA",0.364149644402158,"23:43.67",600,395
4,547,"DYSTINY LOSS","Arlington","B",104.875629507544,"28:02.53",439,561
4,548,"ELLA KOLOUSEK","Wessington Springs","B",1.74302560663516,"24:00.01",591,410
4,549,"KEONDRA WILSON","SF Lincoln","AA",122.086548736848,"33:13.44",414,595
4,550,"DARABY BOERSMA","Sunshine Bible Academy","B",14.3902957182038,"25:02.00",548,464
4,551,"SOPHIA SHUDAK","Yankton","AA",0.0912490564739364,"24:01.02",602,411
4,552,"ADELAIDE KLEINSCHMIDT","Rapid City Stevens","AA",3.99686620646168,"24:15.80",583,430
4,553,"SYDNIE PISCHEL","Mitchell","AA",13.6523788407304,"24:59.16",551,463
4,554,"M'KENZIE LAROCHE","Lower Brule","B",57.2779536559484,"27:03.90",483,533
4,555,"EMMA REIHE","Watertown","AA",6.19225041669851,"24:37.27",573,444
4,556,"MARIA ADDY","Canistota","B",23.9538135345297,"25:23.13",538,479
4,557,"KAYLA HARRIS","Rapid City Stevens","AA",3.65265819794464,"24:23.40",585,435
4,558,"JACLYN RICHTER","Pierre T.F. Riggs","AA",6.54422387929511,"24:48.79",572,452
4,559,"SCARLETT COLE","Andes Central/Dakota Christian","B",104.673954723255,"30:11.93",440,584
4,560,"LANDRIE HAHN","Colman-Egan","B",45.1070709010396,"26:45.75",498,527
4,561,"ANNA MARTINMAAS","Faulkton Area","B",36.2182236521695,"26:08.61",514,512
4,562,"SADIE CARLSON","Gregory","B",46.8569319767041,"27:05.26",496,534
4,563,"CLAIRE ROWLEY","McCook Central/Montrose","A",28.0976869607293,"26:01.16",524,507
4,564,"KAIDENCE RUDE","Tri-Valley","A",89.744831930851,"29:35.73",451,580
4,565,"GENTRIE BLASIUS","Kimball/White Lake","B",1.73789499943158,"24:35.45",592,440
4,566,"CLAIRE VOGEL","McCook Central/Montrose","A",26.2416058314152,"25:55.61",532,504
4,567,"ALLIE GORTMAKER","Miller","A",4.05220080510369,"24:50.39",582,455
4,568,"JAY RIOS","Douglas","AA",1.8237951983388,"24:41.76",590,448
4,569,"BRYSTAL WALLMAN","Miller","A",6.90543477103879,"25:13.00",570,471
4,570,"AMARA RINEHART","Mitchell","AA",9.3978080524121,"25:28.36",562,480
4,571,"LILY SCHLUETER","Tri-Valley","A",29.8605100160195,"26:28.98",523,520
4,572,"ALEXIS MOORE","Kimball/White Lake","B",0.586015298487166,"24:46.77",594,451
4,573,"LEILIA PLENTY WOUNDS","Oelrichs","B",85.2575903343084,"44:20.66",455,599
4,574,"ANNIE BOURNE","Dakota Valley","A",13.8540989001234,"26:06.97",550,511
4,575,"KAT MCMAHON","Lead-Deadwood","A",37.1279794588977,"27:27.30",513,550
4,576,"KENDRA THORP","Custer","A",6.01840126281571,"25:39.77",575,489
4,577,"KASHLEY GOEBEL","Arlington","B",15.1131744670906,"26:21.44",547,518
4,578,"NORAH GONSOR","Aberdeen Roncalli","A",9.68658093089943,"26:00.00",560,506
4,579,"NEVAEH O'ROURKE","Little Wound","A",7.95860542729527,"25:53.52",566,502
4,580,"EVELYN GARCIA","Custer","A",0.579576728487841,"25:20.49",595,474
4,581,"PHOENIX RED ELK","Little Wound","A",65.3854956682761,"33:19.38",476,596
4,582,"KEIRA THORP","Custer","A",5.20138134278304,"25:47.89",578,499
4,583,"CHESNIE GISSELBECK","Castlewood","B",33.1896395210854,"27:46.15",520,557
4,584,"KALA MAXON","Platte-Geddes","A",11.9943561205917,"26:51.78",557,530
4,585,"ANNA ALVEY","Tri-Valley","A",39.4246583108481,"29:35.63",509,579
4,586,"MAKENNA PRYOR","Mount Vernon/Plankinton","A",13.0902193348372,"27:14.60",553,539
4,587,"BRIANNA NOBEL","Custer","A",6.0439100788873,"26:30.69",574,521
4,588,"GRACIE KRAMER","Tea Area","AA",0.39478524395519,"25:55.75",599,505
4,589,"AUBREY POWERS","Deuel","A",13.165704380619,"27:49.90",552,558
4,590,"DANIKA FLUTH","Tri-Valley","A",23.4781072304654,"29:07.93",540,571
4,591,"BETHANY MAHAFFY","Newell","B",3.64017294638969,"26:40.29",586,526
4,592,"SAIGE LESSMAN","Parker/Marion","A",9.20515867996798,"27:29.03",563,551
4,593,"DEVRAH MEYER","Madison","A",3.80176762176758,"27:01.37",584,532
4,594,"DAKOTA OBERG","Chester","B",26.6103163936586,"31:04.47",531,586
4,595,"CADENCE GOOD SOLDIER","Little Wound","A",24.4026694228713,"32:01.46",535,594
4,596,"JORDYN RED WING","Mahpiya Luta","A",4.47105928098816,"27:33.18",581,553
4,597,"BREELYN DEMERY","Faulkton Area","B",12.7909746517818,"30:03.23",554,582
4,598,"RILEY RAYSOR","Spearfish","AA",1.22613165590464,"27:45.90",593,556
4,599,"ADDISON KROGSTAD","Corsica-Stickney","B",4.94414393002823,"29:20.94",579,576
4,600,"AUDRINA ADAMS","Mitchell","AA",6.56014318042551,"31:04.90",571,588
4,601,"MONICA GIAGO","Mahpiya Luta","A",3.19827163446535,"29:23.83",587,577
4,602,"REMI HUBSCH","Webster Area","A",0.0300532797250898,"28:57.58",603,568
4,603,"LILY ANDERSON","Parker/Marion","A",0.00198263584599906,"29:30.47",604,578
4,604,"VANESSA GUTIERREZ","Little Wound","A",0.499675433622608,"30:35.98",597,585
5,1,"BRIANNA REILLY","Harrisburg","AA",26502.9134562529,"16:31.78",2,1
5,2,"ELLIE MADDOX","SF Christian","A",29338.5273022307,"16:33.95",1,2
5,3,"FAITH WIESE","Flandreau","A",20811.2792842038,"17:08.39",3,4
5,4,"HANNAH GENRICH","Harrisburg","AA",19864.5781044667,"16:44.72",5,3
5,5,"SADIE PETTENGILL","SF Christian","A",20464.7414084397,"17:18.59",4,5
5,6,"JERICA GLASSER","SF Christian","A",15709.7209488575,"18:00.59",6,8
5,7,"ALEX MCCULLOUGH","Dakota Valley","A",11123.2035030716,"17:33.79",9,6
5,8,"PEYTON VANDEEST","Spearfish","AA",10276.8200300893,"17:53.06",10,7
5,9,"JAYCIE BABB","Tea Area","AA",13065.4475100701,"18:11.53",8,10
5,10,"GRACE PHILLIPS","Chamberlain","A",15361.1353141864,"18:13.07",7,11
5,11,"MIA KADI","SF Lincoln","AA",8819.66414212822,"18:07.43",15,9
5,12,"EMERY LARSON","Pierre T.F. Riggs","AA",10088.3269251546,"18:27.24",13,15
5,13,"AUTUMN GILHOOLY","Harrisburg","AA",6632.91641759145,"18:15.71",20,13
5,14,"EMILY CURRAN","Brandon Valley","AA",8383.82504423898,"18:29.84",16,17
5,15,"ELLA BOEKELHEIDE","Northwestern","B",9582.31062610987,"18:36.89",14,21
5,16,"NATALIE SMITH","SF Christian","A",5817.64313669519,"18:14.63",24,12
5,17,"BROOKLYN SUNDERMANN","West Central","A",6683.55152521326,"18:33.96",19,19
5,18,"KORI KEIL","Spearfish","AA",10212.5909044751,"18:47.70",12,28
5,19,"KADANCE HOLSO","Rapid City Stevens","AA",10231.7488326612,"18:49.40",11,29
5,20,"CALLIE RADIGAN","Vermillion","A",5997.68314218066,"18:34.89",23,20
5,21,"ADDISON SCHOLTEN","Brandon Valley","AA",4514.36913393189,"18:27.78",32,16
5,22,"BAILEY VANDERGRIEND","SF Christian","A",5663.84082571842,"18:39.80",26,22
5,23,"ALLIE NOVSTRUP","Aberdeen Central","AA",5484.40359457744,"18:42.71",27,23
5,24,"ADIE MCVEY","Lennox","A",3843.74849739938,"18:22.30",41,14
5,25,"PEYTON BEATCH","Brandon Valley","AA",5696.82318414821,"18:49.55",25,30
5,26,"RORIE THORESON","Dell Rapids","A",6075.08892541971,"19:01.78",22,35
5,27,"KIRA UBENCE","Douglas","AA",3958.75020453671,"18:46.32",40,25
5,28,"ISABELLA GALBRAITH","Ipswich","B",5456.7805637907,"19:06.00",28,39
5,29,"EVELYN HURLEY","Rapid City Stevens","AA",6898.61637798786,"19:16.47",18,50
5,30,"MAXINE ORDWAY","SF Christian","A",3141.46611849658,"18:43.01",46,24
5,31,"MARISSA BOUWMAN","SF Washington","AA",3967.02442915447,"18:50.89",39,31
5,32,"BELLA DITTMER","SF Roosevelt","AA",3344.53958471347,"18:47.12",44,27
5,33,"KAMRYN NESHEIM","Clark/Willow Lake","A",7211.9874268635,"19:23.09",17,54
5,34,"EMMA TIDEMANN","Brandon Valley","AA",2273.80678257609,"18:31.43",57,18
5,35,"KALYNN OBAN","Ipswich","B",4707.83653372769,"19:12.00",30,46
5,36,"GWEN RICHTER","Pierre T.F. Riggs","AA",3187.34124827571,"18:51.18",45,32
5,37,"BRINNA SHELDON","Rapid City Stevens","AA",5296.06314286045,"19:19.86",29,51
5,38,"ADDISON CASSADY","Aberdeen Roncalli","A",6367.55014193652,"19:29.46",21,59
5,39,"ELOISE SCHARNBERG","Harrisburg","AA",4112.73488995851,"19:09.77",38,44
5,40,"JAYLA STILES","Ipswich","B",4383.93779037073,"19:21.00",33,52
5,41,"SARAH JOHNSON","West Central","A",3075.00951050107,"19:06.81",47,40
5,42,"BRYN BARKER","SF Christian","A",2164.89559990368,"18:46.52",62,26
5,43,"TARA BLACHFORD","Northwestern","B",4216.77603613804,"19:22.70",35,53
5,44,"LILIAN RUDE","Brandon Valley","AA",2406.15977586048,"19:05.84",53,38
5,45,"MADISYN GELLHAUS","Ipswich","B",4143.29614704752,"19:29.00",37,58
5,46,"NORA OLSEN","Deubrook Area","B",4313.63742856665,"19:38.48",34,63
5,47,"ALICE GUNDVALDSON","O'Gorman","AA",2893.05563998258,"19:13.14",51,47
5,48,"EMMELINE MURRAY","SF Lincoln","AA",2078.77297783532,"19:02.78",66,37
5,49,"FINLEY EVJEN","Canton","A",1768.56037626594,"18:59.69",77,33
5,50,"SIERRA SANDFORD","Spearfish","AA",3384.54911595153,"19:41.53",43,67
5,51,"AUTUMN FALLIS","Highmore-Harrold","B",4166.72195279463,"19:47.81",36,75
5,52,"CALLA WIESE","Flandreau","A",1737.6931105048,"19:11.09",80,45
5,53,"BRIELLE JENKINS","SF Lincoln","AA",1665.15425770185,"19:09.62",83,43
5,54,"ALLI MCCORD","Kimball/White Lake","B",2918.41085383832,"19:50.57",50,77
5,55,"JENNAY GISI","Ipswich","B",2722.11824956565,"19:49.00",52,76
5,56,"RYELLE GILBERT","Groton Area","A",1932.59601904684,"19:30.29",73,60
5,57,"AUTUMN BAKER","Kimball/White Lake","B",1372.56401272655,"19:00.93",102,34
5,58,"SHYLA TVEDT","Deuel","A",1268.56799330002,"19:07.40",107,41
5,59,"KATE MCELROY","Watertown","AA",1541.38646903089,"19:26.36",92,56
5,60,"EMMERSON EPPARD","Chester","B",2385.55225604516,"20:07.55",54,96
5,61,"ELLE HLAVAC","Scotland","B",4592.69085244224,"20:26.27",31,121
5,62,"LILY BAKER","Kimball/White Lake","B",1659.80599802262,"19:43.94",84,69
5,63,"CLAIRE GUTHMILLER","Bon Homme","A",3670.23601801684,"20:22.22",42,118
5,64,"KAILEY WINTER","Harrisburg","AA",1215.78111508246,"19:13.59",112,49
5,65,"KAYLIE KUEHL","Brookings","AA",2129.3718193232,"20:09.37",63,99
5,66,"TAYLOR HARRELSON","Rapid City Christian","A",3007.54034967637,"20:20.80",48,115
5,67,"JAYNA VANLAECKEN","Tea Area","AA",1037.33147588425,"19:08.75",123,42
5,68,"LONDYN SCHROEDER","Mitchell","AA",975.220552866863,"19:02.75",133,36
5,69,"SARAH GILHOOLY","Harrisburg","AA",1430.47814628338,"19:46.95",96,73
5,70,"LAURYN DONOVAN","Spearfish","AA",2089.82852778018,"20:12.42",65,104
5,71,"KYLEE JOHNSON","Deubrook Area","B",2104.14680712103,"20:16.16",64,109
5,72,"KENDAL UTTECHT","Wolsey-Wessington","B",2951.9664372835,"20:27.10",49,124
5,73,"LIA MUNDT","Belle Fourche","A",1202.04905696219,"19:33.26",113,62
5,74,"ELEANOR ANDERSON","Vermillion","A",1428.74876910391,"19:50.78",97,78
5,75,"AVA GEORGE","Irene-Wakonda","B",2245.91266797738,"20:21.84",59,117
5,76,"KELLA TRACY","Groton Area","A",2258.07824869561,"20:25.35",58,119
5,77,"CLARA PEDERSON","SF Lutheran","B",1169.66179502908,"19:41.80",115,68
5,78,"RHYS PEARSON","Belle Fourche","A",1015.62671752014,"19:32.91",125,61
5,79,"AMARA USERA","St. Thomas More","A",1835.61356682081,"20:16.66",75,112
5,80,"HAILEY MOLLNER","SF Jefferson","AA",1034.22268182251,"19:41.35",124,66
5,81,"MACI LICHT","Sioux Valley","A",1132.98081535257,"19:45.91",120,71
5,82,"AMIA WARD","Sioux Valley","A",1350.53732993199,"20:03.60",103,91
5,83,"GRACE BIALAS","Tea Area","AA",885.727551345547,"19:13.17",147,48
5,84,"KATELYN WIRTH","Warner","B",2363.70089863416,"20:44.29",55,143
5,85,"FAITH HEIL","Mobridge-Pollock","A",1943.85694464258,"20:29.97",72,127
5,86,"KAELYN ULSCHMID","Arlington","B",2002.98449930729,"20:31.09",70,129
5,87,"KAYLEE BROWN","Deubrook Area","B",1307.5893738856,"20:04.99",106,94
5,88,"ABIGAIL ENGELLAND","Mount Vernon/Plankinton","A",1408.93242959585,"20:14.18",99,106
5,89,"LIA TIANGCO","O'Gorman","AA",848.729612268726,"19:23.72",152,55
5,90,"VIONA SIETSEMA","Rapid City Stevens","AA",2056.96819101522,"20:43.06",67,140
5,91,"EMMA BOCHEK","Clark/Willow Lake","A",1766.22438267688,"20:35.48",78,133
5,92,"CADENCE BOCHEK","Clark/Willow Lake","A",1487.59193208014,"20:26.60",94,122
5,93,"TALYA VINCENT","Sioux Valley","A",872.484530039174,"19:47.42",150,74
5,94,"ANNA SPANOS","SF Lincoln","AA",775.535788373607,"19:39.07",161,64
5,95,"ADELINE THOMPSON","SF Lincoln","AA",776.398708204804,"19:39.77",160,65
5,96,"GRACEN GIEGLING","Harrisburg","AA",904.011903147652,"19:54.79",144,81
5,97,"AUSTINA SORENSEN","Faulkton Area","B",2002.72608392053,"20:49.77",71,154
5,98,"MCKINLEY GLANVILLE","SF Lincoln","AA",2021.50269921875,"20:52.31",69,156
5,99,"HANLEE SEYKORA","Harrisburg","AA",710.97272744058,"19:26.74",171,57
5,100,"TAHCA ZEPHIER","Mahpiya Luta","A",2206.35182127085,"21:04.80",61,176
5,101,"OLIVIA ANDERSON","Watertown","AA",793.863615025186,"19:55.20",157,82
5,102,"CHARLEE WILLIAMS-SMITH","Pierre T.F. Riggs","AA",709.497953421196,"19:45.00",172,70
5,103,"ASHTYN KRIZ","Tri-State","A",1750.29313642859,"20:59.90",79,168
5,104,"EMRIE VONEYE","Sanborn Central/Woonsocket","B",1230.06826257926,"20:43.96",110,142
5,105,"JENTRY HUBNER","Herreid/Selby Area","B",1707.80505385286,"21:01.59",82,172
5,106,"ELLA MERRIMAN","Beresford","A",766.900386096107,"20:06.00",162,95
5,107,"NORA YOUMANS","Yankton","AA",982.961184839001,"20:30.67",130,128
5,108,"WHITLI ADAMS","Rapid City Stevens","AA",897.38339513247,"20:25.96",145,120
5,109,"LUCY HAMER","Sturgis Brown","AA",934.803774278003,"20:27.49",139,126
5,110,"KYLEIGH MILLER","Warner","B",1376.22253358164,"21:00.85",101,170
5,111,"AVERY WUESTEWALD","Yankton","AA",1190.59204162435,"20:54.50",114,161
5,112,"TAYLOR MCCOMSEY","Aberdeen Roncalli","A",1042.64478844588,"20:53.79",122,160
5,113,"EMMA CAULFIELD","Florence/Henry","A",2336.59706154798,"21:35.04",56,227
5,114,"LAINEY GOERTZ","Sanborn Central/Woonsocket","B",1009.20706946813,"20:53.12",126,158
5,115,"HAZEL KANNEGIETER","Aberdeen Roncalli","A",1588.64403282564,"21:16.66",87,198
5,116,"AUBREY COOLEY","Brookings","AA",517.274748851085,"19:52.44",207,80
5,117,"JOLIE WESTRUM","Gayville-Volin","B",1903.36546301509,"21:28.62",74,217
5,118,"EVELYN PRAHL","Great Plains Lutheran","A",1506.1919893625,"21:19.85",93,201
5,119,"HADLEY TEMPLE","Rapid City Central","AA",912.624220568016,"20:49.70",142,153
5,120,"SURI SCHMIDT","Mount Vernon/Plankinton","A",1314.44024861813,"21:10.95",105,190
5,121,"CLAIRE MCDONALD","Chester","B",1462.20780264521,"21:17.50",95,200
5,122,"BREANA ASKE","Jones County","B",1637.71326455565,"21:26.42",85,210
5,123,"SADEY HOLT","Baltic","A",881.166021492876,"20:45.98",149,147
5,124,"PIPER CURRAN","Belle Fourche","A",624.532241914295,"20:21.58",182,116
5,125,"ANDEE FRANDSEN","Hill City","A",530.992969986986,"20:09.97",202,100
5,126,"RYLIE ROTHENBERGER","SF Washington","AA",583.706136617101,"20:19.83",189,114
5,127,"ASHLAN CARLOW","Mahpiya Luta","A",1786.4572912175,"21:36.21",76,229
5,128,"ANNALISA STAKE","Centerville","B",1000.26993606013,"21:06.98",127,180
5,129,"LUCY ROZEBOOM","West Central","A",468.960272407957,"20:01.97",219,90
5,130,"LARISSA RENEMANS","Pierre T.F. Riggs","AA",742.666063375821,"20:52.25",164,155
5,131,"ANGELA FRICK","North Central","B",2027.75164158302,"21:51.59",68,251
5,132,"RUBY BOUWMAN","SF Lincoln","AA",402.472869330734,"19:50.78",246,78
5,133,"LAURA NEMEC","Mitchell Christian","B",928.489887199898,"21:09.03",140,184
5,134,"AVA SLETTEN","Canton","A",548.783107230236,"20:38.59",198,135
5,135,"AUBREE MINER","Cheyenne-Eagle Butte","A",1556.63278029461,"21:45.62",91,242
5,136,"SIERRA KELLER","Florence/Henry","A",938.933512742424,"21:14.43",138,196
5,137,"LUCILLE AHART","Newell","B",1603.24758141488,"21:50.00",86,249
5,138,"JORDAN CHESSMORE","Tripp-Delmont/Armour","B",1576.64225778677,"21:49.01",90,246
5,139,"MAISIE MOGARD","Brookings","AA",399.923745341983,"19:58.52",249,88
5,140,"SOPHIA JOHNSON","Lennox","A",460.148284122506,"20:18.22",224,113
5,141,"ISABELLA HENDERSON","Ipswich","B",714.985773224793,NA,170,NA
5,142,"EVELYN SHEARER","Herreid/Selby Area","B",893.932130921418,"21:14.00",146,195
5,143,"RILYN JACKSON","Yankton","AA",341.348194614221,"19:55.60",270,83
5,144,"ZOE SCHAEFFER","Menno","B",1145.69052045997,"21:43.42",117,239
5,145,"BRILEY GEBHART","Lemmon","B",2238.03274402328,"22:24.20",60,296
5,146,"BRYNN ODENBACH","Lemmon","B",1577.43631332497,"22:07.00",89,271
5,147,"CHEL ODENBACH","Lemmon","B",1587.60591711856,"22:11.00",88,274
5,148,"TYLEE TETRAULT","Spearfish","AA",541.323257948584,"20:55.18",200,163
5,149,"BERKLEE MILLS","Platte-Geddes","A",995.194700117135,"21:41.38",128,235
5,150,"BRANDY MARSHALL","Lakota Tech","A",1733.74396527915,"22:18.21",81,283
5,151,"SADIE WUEBBEN","West Central","A",504.130271706353,"20:52.82",209,157
5,152,"BIANCA BERRY","Milbank","A",422.295283346889,"20:34.36",236,131
5,153,"HADASAH OLSON","James Valley Christian","B",882.592231679947,"21:30.38",148,219
5,154,"PAIGE SCHWEITZER","O'Gorman","AA",508.726524426747,"20:54.90",208,162
5,155,"JAYCEE STEVENS","Gettysburg","B",466.104673208074,"20:48.90",220,152
5,156,"EVERLY BLUM","Deubrook Area","B",400.815729203957,"20:27.38",248,125
5,157,"LOGAN CASTLE","Tea Area","AA",407.237263211119,"20:31.16",245,130
5,158,"EMMA PERRY","Ethan/Parkston","A",1217.94584404567,"22:00.88",111,266
5,159,"BRENNA HALVORSON","Northwestern","B",1235.55089695667,"22:05.12",109,268
5,160,"ABBY JOHANNESON","Yankton","AA",273.495377046539,"19:56.78",295,85
5,161,"LILY WAGNER","SF Roosevelt","AA",277.40624781929,"19:57.24",294,86
5,162,"JEWEL GANNON","Canton","A",417.028922735976,"20:44.31",238,144
5,163,"ISABELLE LEE","Colman-Egan","B",843.205802156685,"21:38.75",153,230
5,164,"KAMILLE SCHMIDT","Lennox","A",394.06122184478,"20:34.62",252,132
5,165,"ANNIKA BOCKHOLT","Harrisburg","AA",272.72793354928,"19:59.08",297,89
5,166,"GRACE STEFFEN","Burke","B",1136.36689375357,"22:05.99",118,270
5,167,"AURORA EVANS","Douglas","AA",261.104189080578,"19:58.11",303,87
5,168,"ELAINA ROUNDS","Pierre T.F. Riggs","AA",278.555332636757,"20:12.02",293,103
5,169,"DEVYN VAN ROEKEL","Pierre T.F. Riggs","AA",246.25604494872,"19:56.34",314,84
5,170,"GRACIE BANKS","Mahpiya Luta","A",839.431770751703,"21:46.97",154,245
5,171,"ELLA COOMES","Madison","A",959.351807779107,"22:00.45",136,263
5,172,"JENNIFER BEVERS","Clark/Willow Lake","A",486.536083900193,"21:10.32",214,189
5,173,"ABIGAIL ENGEL","Gregory","B",575.031902917489,"21:26.53",192,211
5,174,"IRIS ZYLSTRA","Sturgis Brown","AA",471.168031015833,"21:09.46",218,186
5,175,"PAIGE AHLEMEIER","Gettysburg","B",524.613230141131,"21:25.08",204,207
5,176,"CAMI WOLLES","St. Mary's","B",790.659423980041,"21:53.43",159,256
5,177,"MISTY DRIELING","Belle Fourche","A",291.799197852578,"20:36.72",284,134
5,178,"KAMORA RUTHERFORD","Stanley County","A",456.112416231778,"21:11.48",226,192
5,179,"EMERSON BUCHHOLZ","Rapid City Stevens","AA",730.393786831929,"21:50.85",168,250
5,180,"BELLA LINN","Spearfish","AA",391.142914943428,"20:57.36",254,165
5,181,"IZZY FISCHER","Rapid City Central","AA",423.7977685846,"21:09.10",235,185
5,182,"JAELYN PETERS","Hill City","A",453.651381996168,"21:13.23",227,193
5,183,"LYDIA ANDERSON","Vermillion","A",220.364893057768,"20:04.04",330,92
5,184,"ELIA PETERSON","SF Christian","A",1325.81092173554,"22:32.99",104,318
5,185,"CHARLOTTE QUALM","Platte-Geddes","A",946.030263293807,"22:19.23",137,286
5,186,"KALLA PADDEN","Harding County","B",1403.17632677472,"22:35.49",100,325
5,187,"HANNAH DELINE","Mitchell Christian","B",583.149489714346,"21:42.80",190,238
5,188,"HAIVYN SCHUCHHARDT","Warner","B",283.556962486483,"20:43.22",289,141
5,189,"AVA SCHINDLER","Chamberlain","A",359.894622161985,"21:02.14",262,173
5,190,"ADALYNN FISCHER","Rapid City Central","AA",396.80876909037,"21:09.60",251,187
5,191,"MELANIE HERMAN","SF Lincoln","AA",919.864737482191,"22:28.77",141,306
5,192,"KYLAH BIGGINS","Chamberlain","A",265.380776239588,"20:46.59",300,148
5,193,"SASHA VAN DEN BOSCH","Chamberlain","A",299.214336491744,"20:59.64",282,166
5,194,"HARPER KLINE","Aberdeen Roncalli","A",351.768750075104,"21:08.76",265,183
5,195,"RACHEL MELIUS","Northwestern","B",984.987545698208,"22:35.06",129,323
5,196,"PAIGE DEUTER","St. Mary's","B",676.430637697296,"22:15.15",176,279
5,197,"ZOEY SNYDER","North Central","B",1419.29321927978,"22:59.27",98,358
5,198,"APRIL SKLUZAK","Kimball/White Lake","B",412.336601472092,"21:28.08",241,216
5,199,"LEAH YERDON","SF Lincoln","AA",854.01078468517,"22:28.82",151,307
5,200,"ADDISON JOHNSON","Harrisburg","AA",616.807786960494,"22:12.67",184,275
5,201,"KHLOE SMITH","Tri-State","A",738.490425170651,"22:24.26",165,297
5,202,"AVERI GERFEN","Mitchell","AA",521.456303268784,"21:57.31",205,262
5,203,"JOHANNA VANDERSNICK","Clark/Willow Lake","A",480.329284153756,"21:52.20",216,253
5,204,"NOELLE GABRIEL","Harrisburg","AA",566.106681689558,"22:15.78",194,280
5,205,"JILLIAN SCHULTE","Parker/Marion","A",285.306400389422,"21:10.13",288,188
5,206,"JAEL BURKHALTER","Bison","B",1251.27833726655,"23:02.01",108,368
5,207,"ISABEL GURNEY","Yankton","AA",415.088962788838,NA,239,NA
5,208,"AMYA PRUE","White River","B",975.494191405425,"22:51.50",132,347
5,209,"HANNAH DAVELAAR","SF Christian","A",155.375834210864,"20:04.57",389,93
5,210,"JAESHAWNIA IRON HAWK","Dupree","B",719.197478143484,"22:31.11",169,313
5,211,"CLAIRE MCCALLUM","Harrisburg","AA",250.38128592995,"21:05.39",311,177
5,212,"RYAN TIBBETTS","SF Lincoln","AA",792.442565324147,"22:38.34",158,330
5,213,"BERKLEY FOPMA","SF Christian","A",1135.07315175847,"23:03.02",119,370
5,214,"KENNA WOLBERG","Warner","B",202.641971075205,"20:47.93",341,150
5,215,"AVA GATZKE","Sioux Valley","A",240.068910869416,"21:02.18",317,174
5,216,"HAZEL HILLMAN","O'Gorman","AA",250.278489754944,"21:07.20",312,181
5,217,"LYNDSEY CHESSMORE","Tripp-Delmont/Armour","B",610.811377821412,"22:29.62",187,310
5,218,"ISABELA TORBERSON","Belle Fourche","A",291.078539451204,"21:27.03",285,215
5,219,"ISABELLA OBERLOH","St. Thomas More","A",487.512174761623,"22:19.53",213,287
5,220,"AMY HENDERSON","Mitchell Christian","B",390.489207585709,"21:49.53",255,247
5,221,"NINA GABRIEL","Harrisburg","AA",151.537566697299,"20:15.25",395,108
5,222,"LILLY GERLACH","Watertown","AA",252.895165747815,"21:13.91",310,194
5,223,"HADLEIGH HOGGARTH","Frederick Area","B",602.674049675076,"22:32.77",188,316
5,224,"KAYLOR NEKL","SF Lincoln","AA",136.52542269179,"20:08.83",408,97
5,225,"NORA HYRONIMUS","Beresford","A",909.475050928198,"23:00.77",143,363
5,226,"GRACYN KADLEC","Ipswich","B",140.496382980431,"20:12.74",402,105
5,227,"REAGAN OSTRANSKY","SF Lincoln","AA",137.607933469032,"20:10.63",407,101
5,228,"LUCY CARLSON","Lennox","A",191.297635497521,"20:53.57",352,159
5,229,"MONROE MILLER","SF Lincoln","AA",734.896140937512,"22:49.82",166,345
5,230,"PHOENIX RED OWL","Little Wound","A",377.353602535308,NA,257,NA
5,231,"HOPE ROHE","SF Christian","A",1043.40262936586,"23:20.23",121,396
5,232,"KALLA FOERSTER","Brookings","AA",166.24493174365,"20:45.27",373,146
5,233,"DELANEY YOUMANS","Yankton","AA",140.116010064978,"20:26.89",403,123
5,234,"ADALYN FIEGEN","St. Mary's","B",432.106036746832,"22:21.04",233,293
5,235,"MARLEE MEYERINK","Platte-Geddes","A",672.149355789557,"22:53.07",177,350
5,236,"MACY MUELLER","Milbank","A",179.479492509755,"21:01.17",358,171
5,237,"MADDY CAMPBELL","Spearfish","AA",243.273493269556,"21:27.01",316,214
5,238,"HANNAH SONSTEBO","Webster Area","A",358.157944343465,"22:01.23",263,267
5,239,"PEYTON HANSEN","Centerville","B",560.125168745917,"22:44.66",195,335
5,240,"LAYLA DRIELING","Belle Fourche","A",156.813617704796,"20:44.63",386,145
5,241,"RAEGAN VERHULST","Harding County","B",643.37409795898,"22:55.91",179,354
5,242,"RAYONNA BRAVE BIRD","Little Wound","A",612.694146233386,"22:53.01",185,349
5,243,"FALLON WIETZKI","North Central","B",1147.52267359359,"23:42.43",116,423
5,244,"ADELAIDE KLEINSCHMIDT","Rapid City Stevens","AA",568.633626754456,"22:53.33",193,351
5,245,"ALEXA STONE","Belle Fourche","A",211.150657623783,"21:26.68",334,213
5,246,"BRINLEY BRANDRIET","Castlewood","B",707.745621329542,"23:06.96",174,374
5,247,"AMELIA THREE FINGERS","Lakota Tech","A",961.115112712011,"23:37.49",135,416
5,248,"MAGGIE MILLER","SF Lincoln","AA",630.890412698733,"23:06.61",180,372
5,249,"ASHLYNN WELLMAN","Rapid City Stevens","AA",206.933209562705,"21:30.08",337,218
5,250,"MYKELTI OLSON","James Valley Christian","B",272.7375802144,"21:56.98",296,261
5,251,"AUBREY BORNS","West Central","A",151.99171334554,"21:00.81",393,169
5,252,"GRETA ODENBACH","Lemmon","B",820.37712181772,"23:31.40",156,408
5,253,"EVELYN DEGEEST","Tea Area","AA",97.6938711189439,"20:16.42",456,110
5,254,"EMMY CHRISTENSEN","Ethan/Parkston","A",169.346836443665,"21:15.27",369,197
5,255,"PRIA MARTINELL","Tri-Valley","A",206.921794509333,"21:35.91",338,228
5,256,"ELLA KOPLIN","Milbank","A",86.3557420617033,"20:09.15",469,98
5,257,"JIMENA ARAIZA","Deuel","A",63.3004318770187,"19:46.55",498,72
5,258,"MONICA MORAN","St. Thomas More","A",207.674582898396,"21:41.12",336,234
5,259,"ANNA MCKINLEY","Philip","B",965.31675055712,"23:52.78",134,437
5,260,"CAMDEN PETERSON","Harding County","B",630.641923608724,"23:20.75",181,397
5,261,"ANCORA GILKERSON","Oldham-Ramona-Rutland","B",415.051832456442,"22:45.79",240,339
5,262,"JORDYN JOHNSON","Brookings","AA",112.642743252462,"20:42.86",443,139
5,263,"JORDYN ZEISLER","Burke","B",519.674063194208,"23:08.49",206,378
5,264,"DANIELLA VAN ZEE","SF Roosevelt","AA",75.7241602539716,"20:10.90",484,102
5,265,"SOPHIA HATLELI","Spearfish","AA",162.532556028788,"21:24.62",380,206
5,266,"CHLOE BERG","Great Plains Lutheran","A",229.384749454736,"22:00.69",323,264
5,267,"AUBREE MORRISON","Lead-Deadwood","A",456.427895687114,"23:00.43",225,362
5,268,"SHELLY LARVIE","St. Francis Indian","A",545.343482875984,"23:15.33",199,388
5,269,"ASPEN NIEWENHUIS","Andes Central/Dakota Christian","B",347.79343355122,"22:34.51",267,321
5,270,"TENLEY LEBRUN","Flandreau","A",153.200509230893,"21:16.96",390,199
5,271,"HAILEY TIAHRT","Baltic","A",254.296010069142,"22:16.53",309,281
5,272,"OLIVIA SCHULTZ","Freeman","B",293.466477979669,"22:28.90",283,308
5,273,"NATALIE DREISKE","Lemmon","B",447.388930095242,"23:01.00",228,364
5,274,"GRETCHEN CURTIS","Tea Area","AA",376.844007200043,"22:45.03",258,337
5,275,"KAELYN SMITH","Mount Vernon/Plankinton","A",362.547643579115,"22:44.83",260,336
5,276,"EVIE NOVSTRUP","Aberdeen Central","AA",137.626240549454,"21:11.22",406,191
5,277,"KINSLEY DVORACEK","Bon Homme","A",351.119789110771,"22:40.11",266,331
5,278,"ALEXSIS RED BIRD","Todd County","A",537.436175008012,"23:22.41",201,400
5,279,"AVA CARLEY","Rapid City Stevens","AA",822.50983932533,"24:04.41",155,447
5,280,"RHYANN ROSELAND","Faulkton Area","B",260.904592767137,"22:25.20",305,298
5,281,"GRACE PRESZLER","Aberdeen Central","AA",65.7548357386069,"20:16.54",493,111
5,282,"LACEY EASTON","Hanson","A",285.458157684139,"22:32.78",287,317
5,283,"KIMI RAMA","Mahpiya Luta","A",612.193088548504,"23:38.84",186,419
5,284,"ELISE JOHNSON","O'Gorman","AA",147.371404481554,"21:25.79",398,208
5,285,"NORA SHEPARDSON","Ethan/Parkston","A",162.194033179129,"21:33.99",381,226
5,286,"KHLOE COCHRAN","Aberdeen Central","AA",106.803304268399,"20:56.63",450,164
5,287,"LILY MEYER","Huron","AA",135.252338628566,"21:23.54",409,205
5,288,"LOLA UNDERBERG","Tea Area","AA",344.825802116754,"22:50.86",268,346
5,289,"BRYNN VOSS","Beresford","A",685.75085733271,"23:56.72",175,439
5,290,"SIRI KNUTSON","SF Washington","AA",78.7634935988398,"20:41.82",478,138
5,291,"OLIVIA KERKVLIET","SF Christian","A",732.045761697818,"24:06.78",167,450
5,292,"JOSIE VLIEGER","Huron","AA",116.852231460649,"21:07.77",437,182
5,293,"ISABEL OVERBY","Brookings","AA",46.5215204235445,"20:14.54",516,107
5,294,"ALLISON BRENNER","Aberdeen Central","AA",81.8244106175305,"20:46.68",474,149
5,295,"ARIA PRASNICKI","Milbank","A",477.201228711412,"23:30.26",217,407
5,296,"NEVAEH O'ROURKE","Little Wound","A",577.657672662252,"23:50.64",191,433
5,297,"ALEXA NANNINGA","Freeman","B",271.371551735336,"22:36.14",298,327
5,298,"ALYVIA GEFFRE","Tri-State","A",499.329438609198,"23:35.51",210,415
5,299,"ABBY HILLESON","Tea Area","AA",67.5370267410498,"20:39.13",492,136
5,300,"SIENNA NECK","Todd County","A",746.249960674935,"24:26.68",163,465
5,301,"ASPEN VENEKLASEN","Hill City","A",98.7003395607019,"21:06.21",455,178
5,302,"SLOAN THOMPSON","Harding County","B",528.471603463626,"23:50.00",203,432
5,303,"ELODIE WOOD","Warner","B",130.811493997923,"21:32.71",414,223
5,304,"BERGEN BUMANN","SF Washington","AA",120.436400080748,"21:26.21",429,209
5,305,"MOLLY O'NEIL","Beresford","A",156.711296969242,"21:51.86",387,252
5,306,"GABBIE EICHMANN","Canistota","B",321.397282480757,"23:01.34",274,366
5,307,"SEELEY VANOVERBEKE","Arlington","B",289.69281346375,"22:58.51",286,357
5,308,"ALEAH HETTICH","McIntosh","B",709.486174918534,"24:33.00",173,471
5,309,"EMILIE REEDY","Sturgis Brown","AA",122.048381715767,"21:31.92",425,221
5,310,"KAYLA HARRIS","Rapid City Stevens","AA",442.826208347534,"23:38.50",229,417
5,311,"GABBY DEVRIES","SF Washington","AA",135.011553081229,"21:42.40",410,237
5,312,"SADIE MUELLER","Ethan/Parkston","A",121.207370454795,"21:32.24",428,222
5,313,"VICTORIA GASSEN","SF Christian","A",622.577777031057,"24:28.93",183,467
5,314,"KADLIN HAMBCACHT","Hot Springs","A",651.123128873382,"24:36.28",178,475
5,315,"LILLIE SCHMIT","Sioux Valley","A",118.894472016147,"21:31.80",434,220
5,316,"HANNAH KOCH","Brandon Valley","AA",122.801134301014,"21:40.45",421,233
5,317,"ADRIENNE WHITE LANCE","St. Francis Indian","A",559.056203450053,"24:19.20",196,459
5,318,"BRYNNLY HUBER","Herreid/Selby Area","B",249.617726502568,"22:47.00",313,343
5,319,"PRESLEY HOUSKA","Chamberlain","A",118.88084924322,"21:33.66",435,225
5,320,"AVERY MARTINEZ","Jones County","B",193.999060812043,"22:30.45",350,311
5,321,"ELLA BARTZ","SF Lincoln","AA",40.8869687533946,"20:40.80",525,137
5,322,"MAKENZI HAM","Custer","A",122.171005062319,"21:44.60",422,240
5,323,"GRACE ROTH","North Central","B",232.090619311662,"22:46.00",321,341
5,324,"HAILEY WOODWARD","Custer","A",152.426505568149,"22:08.06",392,272
5,325,"GABBY WERDEL","Miller","A",164.141302920002,"22:19.56",376,288
5,326,"QUINN ULVESTAD","Brookings","AA",184.594118538954,"22:29.56",355,309
5,327,"ASHLYNN WARRINGTON","Groton Area","A",173.698678804671,"22:27.36",364,302
5,328,"LENLEE MILLS","Platte-Geddes","A",158.190350015144,"22:18.84",385,285
5,329,"GRACE LIST","Watertown","AA",95.0377364168822,"21:26.59",459,212
5,330,"MICAIAH BRANTNER","James Valley Christian","B",151.867876240399,"22:13.70",394,277
5,331,"MAISEY KNUDSON","Canton","A",118.350625306303,"21:41.57",436,236
5,332,"AVERY MANKE","Winner/Colome","A",978.188932216721,"25:50.22",131,544
5,333,"BEATRIZ HERNANDEZ-LUCAS","Vermillion","A",114.686487178095,"21:45.50",440,241
5,334,"ERIN HARMS","Douglas","AA",106.672365135106,"21:38.79",451,231
5,335,"ADDISON JASPERS","West Central","A",53.819002869138,"21:02.93",510,175
5,336,"ESTIE KUCHTA","Irene-Wakonda","B",372.43900151756,"23:47.11",259,428
5,337,"MEREDITH LARSON","Baltic","A",185.42095344346,"22:44.40",354,334
5,338,"ALY GRUENWALD","Redfield","A",260.963695983567,"23:11.92",304,384
5,339,"ZOEY SUTER-MAIER","Lemmon","B",460.2513128503,"24:32.00",223,469
5,340,"CAMBRY VOSS","Beresford","A",553.425332856851,"24:54.41",197,497
5,341,"HARPER SCHADE","Redfield","A",420.872953479627,"24:21.20",237,461
5,342,"ESTHER BURKHALTER","Bison","B",440.334045360227,"24:30.00",230,468
5,343,"EMMA LINDAMAN","SF Lincoln","AA",499.301231619301,"24:50.20",211,490
5,344,"ADDISYN HEINRICH","Warner","B",193.227205747355,NA,351,NA
5,345,"SKYLAR LAWSON","Mitchell","AA",107.629680011164,"21:53.11",449,255
5,346,"KAELYN SWENSON","Brandon Valley","AA",127.030725698593,"22:20.48",418,290
5,347,"LOU SCHLADWEILER","Madison","A",127.738575938826,"22:20.98",417,292
5,348,"RILEE DORN","Harrisburg","AA",158.203682690156,"22:37.09",384,328
5,349,"MYRA BROWN","Platte-Geddes","A",382.819798985757,"24:13.76",256,456
5,350,"MIKAYLA DENNIS","Custer","A",77.7286931885578,"21:40.20",481,232
5,351,"ANNALISE RITER","SF Lincoln","AA",461.160165315049,"24:52.37",222,493
5,352,"KILEY WESTBERRY","Flandreau","A",25.8778831652674,"20:48.16",566,151
5,353,"ADISON ARMSTRONG","Rapid City Stevens","AA",34.0651856791446,"21:06.31",541,179
5,354,"ALLISON LEBER","Canistota","B",243.714414965501,"23:29.67",315,406
5,355,"GABRIELLE KENNY","Todd County","A",410.628599645682,"24:44.46",242,484
5,356,"MARLEE HAYES","McIntosh","B",174.824614723797,NA,363,NA
5,357,"AFFINITY IRON HAWK","Dupree","B",167.458093042249,"22:57.83",371,356
5,358,"AVERY QUAM","Madison","A",109.735566284921,"22:18.71",446,284
5,359,"LANDREE LAMONT","Bison","B",401.266532526953,"24:41.82",247,483
5,360,"TANAEYA WANNA","Sisseton","A",263.708964513314,"23:48.09",302,429
5,361,"SAVANAH WIELENGA","Menno","B",311.442905348839,"24:12.06",277,454
5,362,"ATHENA WHITE ELK","Mahpiya Luta","A",432.594182713459,"24:55.80",232,499
5,363,"LUCY DEVRIES","SF Washington","AA",425.584952562174,"24:55.26",234,498
5,364,"JEWEL BORDEAUX","St. Francis Indian","A",407.278493689453,"24:49.17",244,489
5,365,"ALEAH GRAHAM","West Central","A",227.853242103838,"23:31.53",325,409
5,366,"EMERY WAGNER","Harrisburg","AA",79.4264875928351,"21:55.91",476,259
5,367,"MINA BJORUM","Scotland","B",219.69324695329,"23:27.74",331,405
5,368,"AMELIA GIESE","Deuel","A",36.614530138882,"21:20.28",535,202
5,369,"LARA OLOWU-DAVIES","James Valley Christian","B",332.308469652966,"24:26.00",273,464
5,370,"ANDIE AUGHENBAUGH","Sanborn Central/Woonsocket","B",75.9976499850632,"21:55.34",483,258
5,371,"TRINITY HOURIGAN","Spearfish","AA",62.4608570851189,"21:46.67",500,244
5,372,"HALLEY MILLER","Arlington","B",356.836945055134,"24:40.26",264,481
5,373,"TAYA STONE","Wagner","A",222.224946632393,"23:44.42",328,425
5,374,"SHERIDAN MADDEN","Rapid City Central","AA",79.3975108648714,"22:14.10",477,278
5,375,"HEIDI CARLSON","Iroquois/Lake Preston","B",201.639314818838,"23:38.50",344,417
5,376,"JAYDA JENSEN","Watertown","AA",27.0963556803401,"21:21.64",559,203
5,377,"LUCY VARGAS","St. Mary's","B",163.7586666882,"23:15.09",377,387
5,378,"ELLA GREENE","Dakota Valley","A",61.877521796813,"22:05.83",501,269
5,379,"DULCIE VEURINK","Platte-Geddes","A",164.350510015664,"23:20.92",375,398
5,380,"ADELIA GROHER","SF Lincoln","AA",392.414360671298,"25:22.82",253,520
5,381,"PAIGE MENTELE","Howard","B",229.340385812443,"24:07.07",324,451
5,382,"ELLA FOX","Mount Vernon/Plankinton","A",221.453411264531,"24:06.10",329,449
5,383,"LILLIE BODEN","Beresford","A",59.0123941232615,"22:12.70",503,276
5,384,"IVORY LABATTE","Sisseton","A",225.851949349724,"24:08.00",327,452
5,385,"CAROLINE WIESE","Brandon Valley","AA",22.6150487841131,"21:22.98",576,204
5,386,"WHITLEY BALOUN","Highmore-Harrold","B",175.483288852299,"23:40.40",359,421
5,387,"NORA PESTER","Huron","AA",77.5179939924649,"22:25.94",482,300
5,388,"MILA HEISINGER","Lead-Deadwood","A",168.575647071224,"23:34.48",370,413
5,389,"KAHLEN PETERSON","Yankton","AA",38.8465722700058,"21:52.61",530,254
5,390,"TRE'ANN RISING SUN","Cheyenne-Eagle Butte","A",300.129377190517,"25:02.66",281,504
5,391,"HAYDEN EAGLE","Sanborn Central/Woonsocket","B",318.745802577774,"25:17.49",275,512
5,392,"ABIGAIL EISENBRAUN","Rapid City Stevens","AA",62.5615987612144,"22:20.70",499,291
5,393,"TAYLOR ZEISLER","Burke","B",130.06107203372,"23:08.12",416,377
5,394,"MIRIAM MEYER","Madison","A",143.726362626954,"23:19.62",399,394
5,395,"PAYCEE LEE","Deuel","A",23.4350438987214,"21:33.01",571,224
5,396,"MADYN LACEY","Dell Rapids","A",48.6251319735598,"22:18.01",513,282
5,397,"ANNIAH RUSSELL","Herreid/Selby Area","B",138.359030535132,"23:17.00",405,390
5,398,"AMBERLYN HOMER","Lakota Tech","A",278.867495821304,"25:00.60",292,503
5,399,"CARSON ERNSTER","SF Lincoln","AA",361.496865588106,"25:45.00",261,534
5,400,"TRUEN BAST","Miller","A",125.994806754388,"23:09.00",419,380
5,401,"KYLIE GOSCH","SF Roosevelt","AA",2.13740972414875,"20:59.68",633,167
5,402,"ALEXIS ROESLER","Wessington Springs","B",89.646321007601,"22:49.42",464,344
5,403,"TAYA WETTLAUFER","Howard","B",159.873732908284,"23:44.68",383,426
5,404,"BRYNN CLEMENTSON","SF Lincoln","AA",332.690084111553,"25:46.85",272,537
5,405,"BROOKE THAYER-BURKE","Hill City","A",63.8020499525105,"22:31.17",497,314
5,406,"TABITHA MCFADEN","Milbank","A",70.0295634298162,"22:34.87",489,322
5,407,"KENNADEE WAGNER","Warner","B",72.6113706827342,"22:35.54",487,326
5,408,"LIANA WISE","Brandon Valley","AA",27.9157612088466,"21:55.92",556,260
5,409,"ANNA MARTINMAAS","Faulkton Area","B",113.146643043897,"23:08.00",441,376
5,410,"SOFIA HANSON","Elk Point-Jefferson","A",41.8088585973089,"22:21.23",524,294
5,411,"EMMA SHELDON","Rapid City Stevens","AA",47.1208896936179,"22:27.40",515,303
5,412,"KATIE SPATZ","Sisseton","A",201.722595134538,"24:39.98",343,479
5,413,"ROSA AINSLIE","Bennett County","B",337.095137759468,"26:01.29",271,552
5,414,"AJ LINDNER","Florence/Henry","A",486.455791667741,"28:04.99",215,608
5,415,"MIKAELA MALSOM","North Central","B",112.689671951214,"23:10.00",442,382
5,416,"JAYDA WESTLING","Rapid City Central","AA",43.7510178512578,"22:28.40",521,305
5,417,"LIVIA KNECHT","Britton-Hecla","A",122.015743961471,"23:23.10",426,402
5,418,"FAITH PEKRON","Parker/Marion","A",343.612556009445,"26:09.93",269,559
5,419,"JALYN TYON","Rapid City Stevens","AA",315.166804836185,"26:02.58",276,553
5,420,"CARSON SEVERSON","Vermillion","A",38.8556129256812,"22:26.72",529,301
5,421,"RACHEL STEFFENSEN","Arlington","B",87.9141677696165,"23:01.18",466,365
5,422,"MYA FLEMMING","Wolsey-Wessington","B",119.194151354987,"23:25.84",432,404
5,423,"EMILY KEHN","Baltic","A",201.889271765587,"24:52.77",342,494
5,424,"STELLA WARREN","Vermillion","A",488.349703590201,"29:18.03",212,627
5,425,"JAIDYNN GIEDD","De Smet","B",410.260965338613,"27:26.59",243,597
5,426,"MACIE DEAN","Ethan/Parkston","A",32.8405595567255,"22:25.63",545,299
5,427,"KATHERINA MALSOM","North Central","B",229.517217708949,"25:31.00",322,523
5,428,"LILYANNA WRIGHT","SF Washington","AA",305.860238618686,"26:31.49",278,567
5,429,"HADLEY WALKER","Hill City","A",38.7158552032845,"22:32.40",531,315
5,430,"TENLY SLABA","Hanson","A",130.219907791349,"23:49.88",415,431
5,431,"CALISTA SAHR","Madison","A",103.863033813513,"23:19.46",454,393
5,432,"KELSEY SUNDERMANN","West Central","A",18.0645678853848,"22:00.81",584,265
5,433,"JOANNA GUMS","Deuel","A",20.7406770768411,"22:09.37",578,273
5,434,"AINE GRAESSER","Chamberlain","A",226.319593895105,"25:32.36",326,526
5,435,"BROOKE MELAND","Florence/Henry","A",440.126668651766,"29:07.54",231,622
5,436,"ALLISON LOEWE","Lennox","A",12.482287582582,"21:53.44",598,257
5,437,"ADDISON MUTH","Yankton","AA",7.23369293946878,"21:46.64",613,243
5,438,"HADLEY GJERDE","Clark/Willow Lake","A",35.895422346023,"22:33.52",537,319
5,439,"LEXI WILKINS","Custer","A",52.9814346456599,"22:52.76",511,348
5,440,"RYLIN WIPF","James Valley Christian","B",68.6100814633165,"23:05.06",490,371
5,441,"NIKA FURNEY","Scotland","B",115.857832521351,"23:41.77",439,422
5,442,"MARIN RHODE","Canton","A",463.291230159753,"31:36.30",221,640
5,443,"ADDY WITTE","Dell Rapids","A",27.1470700400446,"22:28.30",558,304
5,444,"KATIE BRETSCH","Frederick Area","B",121.648270907645,"23:52.18",427,435
5,445,"JOSLIN BORDEAUX","St. Francis Indian","A",196.700942168824,"25:22.41",347,518
5,446,"GENESIS MARTINEZ SOTO","Flandreau","A",48.0421688570379,"22:53.46",514,352
5,447,"HANNAH RIGO","Freeman","B",173.127299340522,"24:57.77",365,501
5,448,"NATALIE BOWAR","Miller","A",304.978727840413,"27:11.40",279,587
5,449,"MADELINE CARCAMO","Rapid City Stevens","AA",5.54926732380749,"21:49.90",621,248
5,450,"EMMA HALVERSON","Custer","A",266.823886518663,"26:33.40",299,570
5,451,"AUBRIE BRENDSEL","Brandon Valley","AA",20.9424151885806,"22:24.18",577,295
5,452,"MCKENZIE RANS","Belle Fourche","A",27.0926225503693,"22:30.77",560,312
5,453,"IRIS RAMEY","Aberdeen Central","AA",33.8813062868113,"22:37.98",543,329
5,454,"SAIGE JUNGWIRTH","Redfield","A",156.113570648608,"24:46.10",388,486
5,455,"MORAH SWARTZENDRUBER","Miller","A",96.4495312106637,"23:39.00",457,420
5,456,"CAROLINE HUBER","SF Lincoln","AA",280.881652464827,"27:10.65",291,586
5,457,"CHASTITY HAWK","Chamberlain","A",195.593167805724,"25:37.74",349,529
5,458,"KENNEDI VANOVERBEKE","Arlington","B",211.102900231809,"25:53.00",335,545
5,459,"KENSI HOLLAND","Lennox","A",40.6875626828388,"22:57.79",526,355
5,460,"AVERY BIRKEL","Gregory","B",148.861259938966,"24:45.80",396,485
5,461,"ANDREA SANCHEZ","Lakota Tech","A",255.210098312559,"26:38.21",308,573
5,462,"JAYLYNN KNOX","Highmore-Harrold","B",105.213158267442,"23:48.81",453,430
5,463,"TYANN BALSDAN","Brandon Valley","AA",172.381049578424,"25:21.10",367,517
5,464,"CORDELIA ADAMS","Canton","A",264.277171910039,"27:09.03",301,583
5,465,"KANYN PADDEN","Harding County","B",180.305414193003,"25:42.38",356,533
5,466,"BRENNA BOLTE","Parker/Marion","A",26.4724887702991,"22:41.83",562,333
5,467,"KAMBRI CLAUSSEN","Bennett County","B",300.743478445371,"28:46.91",280,617
5,468,"SEDONA BLUE COAT","Cheyenne-Eagle Butte","A",397.214318458219,"39:22.20",250,647
5,469,"SAMANTHA MONEKE","SF Lincoln","AA",257.636274329806,"27:18.09",306,592
5,470,"PAYTON LOGAN","Gayville-Volin","B",90.8903106662537,"23:58.72",462,440
5,471,"TESSA AUDISS","Rapid City Christian","A",107.705852208501,"24:15.00",448,457
5,472,"SILVANA HOUSKA","Chamberlain","A",22.655486198386,"22:41.64",575,332
5,473,"MOLLY ENGEBRETSON","Madison","A",64.1736405120949,"23:35.46",496,414
5,474,"REYNA SANCHEZ","Lakota Tech","A",219.547804154035,"27:00.23",332,578
5,475,"MEREDITH DECKER","Tea Area","AA",16.4968671097865,"22:35.26",587,324
5,476,"MASYNN MEBIUS","Wessington Springs","B",31.0588829545719,"23:00.18",551,361
5,477,"EMMA REMPFER","Menno","B",196.526750282446,"26:22.68",348,565
5,478,"QUINN HURD","Miller","A",78.3194934533894,"23:51.00",480,434
5,479,"TAYLOR BOEHNKE","Tea Area","AA",50.2771109930007,"23:23.51",512,403
5,480,"TARA ENGELSON","SF Lincoln","AA",236.013229877126,"27:24.76",320,595
5,481,"BREAW NETH","Scotland","B",106.096022176535,"24:32.58",452,470
5,482,"ADDISON NYDAM","Mitchell Christian","B",25.9629241604323,"22:59.49",565,359
5,483,"IZABELL CEROLL","Sisseton","A",161.249731975753,"25:49.62",382,542
5,484,"SHARON ZHANG","Great Plains Lutheran","A",90.2269922981523,"24:22.20",463,462
5,485,"OLIVIA BOYLE","Corsica-Stickney","B",75.0902824762961,"23:59.80",485,441
5,486,"KYNSLEE MUSHITZ","Miller","A",94.5149433243518,"24:28.00",460,466
5,487,"ELLA BORDEAUX","St. Francis Indian","A",198.884839723408,"27:03.62",345,581
5,488,"COURTNEY MATHIEU","Chester","B",172.957323816467,"26:16.02",366,561
5,489,"BRITNEY RUEB","Scotland","B",188.633658071633,"26:47.71",353,575
5,490,"JAYCIE RUSH","Dakota Valley","A",15.5743286121476,"22:45.98",590,340
5,491,"KATE BLAIR","Belle Fourche","A",0.565787864808355,"22:19.83",644,289
5,492,"RUE KNUDSON","Mobridge-Pollock","A",37.9329351402439,"23:22.63",533,401
5,493,"BRYNN KIRK","Sisseton","A",237.378035986981,"28:40.14",319,616
5,494,"CLARA HERREID","Aberdeen Christian","B",71.8349775621001,"24:05.30",488,448
5,495,"ROYALE GHOST","Little Wound","A",281.775439344022,"34:40.19",290,646
5,496,"PAOLA CULHUAC SEGUNDO","Milbank","A",31.3059832141742,"23:15.88",548,389
5,497,"ALIYAH PETERS","Hill City","A",12.4028703530875,"22:46.11",599,342
5,498,"LANDRIE HAHN","Colman-Egan","B",120.314030633108,"25:16.37",431,510
5,499,"ANASTASIA KIEFFER","SF Washington","AA",215.90839918389,"28:11.99",333,610
5,500,"MALYSSA FOUR HORNS","St. Francis Indian","A",237.943121643957,"29:11.74",318,625
5,501,"TAYTUM BANKS","Crazy Horse","B",256.35510940979,"30:49.82",307,636
5,502,"JORJA WEBER","McCook Central/Montrose","A",4.60841401931573,"22:33.85",624,320
5,503,"ELIZABETH BOSCHEE","Sanborn Central/Woonsocket","B",67.768749867054,"24:13.17",491,455
5,504,"LILY SWANSON","Huron","AA",25.2004202439051,"23:09.53",568,381
5,505,"CHARLEE BIERLE","Sturgis Brown","AA",11.8473892439594,"22:54.35",600,353
5,506,"PHOEBE BENTLEY-BUSCHUR","Hill City","A",22.8007971949435,"23:08.55",574,379
5,507,"MYLI WEISCHEDEL","Sully Buttes","B",46.2381113801438,"23:54.00",517,438
5,508,"AUBREY GUY","Sisseton","A",124.417461546243,"25:45.53",420,535
5,509,"HALEY HARKNESS","Elk Point-Jefferson","A",203.906825745791,"28:38.36",340,615
5,510,"QUINN WOLBERG","Warner","B",93.9076170295198,"24:53.46",461,495
5,511,"DAPHNE BROUWER","Centerville","B",112.547741959477,"25:18.07",444,513
5,512,"NATALIE KAHLER","Brookings","AA",43.668015592023,"23:52.56",522,436
5,513,"TRUDIE HOFER","Mitchell Christian","B",175.084832825378,"27:29.44",360,599
5,514,"BROOKLYN REINERS","Tea Area","AA",4.85238295593017,"22:45.43",622,338
5,515,"ELSA SCHIFERL","Aberdeen Central","AA",16.1677000987278,"23:06.85",588,373
5,516,"KASSANDRA ABBAS","Platte-Geddes","A",141.56377165703,"26:16.38",401,563
5,517,"JAYDE BAIRD","SF Jefferson","AA",197.224018485284,"29:03.00",346,621
5,518,"DARLA BARNES","Lemmon","B",170.085353599566,"27:36.00",368,601
5,519,"KAITLYN DASCHEL","Dakota Valley","A",10.2593750634618,"23:01.91",603,367
5,520,"JORJA NELSEN","Florence/Henry","A",88.3510549802192,"25:04.91",465,505
5,521,"CINDER HOFFMAN","Sisseton","A",203.923569484165,"29:47.75",339,631
5,522,"CHLOE LEE","Lead-Deadwood","A",82.6339137798178,"24:56.05",473,500
5,523,"RYLEE ANDERSON","Madison","A",174.82487742645,"28:21.07",361,612
5,524,"ASHLYNN KRUGER","Centerville","B",139.667055647846,"26:35.95",404,571
5,525,"AMELIA LOBAN","Hamlin","A",38.3710626779989,"24:02.60",532,445
5,526,"REBECCA HAICH","Irene-Wakonda","B",39.1832722764854,"24:11.57",528,453
5,527,"MAYCIE KNUTSON","SF Lincoln","AA",179.868304858579,"29:11.45",357,624
5,528,"TESSA HINMAN","Sunshine Bible Academy","B",23.821313091158,"23:33.66",570,412
5,529,"VIOLET VYSKOCIL","Parker/Marion","A",174.824719073052,"29:00.61",362,620
5,530,"ANNIKA OLSON","Lead-Deadwood","A",109.229634858029,"25:45.72",447,536
5,531,"HAILEY LAHR","Flandreau","A",152.649243745376,"27:20.17",391,593
5,532,"LIZ VOGEL","Dell Rapids","A",6.39155604499354,"23:02.22",617,369
5,533,"JESSI BACHMAN","Newell","B",87.4782423949632,"25:22.55",467,519
5,534,"KATELYN BOND","Canistota","B",119.089271070965,"26:04.05",433,555
5,535,"SAVANNAH HADORN","Rapid City Central","AA",9.43199884225749,"23:12.10",605,385
5,536,"ADDISON REICHLING","Watertown","AA",78.5109643625054,"25:16.62",479,511
5,537,"KAELYN LEFORS","Douglas","AA",31.1653632595551,"24:01.24",549,444
5,538,"BAILEY NOLD","Aberdeen Roncalli","A",43.9272384812159,"24:35.82",520,473
5,539,"HAYLEN SCHNECK","Milbank","A",1.96373117436555,"22:59.67",634,360
5,540,"AUBREY HADORN","Rapid City Central","AA",8.66437243912791,"23:14.30",609,386
5,541,"SARAH MESSLER","Gayville-Volin","B",116.310517354609,"26:08.97",438,557
5,542,"ELLA KAMPS","Tea Area","AA",134.937764393359,"27:09.94",411,585
5,543,"AMYA WARD","Sioux Valley","A",9.25448691921552,"23:19.17",608,392
5,544,"NEVAEH REITZ","Clark/Willow Lake","A",34.335416611814,"24:19.78",540,460
5,545,"TYLER GIBSON","Tri-Valley","A",6.19536464591585,"23:11.78",618,383
5,546,"LEAH CRICK","Menno","B",142.808224417143,"27:39.19",400,602
5,547,"OHANNA SINCLAIR","Aberdeen Central","AA",9.32144211154885,"23:21.63",607,399
5,548,"SHANNON LAVENDER","Philip","B",166.334628025366,"30:24.06",372,634
5,549,"ZAYDA TOWNSEND","Milbank","A",7.4246807641679,"23:20.16",612,395
5,550,"KARA DOSE","Canton","A",33.6896138477491,"24:22.81",544,463
5,551,"KENZI RED OWL","Little Wound","A",162.679668753396,"30:07.92",379,632
5,552,"GEORGIA ODENBACH","North Central","B",166.083383987607,"31:17.00",374,638
5,553,"NATALIE HYRONIMUS","Tea Area","AA",122.086548736848,"27:15.50",423,591
5,554,"ADA MADDOX","Great Plains Lutheran","A",27.5618887440765,"24:15.82",557,458
5,555,"DARABY BOERSMA","Sunshine Bible Academy","B",44.8976717647614,"24:54.00",519,496
5,556,"MARLEE OLSEN","Dakota Valley","A",55.320068107151,"25:11.13",508,507
5,557,"AVAH NEWMAN","Iroquois/Lake Preston","B",57.376997979441,"25:12.64",507,508
5,558,"WILLOW ISBURG","Chamberlain","A",4.44325959636766,"23:18.59",626,391
5,559,"BRYNN TOWNSEND","SF Lincoln","AA",163.755102548331,"31:20.98",378,639
5,560,"DANNICA SHEETS","Aberdeen Central","AA",35.6722095546362,"24:40.08",538,480
5,561,"ALAINA ALBRECHT","De Smet","B",73.3666254348524,"25:41.09",486,532
5,562,"RONA STREITZ","Flandreau","A",132.219732282007,"27:53.46",413,605
5,563,"BAILEY MINES","Yankton","AA",0.412450973434846,"23:07.82",646,375
5,564,"KATHERINE O'NEAL","Rapid City Christian","A",31.1554373472121,"24:35.96",550,474
5,565,"GENTRIE BLASIUS","Kimball/White Lake","B",30.9485138595833,"24:35.45",553,472
5,566,"MICHELLE HAS HORNS","McLaughlin","B",83.6447728537596,"26:10.49",472,560
5,567,"JADIS REDDY","Little Wound","A",86.2160367922289,"26:16.28",470,562
5,568,"CALLIE BOURNE","Dakota Valley","A",3.96388497023253,"23:32.13",627,410
5,569,"EMERSON KURKIEREWICZ","SF Lincoln","AA",148.803549706962,"31:49.77",397,641
5,570,"MACEY WIGG","SF Jefferson","AA",31.9586894942076,"24:51.95",547,492
5,571,"MADDIE NEBELSICK","Ethan/Parkston","A",3.24627938608331,"23:32.67",629,411
5,572,"JAYLEA MILLER","Parker/Marion","A",65.601706903149,"25:54.50",494,546
5,573,"SAMANTHA TROXELL","Madison","A",26.1969636956988,"24:39.55",563,478
5,574,"MARIA ADDY","Canistota","B",43.2550427091931,"25:23.13",523,521
5,575,"ALLIE GORTMAKER","Miller","A",30.2779600970041,"24:50.39",554,491
5,576,"ISABEL KULM","Flandreau","A",120.375047931744,"28:56.47",430,618
5,577,"HARPER SPILDE","Huron","AA",54.2586920515648,"25:48.74",509,541
5,578,"IVANA SCHAEFFER","Menno","B",112.095967911298,"28:00.78",445,606
5,579,"SIENNA DEKAM","SF Lincoln","AA",134.937764393359,"31:55.56",411,642
5,580,"JAY RIOS","Douglas","AA",23.2458092824571,"24:41.76",572,482
5,581,"ABBY DOSE","Canton","A",2.23546081249102,"23:45.06",632,427
5,582,"CADENCE CAP","Scotland","B",36.9204047255251,"25:32.30",534,525
5,583,"DREAMER COURNOYER","Flandreau","A",57.652529321531,"26:03.56",506,554
5,584,"DYSTINY LOSS","Arlington","B",58.4883751824065,"26:05.49",504,556
5,585,"KEONDRA WILSON","SF Lincoln","AA",122.086548736848,"33:13.44",423,644
5,586,"MOLLY NIX","Jones County","B",33.9815463091017,"25:34.00",542,527
5,587,"BETHANY MAHAFFY","Newell","B",60.0024607104257,"26:33.00",502,569
5,588,"EMMA REIHE","Watertown","AA",13.6529196218099,"24:37.27",595,477
5,589,"ALEXIS (LUCY) DALEY","Mitchell","AA",0.364149644402158,"23:43.67",649,424
5,590,"ELLA PERMAN","Herreid/Selby Area","B",57.9574830071752,"26:31.96",505,568
5,591,"ALEXIS MOORE","Kimball/White Lake","B",16.0217973149923,"24:46.77",589,487
5,592,"EVELYN GARCIA","Custer","A",26.9032498998753,"25:20.49",561,515
5,593,"ELLA KOLOUSEK","Wessington Springs","B",1.74302560663516,"24:00.01",636,442
5,594,"MIA RIIBE","Dakota Valley","A",1.92090409677205,"24:03.28",635,446
5,595,"ANNA NORBY","Dakota Valley","A",32.476695223668,"25:47.16",546,538
5,596,"LIVIA SCHULDT","Mount Vernon/Plankinton","A",95.3814863558702,"29:17.09",458,626
5,597,"ALIZA ADDY","Canistota","B",20.3690565399109,"25:06.84",579,506
5,598,"KENDALL CLAYTON","Brandon Valley","AA",8.46753751391969,"24:37.21",610,476
5,599,"DELAYNE RAINBOW","Cheyenne-Eagle Butte","A",87.3269295744057,"29:09.47",468,623
5,600,"SOPHIA SHUDAK","Yankton","AA",0.0912490564739364,"24:01.02",652,443
5,601,"SYDNIE PISCHEL","Mitchell","AA",13.6523788407304,"24:59.16",596,502
5,602,"KENDRA THORP","Custer","A",25.8558716450019,"25:39.77",567,531
5,603,"SOFIA GONZALEZ","Brookings","AA",17.9405583287462,"25:19.48",585,514
5,604,"M'KENZIE LAROCHE","Lower Brule","B",39.4901951691923,"26:38.29",527,574
5,605,"JACLYN RICHTER","Pierre T.F. Riggs","AA",7.17988542353669,"24:48.79",614,488
5,606,"BREELYN DEMERY","Faulkton Area","B",16.6122897651788,"25:32.00",586,524
5,607,"HARPER WATTIER","Centerville","B",80.994710817593,"30:24.58",475,635
5,608,"MAGGIE DOWLING","Jones County","B",36.0591718883707,"26:47.97",536,576
5,609,"KASHLEY GOEBEL","Arlington","B",30.9757299898984,"26:20.61",552,564
5,610,"LEILIA PLENTY WOUNDS","Oelrichs","B",85.2575903343084,"44:20.66",471,648
5,611,"LILLY FLOOD","Aberdeen Central","AA",14.1015999095778,"25:36.51",594,528
5,612,"HALEY CAHOY","Aberdeen Central","AA",14.9548450043134,"25:39.00",592,530
5,613,"KEIRA THORP","Custer","A",18.7899634515892,"25:47.89",583,539
5,614,"BRYSTAL WALLMAN","Miller","A",6.90543477103879,"25:13.00",615,509
5,615,"VANESSA ANDERSON","Watertown","AA",46.0697989869521,"28:11.23",518,609
5,616,"AMARA RINEHART","Mitchell","AA",9.3978080524121,"25:28.36",606,522
5,617,"EMMA SCOTT","Lead-Deadwood","A",23.2280815332626,"26:09.29",573,558
5,618,"KIRTI PICKARD","Dell Rapids","A",6.13605379128117,"25:20.68",619,516
5,619,"ANISTON WHITLEY","Redfield","A",34.8605195239906,"27:25.04",539,596
5,620,"PHOENIX RED ELK","Little Wound","A",65.3854956682761,"33:19.38",495,645
5,621,"REGINA MEDINA","Mount Vernon/Plankinton","A",26.1017232577729,"27:15.15",564,590
5,622,"NORAH GONSOR","Aberdeen Roncalli","A",9.68658093089943,"26:00.00",604,551
5,623,"DAKOTA OBERG","Chester","B",19.6334889900384,"27:09.05",580,584
5,624,"LUCIA HOLSING","Faulkton Area","B",29.9542296039628,"28:23.00",555,613
5,625,"CHESNIE GISSELBECK","Castlewood","B",19.1938979404569,"27:14.83",582,589
5,626,"MYA WARNKE","Gregory","B",19.5684945668071,"27:21.30",581,594
5,627,"MAKENNA PRYOR","Mount Vernon/Plankinton","A",14.9782694278672,"27:14.60",591,588
5,628,"LILY SCHLUETER","Tri-Valley","A",0.854009656685722,"25:49.62",641,542
5,629,"SADIE CARLSON","Gregory","B",10.7919856505835,"27:05.26",602,582
5,630,"ANNIE BOURNE","Dakota Valley","A",0.520127850790279,"25:48.63",645,540
5,631,"BRIANNA NOBEL","Custer","A",6.0439100788873,"26:30.69",620,566
5,632,"ANNA ALVEY","Tri-Valley","A",0.930439022005943,"25:54.61",640,547
5,633,"CLAIRE VOGEL","McCook Central/Montrose","A",0.614579056054715,"25:55.61",643,548
5,634,"CLAIRE ROWLEY","McCook Central/Montrose","A",0.694147165373065,"25:59.17",642,550
5,635,"GRACIE KRAMER","Tea Area","AA",0.39478524395519,"25:55.75",648,549
5,636,"KALA MAXON","Platte-Geddes","A",4.65717351945203,"26:51.78",623,577
5,637,"AUBREY POWERS","Deuel","A",13.165704380619,"27:49.90",597,604
5,638,"DEVRAH MEYER","Madison","A",3.80176762176758,"27:01.37",628,579
5,639,"KAT MCMAHON","Lead-Deadwood","A",8.38853012500692,"27:27.30",611,598
5,640,"VANESSA GUTIERREZ","Little Wound","A",10.9668204588258,"28:19.97",601,611
5,641,"CADENCE GOOD SOLDIER","Little Wound","A",24.4026694228713,"32:01.46",569,643
5,642,"KAIDENCE RUDE","Tri-Valley","A",1.30703169803502,"27:02.26",638,580
5,643,"SAIGE LESSMAN","Parker/Marion","A",0.267007307262353,"26:36.76",650,572
5,644,"JORDYN RED WING","Mahpiya Luta","A",4.47105928098816,"27:33.18",625,600
5,645,"SCARLETT COLE","Andes Central/Dakota Christian","B",14.1598691133511,"30:11.93",593,633
5,646,"RILEY RAYSOR","Spearfish","AA",1.22613165590464,"27:45.90",639,603
5,647,"AUDRINA ADAMS","Mitchell","AA",6.56014318042551,"31:04.90",616,637
5,648,"LILY ANDERSON","Parker/Marion","A",0.152172200622724,"28:02.93",651,607
5,649,"ISABELLA MACK","Tri-Valley","A",2.48903266720809,"29:19.48",631,628
5,650,"MONICA GIAGO","Mahpiya Luta","A",3.19827163446535,"29:23.83",630,630
5,651,"DANIKA FLUTH","Tri-Valley","A",0.401781817868597,"28:29.26",647,614
5,652,"ADDISON KROGSTAD","Corsica-Stickney","B",1.44928130936329,"29:20.94",637,629
5,653,"REMI HUBSCH","Webster Area","A",0.00499135039666906,"28:57.58",653,619
6,1,"BRIANNA REILLY","Harrisburg","AA",32018.9774671823,"16:31.78",2,1
6,2,"ELLIE MADDOX","SF Christian","A",34503.4028334991,"16:33.95",1,2
6,3,"HANNAH GENRICH","Harrisburg","AA",23168.0425496641,"16:44.72",4,3
6,4,"SADIE PETTENGILL","SF Christian","A",23376.0608758218,"17:18.59",3,5
6,5,"FAITH WIESE","Flandreau","A",22915.4937009085,"17:08.39",5,4
6,6,"JERICA GLASSER","SF Christian","A",17206.9507094406,"18:00.59",6,8
6,7,"PEYTON VANDEEST","Spearfish","AA",12248.6041464215,"17:53.06",9,7
6,8,"ALEX MCCULLOUGH","Dakota Valley","A",11103.6046165244,"17:33.79",11,6
6,9,"JAYCIE BABB","Tea Area","AA",15283.846741846,"18:11.53",8,10
6,10,"GRACE PHILLIPS","Chamberlain","A",16117.4677073986,"18:13.07",7,11
6,11,"MIA KADI","SF Lincoln","AA",8819.66414212822,"18:07.43",17,9
6,12,"NATALIE SMITH","SF Christian","A",7615.98787054972,"18:14.63",18,12
6,13,"EMERY LARSON","Pierre T.F. Riggs","AA",9926.56119667575,"18:27.24",15,15
6,14,"EMILY CURRAN","Brandon Valley","AA",10146.3442432466,"18:29.74",14,17
6,15,"ELLA BOEKELHEIDE","Northwestern","B",11504.8860524328,"18:36.89",10,21
6,16,"AUTUMN GILHOOLY","Harrisburg","AA",6646.39874046361,"18:15.71",22,13
6,17,"KORI KEIL","Spearfish","AA",11090.0582018043,"18:47.70",12,29
6,18,"BROOKLYN SUNDERMANN","West Central","A",6288.51234375937,"18:33.96",24,19
6,19,"KADANCE HOLSO","Rapid City Stevens","AA",10231.7488326612,"18:49.40",13,30
6,20,"CALLIE RADIGAN","Vermillion","A",5285.69896307135,"18:34.89",27,20
6,21,"ELOISE SCHARNBERG","Harrisburg","AA",5992.7049924861,"18:39.44",25,22
6,22,"ADDISON SCHOLTEN","Brandon Valley","AA",4676.9906049949,"18:27.78",32,16
6,23,"BAILEY VANDERGRIEND","SF Christian","A",4612.06081518033,"18:39.80",34,23
6,24,"KIRA UBENCE","Douglas","AA",4712.82545704003,"18:46.32",31,26
6,25,"RORIE THORESON","Dell Rapids","A",6407.25015498995,"19:01.78",23,36
6,26,"PEYTON BEATCH","Brandon Valley","AA",5038.63580602891,"18:49.55",29,31
6,27,"ISABELLA GALBRAITH","Ipswich","B",6751.19111382784,"19:06.00",21,41
6,28,"ADIE MCVEY","Lennox","A",2632.88413654486,"18:22.30",53,14
6,29,"ALLIE NOVSTRUP","Aberdeen Central","AA",3282.29895968462,"18:42.71",44,24
6,30,"BELLA DITTMER","SF Roosevelt","AA",3344.53958471347,"18:47.12",43,28
6,31,"MARISSA BOUWMAN","SF Washington","AA",3967.02442915447,"18:50.89",39,32
6,32,"EVELYN HURLEY","Rapid City Stevens","AA",6898.61637798786,"19:16.47",20,53
6,33,"KAMRYN NESHEIM","Clark/Willow Lake","A",8995.62385693526,"19:23.09",16,59
6,34,"MAXINE ORDWAY","SF Christian","A",2692.73724574785,"18:43.01",52,25
6,35,"KALYNN OBAN","Ipswich","B",4639.28050693469,"19:12.00",33,48
6,36,"BRINNA SHELDON","Rapid City Stevens","AA",5296.06314286045,"19:19.86",26,56
6,37,"ADDISON CASSADY","Aberdeen Roncalli","A",6932.64730938592,"19:29.46",19,65
6,38,"JAYLA STILES","Ipswich","B",5247.56576233444,"19:21.00",28,57
6,39,"ALICE GUNDVALDSON","O'Gorman","AA",2893.05563998258,"19:13.14",48,49
6,40,"MADISYN GELLHAUS","Ipswich","B",4601.24941856974,"19:28.40",35,64
6,41,"SARAH JOHNSON","West Central","A",2426.25426827474,"19:06.81",57,43
6,42,"TARA BLACHFORD","Northwestern","B",3570.93982195789,"19:22.70",42,58
6,43,"CALLA WIESE","Flandreau","A",2471.94998268342,"19:11.09",56,46
6,44,"EMMELINE MURRAY","SF Lincoln","AA",2078.77297783532,"19:02.78",65,38
6,45,"LILIAN RUDE","Brandon Valley","AA",2179.24527199727,"19:05.84",64,40
6,46,"NORA OLSEN","Deubrook Area","B",4313.63742856665,"19:38.48",37,72
6,47,"GWEN RICHTER","Pierre T.F. Riggs","AA",1849.65513962404,"18:51.18",78,33
6,48,"ALLI MCCORD","Kimball/White Lake","B",3948.25840287786,"19:41.00",40,76
6,49,"SIERRA SANDFORD","Spearfish","AA",3626.17292451245,"19:41.53",41,78
6,50,"GRACE MCELROY","Watertown","AA",1795.02150585096,"19:05.74",81,39
6,51,"AUTUMN FALLIS","Highmore-Harrold","B",4746.32642576209,"19:47.81",30,90
6,52,"RYELLE GILBERT","Groton Area","A",2496.2604526492,"19:30.29",55,66
6,53,"JENNAY GISI","Ipswich","B",2765.48936550143,"19:37.30",50,71
6,54,"KENDAL UTTECHT","Wolsey-Wessington","B",3989.71366187817,"19:44.60",38,84
6,55,"AUTUMN BAKER","Kimball/White Lake","B",1681.13291035194,"19:00.93",88,35
6,56,"LUCILLE AHART","Newell","B",2014.32682320088,"19:19.15",72,54
6,57,"KAYLIE KUEHL","Brookings","AA",1873.54129387148,"19:13.32",76,51
6,58,"EMRIE VONEYE","Sanborn Central/Woonsocket","B",2074.71091633498,"19:24.53",67,61
6,59,"JAYNA VANLAECKEN","Tea Area","AA",1696.56773052427,"19:06.17",87,42
6,60,"BRYN BARKER","SF Christian","A",1318.67972203724,"18:46.52",103,27
6,61,"SHYLA TVEDT","Deuel","A",1741.27468349295,"19:07.40",86,44
6,62,"ABIGAIL ENGELLAND","Mount Vernon/Plankinton","A",2774.39992695139,"19:43.31",49,81
6,63,"BRIELLE JENKINS","SF Lincoln","AA",1665.15425770185,"19:09.62",89,45
6,64,"NORA YOUMANS","Yankton","AA",1552.8580968024,"19:11.21",92,47
6,65,"LILY BAKER","Kimball/White Lake","B",2074.72779050793,"19:43.94",66,83
6,66,"SURI SCHMIDT","Mount Vernon/Plankinton","A",2336.59487817931,"19:49.00",59,91
6,67,"AMIA WARD","Sioux Valley","A",1969.3631314131,"19:43.38",74,82
6,68,"EMMERSON EPPARD","Chester","B",2913.51025148367,"20:07.55",47,110
6,69,"EMMA TIDEMANN","Brandon Valley","AA",859.294567912447,"18:31.43",140,18
6,70,"CLARA PEDERSON","SF Lutheran","B",1815.58223316231,"19:41.80",80,79
6,71,"FINLEY EVJEN","Canton","A",1028.15917700401,"18:59.69",126,34
6,72,"SARAH GILHOOLY","Harrisburg","AA",1206.89950477889,"19:19.75",109,55
6,73,"AVA GEORGE","Irene-Wakonda","B",3001.62250568855,"20:12.49",46,120
6,74,"BREANA ASKE","Jones County","B",1868.56150095817,"19:55.18",77,95
6,75,"ELLE HLAVAC","Scotland","B",4401.2016105548,"20:26.27",36,140
6,76,"KYLEE JOHNSON","Deubrook Area","B",2565.21015027009,"20:14.00",54,123
6,77,"TAYLOR HARRELSON","Rapid City Christian","A",3036.78321210563,"20:20.80",45,133
6,78,"MACI LICHT","Sioux Valley","A",1528.90037665338,"19:45.91",93,86
6,79,"FAITH HEIL","Mobridge-Pollock","A",2251.53124549028,"20:12.90",60,122
6,80,"CLAIRE GUTHMILLER","Bon Homme","A",2713.02352042745,"20:22.22",51,135
6,81,"LONDYN SCHROEDER","Mitchell","AA",811.851758709346,"19:02.75",150,37
6,82,"DANNIKA KAUP","Hoven","B",1605.91854207683,"20:02.40",91,104
6,83,"LIA MUNDT","Belle Fourche","A",990.662127206169,"19:33.26",129,68
6,84,"HAILEY MOLLNER","SF Jefferson","AA",1034.22268182251,"19:41.35",123,77
6,85,"ELEANOR ANDERSON","Vermillion","A",1157.66852432459,"19:50.78",110,92
6,86,"LIA TIANGCO","O'Gorman","AA",848.729612268726,"19:23.72",144,60
6,87,"TALYA VINCENT","Sioux Valley","A",1098.66267124015,"19:47.42",116,89
6,88,"ANDEE FRANDSEN","Hill City","A",1515.54782033383,"20:09.97",94,113
6,89,"KAELYN ULSCHMID","Arlington","B",2245.70368661644,"20:31.09",62,145
6,90,"LAURA NEMEC","Mitchell Christian","B",1640.37264426585,"20:12.09",90,118
6,91,"KAYLEE BROWN","Deubrook Area","B",1338.33128080995,"20:04.99",102,108
6,92,"RHYS PEARSON","Belle Fourche","A",819.362391996533,"19:32.91",148,67
6,93,"EMMA BOCHEK","Clark/Willow Lake","A",2069.51962584206,"20:35.48",68,149
6,94,"AVERY WUESTEWALD","Yankton","AA",786.732164505438,"19:36.87",152,70
6,95,"LAURYN DONOVAN","Spearfish","AA",1251.29776359913,"20:12.42",106,119
6,96,"ANNA SPANOS","SF Lincoln","AA",775.535788373607,"19:39.07",155,73
6,97,"ADELINE THOMPSON","SF Lincoln","AA",776.398708204804,"19:39.77",154,74
6,98,"VIONA SIETSEMA","Rapid City Stevens","AA",2056.96819101522,"20:43.06",69,159
6,99,"BRENNA HALVORSON","Northwestern","B",1267.35056448902,"20:17.80",105,129
6,100,"KATELYN WIRTH","Warner","B",1775.88631416081,"20:36.40",84,150
6,101,"EVELYN SHEARER","Herreid/Selby Area","B",1247.37869502423,"20:24.60",107,137
6,102,"KELLA TRACY","Groton Area","A",1217.57749375765,"20:25.35",108,138
6,103,"MCKINLEY GLANVILLE","SF Lincoln","AA",2021.50269921875,"20:52.31",71,175
6,104,"ELLA MERRIMAN","Beresford","A",880.105408027666,"20:06.00",138,109
6,105,"ELIA PETERSON","SF Christian","A",1012.91304206205,"20:14.00",127,123
6,106,"GRACEN GIEGLING","Harrisburg","AA",628.456833945971,"19:40.28",177,75
6,107,"AMARA USERA","St. Thomas More","A",1028.43613005777,"20:16.66",125,128
6,108,"JENTRY HUBNER","Herreid/Selby Area","B",1748.69576380289,"20:47.40",85,168
6,109,"BERKLEE MILLS","Platte-Geddes","A",1342.30520634342,"20:37.91",101,153
6,110,"KAILEY WINTER","Harrisburg","AA",505.982301032707,"19:13.59",203,52
6,111,"LUCY HAMER","Sturgis Brown","AA",1121.09688259042,"20:27.49",114,143
6,112,"CADENCE BOCHEK","Clark/Willow Lake","A",1097.7310098076,"20:26.60",117,141
6,113,"TAHCA ZEPHIER","Mahpiya Luta","A",2214.90329482358,"21:04.80",63,195
6,114,"HADASAH OLSON","James Valley Christian","B",986.955430050111,"20:23.10",130,136
6,115,"AURORA EVANS","Douglas","AA",632.215234506278,"19:58.11",173,99
6,116,"WHITLI ADAMS","Rapid City Stevens","AA",897.38339513247,"20:25.96",136,139
6,117,"ELLA KOPLIN","Milbank","A",694.244611062824,"20:09.15",166,112
6,118,"AUSTINA SORENSEN","Faulkton Area","B",1312.4443012004,"20:49.77",104,174
6,119,"HANLEE SEYKORA","Harrisburg","AA",459.116324367352,"19:26.74",216,63
6,120,"LILLY GERLACH","Watertown","AA",479.318505379122,"19:36.80",210,69
6,121,"SADEY HOLT","Baltic","A",854.283905688062,"20:28.09",141,144
6,122,"KATE MCELROY","Watertown","AA",424.615055944172,"19:26.36",230,62
6,123,"BRANDY MARSHALL","Lakota Tech","A",1783.56593688,"21:11.40",83,210
6,124,"GRACE BIALAS","Tea Area","AA",382.037089286291,"19:13.17",250,50
6,125,"BIANCA BERRY","Milbank","A",784.140518492177,"20:34.36",153,147
6,126,"TAYLOR MCCOMSEY","Aberdeen Roncalli","A",1031.95681592922,"20:53.79",124,180
6,127,"HADLEY TEMPLE","Rapid City Central","AA",912.624220568016,"20:49.70",134,173
6,128,"EMMA CAULFIELD","Florence/Henry","A",2336.59706154798,"21:35.04",58,250
6,129,"PIPER CURRAN","Belle Fourche","A",624.532241914295,"20:21.58",178,134
6,130,"HAZEL KANNEGIETER","Aberdeen Roncalli","A",1503.96785566394,"21:16.66",96,219
6,131,"CLAIRE MCDONALD","Chester","B",1462.20780264521,"21:17.50",97,221
6,132,"JOLIE WESTRUM","Gayville-Volin","B",1903.36546301509,"21:28.62",75,243
6,133,"RYLIE ROTHENBERGER","SF Washington","AA",583.706136617101,"20:19.83",187,132
6,134,"ANNALISA STAKE","Centerville","B",1058.20932502247,"21:06.98",119,200
6,135,"ASHTYN KRIZ","Tri-State","A",952.486696737165,"20:59.90",132,188
6,136,"AVA SCHINDLER","Chamberlain","A",743.077240951678,"20:44.75",160,163
6,137,"JORDAN CHESSMORE","Tripp-Delmont/Armour","B",1415.41743204974,"21:22.00",99,227
6,138,"KYLEIGH MILLER","Warner","B",871.10178631383,"21:00.85",139,190
6,139,"RACHEL MELIUS","Northwestern","B",832.117964013852,"20:58.70",145,186
6,140,"ABBY JOHANNESON","Yankton","AA",377.647157198682,"19:42.73",252,80
6,141,"GRACYN KADLEC","Ipswich","B",472.841089767839,"20:12.74",212,121
6,142,"MADDLYN RED BEAR","Dupree","B",1104.20462585087,"21:16.10",115,218
6,143,"RUBY BOUWMAN","SF Lincoln","AA",402.472869330734,"19:50.78",242,92
6,144,"HANNAH DELINE","Mitchell Christian","B",891.184110396171,"21:05.82",137,197
6,145,"ASHLAN CARLOW","Mahpiya Luta","A",1786.4572912175,"21:36.21",82,253
6,146,"EVELYN PRAHL","Great Plains Lutheran","A",1049.36484710423,"21:14.62",120,217
6,147,"AMYA PRUE","White River","B",1002.4650235432,"21:12.69",128,213
6,148,"JAYCEE STEVENS","Gettysburg","B",659.880461790127,"20:48.90",170,172
6,149,"AUBREE MINER","Cheyenne-Eagle Butte","A",1999.34546508071,"21:45.62",73,269
6,150,"RILYN JACKSON","Yankton","AA",375.195582369179,"19:46.69",255,88
6,151,"TYLEE TETRAULT","Spearfish","AA",701.167624442058,"20:55.18",165,182
6,152,"ANGELA FRICK","North Central","B",2027.75164158302,"21:51.59",70,278
6,153,"ISABELLE LEE","Colman-Egan","B",1048.66856628488,"21:26.00",121,235
6,154,"SIERRA KELLER","Florence/Henry","A",853.496119115251,"21:13.63",143,215
6,155,"CHARLOTTE QUALM","Platte-Geddes","A",825.426495685143,"21:14.06",146,216
6,156,"IRIS ZYLSTRA","Sturgis Brown","AA",712.272169308063,"21:09.46",164,204
6,157,"ASPEN VENEKLASEN","Hill City","A",628.860186824329,"21:06.21",176,198
6,158,"BRYNN ODENBACH","Lemmon","B",1844.21332332258,"22:07.00",79,298
6,159,"CHARLEE WILLIAMS-SMITH","Pierre T.F. Riggs","AA",276.422734251516,"19:45.00",293,85
6,160,"JAESHAWNIA IRON HAWK","Dupree","B",770.936861450431,"21:20.80",157,224
6,161,"PAIGE SCHWEITZER","O'Gorman","AA",508.726524426747,"20:54.90",202,181
6,162,"ZOE SCHAEFFER","Menno","B",1081.28592640238,"21:43.42",118,266
6,163,"LILY WAGNER","SF Roosevelt","AA",277.40624781929,"19:57.24",292,98
6,164,"BRILEY GEBHART","Lemmon","B",2247.19970828762,"22:24.20",61,331
6,165,"NORA SHEPARDSON","Ethan/Parkston","A",598.409497327667,"21:10.80",185,209
6,166,"SASHA VAN DEN BOSCH","Chamberlain","A",450.206720869292,"20:53.43",217,178
6,167,"EMMY CHRISTENSEN","Ethan/Parkston","A",437.190094875281,"20:48.56",225,171
6,168,"CHEL ODENBACH","Lemmon","B",1509.12134099633,"22:11.00",95,305
6,169,"EVERLY BLUM","Deubrook Area","B",348.099922219228,"20:27.38",260,142
6,170,"DEVYN VAN ROEKEL","Pierre T.F. Riggs","AA",246.25604494872,"19:56.34",307,97
6,171,"KAMORA RUTHERFORD","Stanley County","A",543.833987166853,"21:11.48",196,211
6,172,"GRACE STEFFEN","Burke","B",1136.36689375357,"22:05.99",112,296
6,173,"SOPHIA JOHNSON","Lennox","A",299.978595626718,"20:18.22",280,130
6,174,"ANNA MCKINLEY","Philip","B",904.73935685817,"21:50.41",135,275
6,175,"KAMILLE SCHMIDT","Lennox","A",334.430003622334,"20:34.62",263,148
6,176,"ELLA COOMES","Madison","A",523.196604539536,"21:12.06",200,212
6,177,"CAMI WOLLES","St. Mary's","B",818.172189636534,"21:42.00",149,264
6,178,"SADIE WUEBBEN","West Central","A",409.14774963836,"20:52.82",239,176
6,179,"MARLEE MEYERINK","Platte-Geddes","A",555.987185731673,"21:19.59",193,222
6,180,"PAIGE AHLEMEIER","Gettysburg","B",558.307058038406,"21:25.08",192,232
6,181,"LUCY ROZEBOOM","West Central","A",222.053677981727,"20:01.97",324,102
6,182,"AVA SLETTEN","Canton","A",306.917451244792,"20:38.59",275,154
6,183,"LARISSA RENEMANS","Pierre T.F. Riggs","AA",232.948026592844,"20:10.80",316,115
6,184,"AMY HENDERSON","Mitchell Christian","B",650.814390174352,"21:40.25",171,261
6,185,"APRIL SKLUZAK","Kimball/White Lake","B",558.544773483426,"21:28.08",191,242
6,186,"IZZY FISCHER","Rapid City Central","AA",423.7977685846,"21:09.10",231,203
6,187,"EMERSON BUCHHOLZ","Rapid City Stevens","AA",730.393786831929,"21:50.85",163,276
6,188,"OLIVIA KADLEC","Ipswich","B",608.748733668673,"21:39.10",183,258
6,189,"PAIGE DEUTER","St. Mary's","B",662.705066165801,"21:51.00",169,277
6,190,"HAIVYN SCHUCHHARDT","Warner","B",283.556962486483,"20:43.22",287,160
6,191,"MACY MUELLER","Milbank","A",370.434114073201,"21:01.17",256,191
6,192,"ADALYNN FISCHER","Rapid City Central","AA",396.80876909037,"21:09.60",245,205
6,193,"BELLA LINN","Spearfish","AA",332.656646172806,"20:57.36",266,185
6,194,"JILLIAN SCHULTE","Parker/Marion","A",381.169428486379,"21:10.13",251,206
6,195,"ABIGAIL ENGEL","Gregory","B",430.551901995923,"21:23.12",228,229
6,196,"NINA GABRIEL","Harrisburg","AA",177.238284707352,"20:02.22",356,103
6,197,"EMMA PERRY","Ethan/Parkston","A",666.854036138058,"22:00.88",168,292
6,198,"KALLA PADDEN","Harding County","B",1403.17632677472,"22:35.49",100,363
6,199,"KILEY WESTBERRY","Flandreau","A",268.720749107172,"20:48.16",295,170
6,200,"ISABEL GURNEY","Yankton","AA",415.088962788838,NA,234,NA
6,201,"MELANIE HERMAN","SF Lincoln","AA",919.864737482191,"22:28.77",133,341
6,202,"MICAIAH BRANTNER","James Valley Christian","B",316.560728862668,"21:10.21",269,207
6,203,"JAELYN PETERS","Hill City","A",332.67583166665,"21:13.23",265,214
6,204,"JEWEL GANNON","Canton","A",224.52539897953,"20:44.31",323,161
6,205,"WHITLEY BALOUN","Highmore-Harrold","B",384.184559557461,"21:26.00",249,235
6,206,"LEAH YERDON","SF Lincoln","AA",854.01078468517,"22:28.82",142,342
6,207,"DELANEY YOUMANS","Yankton","AA",163.993849520944,"20:03.00",380,105
6,208,"JOHANNA VANDERSNICK","Clark/Willow Lake","A",430.743191994289,"21:39.44",227,259
6,209,"ADDISON JOHNSON","Harrisburg","AA",616.807786960494,"22:12.67",182,306
6,210,"MAHLIA KADLEC","Ipswich","B",509.668838706788,"22:02.10",201,294
6,211,"HANNAH DAVELAAR","SF Christian","A",155.375834210864,"20:04.57",391,107
6,212,"CLAIRE MCCALLUM","Harrisburg","AA",250.38128592995,"21:05.39",304,196
6,213,"AUBREY COOLEY","Brookings","AA",142.287513203334,"19:52.44",407,94
6,214,"NOELLE GABRIEL","Harrisburg","AA",566.106681689558,"22:15.78",189,312
6,215,"ZOEY SNYDER","North Central","B",1419.29321927978,"22:59.27",98,403
6,216,"HARPER KLINE","Aberdeen Roncalli","A",265.373577540949,"21:08.76",300,202
6,217,"MYKELTI OLSON","James Valley Christian","B",444.888512451492,"21:56.98",219,285
6,218,"PHOENIX RED OWL","Little Wound","A",377.353602535308,NA,253,NA
6,219,"HAZEL HILLMAN","O'Gorman","AA",250.278489754944,"21:07.20",306,201
6,220,"KENNA WOLBERG","Warner","B",202.641971075205,"20:47.93",339,169
6,221,"ASHLYNN BATCHELOR","Milbank","A",693.794340250538,"22:29.35",167,345
6,222,"ISABELLA HENDERSON","Ipswich","B",421.882956293746,"21:53.90",232,281
6,223,"HANNAH SONSTEBO","Webster Area","A",443.358714670764,"22:01.23",220,293
6,224,"SADIE MUELLER","Ethan/Parkston","A",287.656298223783,"21:25.62",284,233
6,225,"RYAN TIBBETTS","SF Lincoln","AA",792.442565324147,"22:38.34",151,369
6,226,"MOLLY O'NEIL","Beresford","A",321.390225551048,"21:38.20",267,255
6,227,"KAYLOR NEKL","SF Lincoln","AA",136.52542269179,"20:08.83",413,111
6,228,"REAGAN OSTRANSKY","SF Lincoln","AA",137.607933469032,"20:10.63",411,114
6,229,"JENNIFER BEVERS","Clark/Willow Lake","A",232.831186775558,"21:10.32",317,208
6,230,"ISABELLA OBERLOH","St. Thomas More","A",487.512174761623,"22:19.53",208,322
6,231,"BERKLEY FOPMA","SF Christian","A",1135.07315175847,"23:03.02",113,417
6,232,"KAPRI HERGES","Mitchell","AA",172.49675957032,"20:47.15",364,167
6,233,"ADALYN FIEGEN","St. Mary's","B",434.0868978435,"22:13.00",226,309
6,234,"HADLEIGH HOGGARTH","Frederick Area","B",602.674049675076,"22:32.77",184,352
6,235,"ELAINA ROUNDS","Pierre T.F. Riggs","AA",128.699078309173,"20:12.02",420,117
6,236,"KALLA FOERSTER","Brookings","AA",166.24493174365,"20:45.27",374,164
6,237,"GABBIE EICHMANN","Canistota","B",441.181189771543,"22:17.52",222,317
6,238,"ANNIKA BOCKHOLT","Harrisburg","AA",111.545144854363,"19:59.08",440,101
6,239,"JULIA KINSLEY","Jones County","B",755.176342975605,"22:50.06",158,386
6,240,"LYDIA ANDERSON","Vermillion","A",112.009976565166,"20:04.04",439,106
6,241,"MONROE MILLER","SF Lincoln","AA",734.896140937512,"22:49.82",161,385
6,242,"LILLIE SCHMIT","Sioux Valley","A",263.491106657017,"21:31.80",301,246
6,243,"MADDY CAMPBELL","Spearfish","AA",243.273493269556,"21:27.01",308,240
6,244,"LAYLA DRIELING","Belle Fourche","A",156.813617704796,"20:44.63",389,162
6,245,"LUCY CARLSON","Lennox","A",166.568313362379,"20:53.57",372,179
6,246,"MISTY DRIELING","Belle Fourche","A",149.497155576535,"20:36.72",400,152
6,247,"LAINEY GOERTZ","Sanborn Central/Woonsocket","B",166.214251650624,"20:53.12",375,177
6,248,"PEYTON HANSEN","Centerville","B",623.986922352837,"22:44.66",179,376
6,249,"PRESLEY HOUSKA","Chamberlain","A",210.107676966901,"21:21.52",333,225
6,250,"HOPE ROHE","SF Christian","A",1043.40262936586,"23:20.23",122,439
6,251,"OLIVIA ANDERSON","Watertown","AA",86.623461136027,"19:55.20",466,96
6,252,"ANNIAH RUSSELL","Herreid/Selby Area","B",306.75534929164,"21:58.90",276,287
6,253,"TENLEY LEBRUN","Flandreau","A",195.822583505298,"21:16.96",344,220
6,254,"ALLISON LEBER","Canistota","B",412.612746070039,"22:23.84",236,329
6,255,"RAEGAN VERHULST","Harding County","B",643.37409795898,"22:55.91",172,398
6,256,"ALEXA STONE","Belle Fourche","A",211.150657623783,"21:26.68",332,239
6,257,"OLIVIA SCHULTZ","Freeman","B",396.100559725913,"22:21.04",246,327
6,258,"FALLON WIETZKI","North Central","B",1147.52267359359,"23:42.43",111,466
6,259,"EVELYN DEGEEST","Tea Area","AA",97.6938711189439,"20:16.42",454,126
6,260,"JORDYN ZEISLER","Burke","B",306.516138274964,"22:10.41",277,303
6,261,"ASHLYNN WELLMAN","Rapid City Stevens","AA",206.933209562705,"21:30.08",336,245
6,262,"ADELAIDE KLEINSCHMIDT","Rapid City Stevens","AA",568.633626754456,"22:53.33",188,394
6,263,"EVIE NOVSTRUP","Aberdeen Central","AA",95.0631802342042,"20:18.95",456,131
6,264,"GRACIE BANKS","Mahpiya Luta","A",235.090778925392,"21:46.97",315,272
6,265,"AVA GATZKE","Sioux Valley","A",151.695404761489,"21:02.18",397,193
6,266,"AINE GRAESSER","Chamberlain","A",210.04081327743,"21:38.69",334,256
6,267,"MAISIE MOGARD","Brookings","AA",70.6015966008967,"19:58.52",491,100
6,268,"TRUEN BAST","Miller","A",281.332320539872,"22:08.90",290,301
6,269,"AMELIA THREE FINGERS","Lakota Tech","A",961.115112712011,"23:37.49",131,460
6,270,"GABBY WERDEL","Miller","A",282.63487440469,"22:10.70",288,304
6,271,"GRACE ROTH","North Central","B",295.981072740387,"22:16.00",281,313
6,272,"MAGGIE MILLER","SF Lincoln","AA",630.890412698733,"23:06.61",174,421
6,273,"MONICA MORAN","St. Thomas More","A",207.674582898396,"21:41.12",335,262
6,274,"RAYONNA BRAVE BIRD","Little Wound","A",498.484342807916,"22:53.01",206,393
6,275,"DANIELLA VAN ZEE","SF Roosevelt","AA",75.7241602539716,"20:10.90",484,116
6,276,"MACIE DEAN","Ethan/Parkston","A",235.846964081682,"22:00.38",314,289
6,277,"GRETA ODENBACH","Lemmon","B",775.342510340128,"23:31.40",156,449
6,278,"ISABELA TORBERSON","Belle Fourche","A",171.105165260761,"21:27.03",367,241
6,279,"ASPEN NIEWENHUIS","Andes Central/Dakota Christian","B",307.298144075161,"22:25.00",274,334
6,280,"CHLOE BERG","Great Plains Lutheran","A",229.384749454736,"22:00.69",319,290
6,281,"EMILIE REEDY","Sturgis Brown","AA",172.075103113814,"21:31.92",366,247
6,282,"SOPHIA HATLELI","Spearfish","AA",162.532556028788,"21:24.62",383,231
6,283,"CAMDEN PETERSON","Harding County","B",630.641923608724,"23:20.75",175,440
6,284,"SHELLY LARVIE","St. Francis Indian","A",545.343482875984,"23:15.33",195,433
6,285,"MYRA BROWN","Platte-Geddes","A",225.965543400181,"22:12.84",321,308
6,286,"NATALIE DREISKE","Lemmon","B",447.388930095242,"23:01.00",218,411
6,287,"GRACE PRESZLER","Aberdeen Central","AA",63.4139428734641,"20:16.54",504,127
6,288,"GRETCHEN CURTIS","Tea Area","AA",376.844007200043,"22:45.03",254,377
6,289,"LYNDSEY CHESSMORE","Tripp-Delmont/Armour","B",286.137696637944,"22:29.62",285,347
6,290,"JIMENA ARAIZA","Deuel","A",42.129918697874,"19:46.55",548,87
6,291,"SIRI KNUTSON","SF Washington","AA",78.7634935988398,"20:41.82",478,158
6,292,"AUBREY BORNS","West Central","A",102.791060584734,"21:00.81",447,189
6,293,"ELISE JOHNSON","O'Gorman","AA",147.371404481554,"21:25.79",403,234
6,294,"LACEY EASTON","Hanson","A",285.458157684139,"22:32.78",286,353
6,295,"PAIGE MENTELE","Howard","B",290.765256601472,"22:33.76",283,357
6,296,"WILLOW STEPHENS","Flandreau","A",531.267165387707,"23:22.12",198,442
6,297,"ALEXSIS RED BIRD","Todd County","A",537.436175008012,"23:22.41",197,443
6,298,"MORAH SWARTZENDRUBER","Miller","A",216.106481438703,"22:16.30",327,314
6,299,"AVA CARLEY","Rapid City Stevens","AA",822.50983932533,"24:04.41",147,494
6,300,"NORA HYRONIMUS","Beresford","A",421.491244982118,"23:00.77",233,410
6,301,"LOLA UNDERBERG","Tea Area","AA",344.825802116754,"22:50.86",261,387
6,302,"SKYLAR LAWSON","Mitchell","AA",65.7132447720557,"20:36.61",499,151
6,303,"JESSI BACHMAN","Newell","B",176.863235375385,"22:08.13",357,300
6,304,"AVERY MARTINEZ","Jones County","B",239.192306588159,"22:30.45",310,348
6,305,"BRINLEY BRANDRIET","Castlewood","B",274.181058521893,"22:35.78",294,365
6,306,"ARIA PRASNICKI","Milbank","A",477.201228711412,"23:30.26",211,448
6,307,"LANDREE LAMONT","Bison","B",291.196847026487,"22:45.10",282,378
6,308,"GIANNA HEID","Sturgis Brown","AA",414.179257100498,"23:09.00",235,425
6,309,"OLIVIA KERKVLIET","SF Christian","A",732.045761697818,"24:06.78",162,498
6,310,"LOGAN CASTLE","Tea Area","AA",58.4084231660611,"20:31.16",515,146
6,311,"BRYNNLY HUBER","Herreid/Selby Area","B",267.221393983896,"22:36.60",296,367
6,312,"SEELEY VANOVERBEKE","Arlington","B",302.814922873219,"22:49.00",279,384
6,313,"JORDYN JOHNSON","Brookings","AA",62.3394290434777,"20:39.39",509,156
6,314,"JORJA WEBER","McCook Central/Montrose","A",155.351149504561,"21:47.79",392,273
6,315,"BERGEN BUMANN","SF Washington","AA",120.436400080748,"21:26.21",430,237
6,316,"EMMA KNUTSON","Deubrook Area","B",595.925613493887,"23:56.00",186,482
6,317,"SIENNA NECK","Todd County","A",746.249960674935,"24:26.68",159,512
6,318,"ISABEL OVERBY","Brookings","AA",41.0394168972016,"20:14.54",549,125
6,319,"JAEL BURKHALTER","Bison","B",351.132490820446,"23:02.01",259,415
6,320,"SLOAN THOMPSON","Harding County","B",528.471603463626,"23:50.00",199,477
6,321,"GABBY DEVRIES","SF Washington","AA",135.011553081229,"21:42.40",414,265
6,322,"KAYLA HARRIS","Rapid City Stevens","AA",442.826208347534,"23:38.50",221,461
6,323,"ELIZABETH BOSCHEE","Sanborn Central/Woonsocket","B",212.953546784217,"22:32.82",331,354
6,324,"KYLAH BIGGINS","Chamberlain","A",55.3956165219057,"20:46.59",521,165
6,325,"KHLOE SMITH","Tri-State","A",179.627115714788,"22:24.26",355,332
6,326,"ADDISON JASPERS","West Central","A",66.1604071302731,"21:02.93",496,194
6,327,"HAILEY WOODWARD","Custer","A",152.426505568149,"22:08.06",396,299
6,328,"ADRIENNE WHITE LANCE","St. Francis Indian","A",559.056203450053,"24:19.20",190,506
6,329,"VICTORIA GASSEN","SF Christian","A",622.577777031057,"24:28.93",181,515
6,330,"QUINN ULVESTAD","Brookings","AA",184.594118538954,"22:29.56",351,346
6,331,"ROSA AINSLIE","Bennett County","B",266.451106131702,"22:56.18",298,399
6,332,"ELODIE WOOD","Warner","B",98.7536738406157,"21:32.71",453,248
6,333,"ALEAH HETTICH","McIntosh","B",623.320740092619,"24:33.00",180,523
6,334,"TENLY SLABA","Hanson","A",193.093258084523,"22:34.27",347,359
6,335,"ELLA BARTZ","SF Lincoln","AA",40.8869687533946,"20:40.80",550,157
6,336,"BRAELYNN HOLT","Ipswich","B",389.362629672669,"23:38.70",248,463
6,337,"MIKAYLA DENNIS","Custer","A",99.1192972803033,"21:40.20",452,260
6,338,"BEATRIZ HERNANDEZ-LUCAS","Vermillion","A",105.832577409771,"21:45.50",444,268
6,339,"MIKAELA MALSOM","North Central","B",194.25202804418,"22:39.40",345,370
6,340,"ALEXA NANNINGA","Freeman","B",187.918891069708,"22:36.14",350,366
6,341,"KINSLEY DVORACEK","Bon Homme","A",148.203040470824,"22:16.65",402,316
6,342,"AMELIA GIESE","Deuel","A",66.1203383849822,"21:20.28",497,223
6,343,"NEVAEH O'ROURKE","Little Wound","A",404.702129295897,"23:50.64",241,479
6,344,"JOSIE VLIEGER","Huron","AA",46.8605755505087,"20:56.55",538,183
6,345,"MARLEE HAYES","McIntosh","B",174.824614723797,NA,361,NA
6,346,"AVERY MANKE","Winner/Colome","A",250.349579734257,"23:05.50",305,419
6,347,"LILLIE BODEN","Beresford","A",131.959717449715,"22:12.70",418,307
6,348,"ALLISON BRENNER","Aberdeen Central","AA",33.3465571777952,"20:46.68",564,166
6,349,"HANNAH KOCH","Brandon Valley","AA",44.4953763219871,"21:02.00",541,192
6,350,"ZOEY SUTER-MAIER","Lemmon","B",460.2513128503,"24:32.00",215,520
6,351,"CAMBRY VOSS","Beresford","A",553.425332856851,"24:54.41",194,542
6,352,"SPENCER PROEFROCK","Sturgis Brown","AA",315.471435357025,"23:43.77",270,469
6,353,"ESTHER BURKHALTER","Bison","B",440.334045360227,"24:30.00",223,519
6,354,"EMMA LINDAMAN","SF Lincoln","AA",499.301231619301,"24:50.20",205,537
6,355,"PRIA MARTINELL","Tri-Valley","A",70.4461198104474,"21:35.91",492,252
6,356,"ALYVIA GEFFRE","Tri-State","A",232.522340535671,"23:11.10",318,426
6,357,"KHLOE COCHRAN","Aberdeen Central","AA",33.632109521625,"20:56.63",563,184
6,358,"MAKENZI HAM","Custer","A",78.4093234492029,"21:44.60",480,267
6,359,"ALEXA CHASE","McCook Central/Montrose","A",311.701175653306,"23:49.43",272,476
6,360,"HADLEY WALKER","Hill City","A",150.454783002276,"22:32.40",398,351
6,361,"MAISEY KNUDSON","Canton","A",71.7687816026675,"21:41.57",488,263
6,362,"HAILEY TIAHRT","Baltic","A",113.292834825047,"22:16.53",438,315
6,363,"RILEE DORN","Harrisburg","AA",158.203682690156,"22:37.09",386,368
6,364,"ANNALISE RITER","SF Lincoln","AA",461.160165315049,"24:52.37",214,540
6,365,"ANCORA GILKERSON","Oldham-Ramona-Rutland","B",164.86453075402,"22:45.79",378,380
6,366,"EMERY WAGNER","Harrisburg","AA",79.4264875928351,"21:55.91",476,283
6,367,"BROOKE THAYER-BURKE","Hill City","A",141.447251152619,"22:31.17",409,350
6,368,"LUCY VARGAS","St. Mary's","B",176.129412235785,"22:59.00",358,402
6,369,"ADISON ARMSTRONG","Rapid City Stevens","AA",34.0651856791446,"21:06.31",562,199
6,370,"ANDIE AUGHENBAUGH","Sanborn Central/Woonsocket","B",78.7454148830933,"21:55.34",479,282
6,371,"REBECCA HAICH","Irene-Wakonda","B",213.154874741442,"23:14.06",330,431
6,372,"JAYLYNN KNOX","Highmore-Harrold","B",162.935069140285,"22:47.00",382,383
6,373,"ABBY HILLESON","Tea Area","AA",15.0574253893331,"20:39.13",611,155
6,374,"LARA OLOWU-DAVIES","James Valley Christian","B",136.705785426996,"22:33.34",412,355
6,375,"ALEXIS ROESLER","Wessington Springs","B",125.237195535541,"22:29.23",425,343
6,376,"DULCIE VEURINK","Platte-Geddes","A",103.848347746648,"22:19.90",445,324
6,377,"TAYLOR ZEISLER","Burke","B",99.4757201598784,"22:18.37",451,319
6,378,"KAELYN SMITH","Mount Vernon/Plankinton","A",141.045649687873,"22:34.75",410,360
6,379,"ALEAH GRAHAM","West Central","A",227.853242103838,"23:31.53",320,450
6,380,"GABRIELLE KENNY","Todd County","A",410.628599645682,"24:44.46",237,533
6,381,"AFFINITY IRON HAWK","Dupree","B",167.458093042249,"22:57.83",370,401
6,382,"MINA BJORUM","Scotland","B",219.69324695329,"23:27.74",325,447
6,383,"LUCY DEVRIES","SF Washington","AA",425.584952562174,"24:55.26",229,543
6,384,"EVELYN LEBER","Viborg-Hurley","B",500.249673358545,"25:40.64",204,569
6,385,"SAVANAH WIELENGA","Menno","B",311.442905348839,"24:12.06",273,502
6,386,"JEWEL BORDEAUX","St. Francis Indian","A",407.278493689453,"24:49.17",240,536
6,387,"TRINITY HOURIGAN","Spearfish","AA",62.4608570851189,"21:46.67",508,271
6,388,"TABITHA MCFADEN","Milbank","A",126.562875094078,"22:34.87",424,361
6,389,"SHERIDAN MADDEN","Rapid City Central","AA",79.3975108648714,"22:14.10",477,310
6,390,"PEYTON AHLEMEIER","Gettysburg","B",265.506382159766,"24:00.70",299,488
6,391,"ERIN HARMS","Douglas","AA",48.8476976931165,"21:38.79",531,257
6,392,"HALLEY MILLER","Arlington","B",356.836945055134,"24:40.26",258,531
6,393,"MYA FLEMMING","Wolsey-Wessington","B",157.663833621737,"22:59.40",387,404
6,394,"BRYNN VOSS","Beresford","A",242.888136177681,"23:56.72",309,483
6,395,"RYLIN WIPF","James Valley Christian","B",87.9303739330469,"22:24.28",462,333
6,396,"RHYANN ROSELAND","Faulkton Area","B",87.805893590807,"22:25.20",463,335
6,397,"TAYA WETTLAUFER","Howard","B",165.174571711802,"23:07.58",377,422
6,398,"SOFIA HANSON","Elk Point-Jefferson","A",79.7455871851754,"22:21.23",475,328
6,399,"PAYCEE LEE","Deuel","A",37.4748450853323,"21:33.01",555,249
6,400,"ADELIA GROHER","SF Lincoln","AA",392.414360671298,"25:22.82",247,560
6,401,"BRENNA BOLTE","Parker/Marion","A",108.847335393393,"22:41.83",441,373
6,402,"KATIE SPATZ","Sisseton","A",161.905238210189,"23:12.25",384,430
6,403,"AVERY BIRKEL","Gregory","B",90.8460645244066,"22:34.25",459,358
6,404,"ASHLYNN WARRINGTON","Groton Area","A",77.990142632678,"22:27.36",481,337
6,405,"LILY MEYER","Huron","AA",24.1486972693419,"21:23.54",589,230
6,406,"ESTIE KUCHTA","Irene-Wakonda","B",190.83484120207,"23:47.11",348,473
6,407,"HAYDEN EAGLE","Sanborn Central/Woonsocket","B",318.745802577774,"25:17.49",268,553
6,408,"IVORY LABATTE","Sisseton","A",225.851949349724,"24:08.00",322,500
6,409,"LENLEE MILLS","Platte-Geddes","A",63.5651957489791,"22:18.84",503,321
6,410,"NIKA FURNEY","Scotland","B",174.373602264509,"23:41.77",362,465
6,411,"MADYN LACEY","Dell Rapids","A",61.1295994682074,"22:18.01",510,318
6,412,"AUBREE MORRISON","Lead-Deadwood","A",131.645888087346,"23:00.43",419,409
6,413,"CHARLEE BIERLE","Sturgis Brown","AA",116.479386543427,"22:54.35",434,397
6,414,"ABIGAIL EISENBRAUN","Rapid City Stevens","AA",62.5615987612144,"22:20.70",507,325
6,415,"ALY GRUENWALD","Redfield","A",147.142356622295,"23:11.92",404,428
6,416,"CARSON ERNSTER","SF Lincoln","AA",361.496865588106,"25:45.00",257,575
6,417,"ELLA PERMAN","Herreid/Selby Area","B",127.938877846229,"23:01.10",422,412
6,418,"AVERI GERFEN","Mitchell","AA",40.3184803331913,"21:57.31",551,286
6,419,"OLIVIA SCHNEEKLOTH","Brandon Valley","AA",51.8520529611144,"22:15.02",527,311
6,420,"ANNA MARTINMAAS","Faulkton Area","B",84.0645111301687,"22:40.10",470,371
6,421,"ELLA GREENE","Dakota Valley","A",42.3205287691692,"22:05.83",547,295
6,422,"PAOLA CULHUAC SEGUNDO","Milbank","A",103.389131588929,"22:53.51",446,396
6,423,"BRYNN CLEMENTSON","SF Lincoln","AA",332.690084111553,"25:46.85",264,579
6,424,"NATALIE BOWAR","Miller","A",166.338168327589,"23:45.80",373,471
6,425,"JAYDA JENSEN","Watertown","AA",11.5472765400944,"21:21.64",619,226
6,426,"SOPHIA BOOMSMA","James Valley Christian","B",215.789201200546,"24:29.90",329,518
6,427,"KENNADEE WAGNER","Warner","B",72.6113706827342,"22:35.54",485,364
6,428,"IRIS RAMEY","Aberdeen Central","AA",17.3535958129177,"21:29.40",606,244
6,429,"KAMBRI CLAUSSEN","Bennett County","B",197.226585684152,"24:22.48",341,510
6,430,"KYLIE GOSCH","SF Roosevelt","AA",2.13740972414875,"20:59.68",665,187
6,431,"KAELYN SWENSON","Brandon Valley","AA",20.4456157536044,"21:37.13",599,254
6,432,"KATIE BRETSCH","Frederick Area","B",80.8222321403344,"22:45.30",474,379
6,433,"CHASTITY HAWK","Chamberlain","A",87.7745254811806,"22:51.25",464,389
6,434,"PAYTON LOGAN","Gayville-Volin","B",170.83031882208,"23:58.72",368,485
6,435,"AJ LINDNER","Florence/Henry","A",486.455791667741,"28:04.99",209,644
6,436,"NORA PESTER","Huron","AA",18.2006636786702,"21:35.49",603,251
6,437,"RUE KNUDSON","Mobridge-Pollock","A",114.449692147175,"23:04.40",436,418
6,438,"AVERY QUAM","Madison","A",46.8898074372057,"22:18.71",537,320
6,439,"GENESIS MARTINEZ SOTO","Flandreau","A",86.848119872712,"22:53.46",465,395
6,440,"MIRIAM MEYER","Madison","A",71.8892892515846,"22:44.60",487,375
6,441,"FAITH PEKRON","Parker/Marion","A",343.612556009445,"26:09.93",262,600
6,442,"CAROLINE WIESE","Brandon Valley","AA",7.24101055625308,"21:22.98",635,228
6,443,"KELSEY SUNDERMANN","West Central","A",30.6693426928492,"22:00.81",572,291
6,444,"ALIZA ADDY","Canistota","B",146.264420274031,"23:36.08",405,459
6,445,"JALYN TYON","Rapid City Stevens","AA",315.166804836185,"26:02.58",271,594
6,446,"CARSON SEVERSON","Vermillion","A",47.603817265127,"22:26.72",533,336
6,447,"JAIDYNN GIEDD","De Smet","B",410.260965338613,"27:26.59",238,632
6,448,"WINTER THUNDERHAWK","Viborg-Hurley","B",400.035329622312,"27:17.80",243,628
6,449,"STELLA WARREN","Vermillion","A",488.349703590201,"29:18.03",207,664
6,450,"MEREDITH LARSON","Baltic","A",65.8707269881539,"22:44.40",498,374
6,451,"EMMA SHELDON","Rapid City Stevens","AA",47.1208896936179,"22:27.40",535,338
6,452,"ADDISON NYDAM","Mitchell Christian","B",84.6041631725995,"22:59.49",469,405
6,453,"GRACE LIST","Watertown","AA",6.5221415846099,"21:26.59",639,238
6,454,"JOANNA GUMS","Deuel","A",29.5410315620234,"22:09.37",575,302
6,455,"M'KENZIE LAROCHE","Lower Brule","B",108.598962969894,"23:17.00",442,435
6,456,"JAYDA WESTLING","Rapid City Central","AA",43.7510178512578,"22:28.40",542,340
6,457,"BROOKE MELAND","Florence/Henry","A",440.126668651766,"29:07.54",224,660
6,458,"MARIN RHODE","Canton","A",463.291230159753,"31:36.30",213,674
6,459,"LILYANNA WRIGHT","SF Washington","AA",305.860238618686,"26:31.49",278,610
6,460,"QUINN HURD","Miller","A",113.363322119153,"23:32.60",437,452
6,461,"HARPER SCHADE","Redfield","A",153.067563638824,"24:06.79",393,499
6,462,"ALLISON LOEWE","Lennox","A",12.482287582582,"21:53.44",618,280
6,463,"ABBIE ECKERT","Bon Homme","A",217.074634152035,"25:43.00",326,574
6,464,"HAYLEN SCHNECK","Milbank","A",66.7164404564472,"22:59.67",495,406
6,465,"JOSLIN BORDEAUX","St. Francis Indian","A",196.700942168824,"25:22.41",343,558
6,466,"RACHEL STEFFENSEN","Arlington","B",70.8992871891944,"23:01.18",489,414
6,467,"TANAEYA WANNA","Sisseton","A",121.378105552154,"23:48.09",429,475
6,468,"ADDISON MUTH","Yankton","AA",6.85638092163531,"21:46.64",638,270
6,469,"EMMA HALVERSON","Custer","A",266.823886518663,"26:33.40",297,612
6,470,"CAROLINE HUBER","SF Lincoln","AA",280.881652464827,"27:10.65",291,623
6,471,"MADELINE CARCAMO","Rapid City Stevens","AA",5.54926732380749,"21:49.90",642,274
6,472,"TRE'ANN RISING SUN","Cheyenne-Eagle Butte","A",166.573216572226,"25:02.66",371,547
6,473,"HEIDI CARLSON","Iroquois/Lake Preston","B",92.9241317056703,"23:38.50",458,461
6,474,"ASHLYNN KRUGER","Centerville","B",164.443839540408,"24:52.88",379,541
6,475,"SOFIA GONZALEZ","Brookings","AA",8.27054864388352,"21:59.96",633,288
6,476,"ADDY WITTE","Dell Rapids","A",25.5410508865894,"22:28.30",583,339
6,477,"TYANN BALSDAN","Brandon Valley","AA",172.381049578424,"25:21.10",365,557
6,478,"AVA MCMAHAN","Redfield","A",184.298775797954,"25:40.97",352,570
6,479,"KANYN PADDEN","Harding County","B",180.305414193003,"25:42.38",353,573
6,480,"SEDONA BLUE COAT","Cheyenne-Eagle Butte","A",397.214318458219,"39:22.20",244,682
6,481,"AUBRIE BRENDSEL","Brandon Valley","AA",20.9424151885806,"22:24.18",597,330
6,482,"LIVIA KNECHT","Britton-Hecla","A",76.4144748704382,"23:23.05",483,444
6,483,"LOU SCHLADWEILER","Madison","A",19.7863133888138,"22:20.98",602,326
6,484,"MCKENZIE RANS","Belle Fourche","A",27.0926225503693,"22:30.77",580,349
6,485,"KAHLEN PETERSON","Yankton","AA",3.89981421572806,"21:52.61",652,279
6,486,"SAMANTHA MONEKE","SF Lincoln","AA",257.636274329806,"27:18.09",302,629
6,487,"DARABY BOERSMA","Sunshine Bible Academy","B",88.893103510167,"23:46.40",460,472
6,488,"LIANA WISE","Brandon Valley","AA",4.41142115819295,"21:55.92",649,284
6,489,"KYNSLEE MUSHITZ","Miller","A",95.6867761460688,"23:50.30",455,478
6,490,"BROOKLYN REINERS","Tea Area","AA",7.10300977973166,"22:06.84",637,297
6,491,"KIMI RAMA","Mahpiya Luta","A",81.853787890785,"23:38.84",472,464
6,492,"AMBERLYN HOMER","Lakota Tech","A",153.058905845644,"25:00.60",394,546
6,493,"KAITLYN DASCHEL","Dakota Valley","A",39.8667781582376,"22:52.34",552,391
6,494,"TARA ENGELSON","SF Lincoln","AA",236.013229877126,"27:24.76",313,631
6,495,"CHLOE FOLTZ","Tri-State","A",193.897388381631,"26:11.73",346,601
6,496,"VIOLET VYSKOCIL","Parker/Marion","A",94.0648134253035,"24:01.45",457,491
6,497,"ANDREA SANCHEZ","Lakota Tech","A",155.865567564974,"25:22.65",390,559
6,498,"JAYCIE RUSH","Dakota Valley","A",28.6703901873294,"22:45.98",578,381
6,499,"ELLA BORDEAUX","St. Francis Indian","A",198.884839723408,"27:03.62",340,621
6,500,"MASYNN MEBIUS","Wessington Springs","B",36.5832536259833,"23:00.18",557,408
6,501,"BREAW NETH","Scotland","B",106.096022176535,"24:32.58",443,522
6,502,"BRITNEY RUEB","Scotland","B",188.633658071633,"26:47.71",349,616
6,503,"EMILY KEHN","Baltic","A",48.1556361331699,"23:16.59",532,434
6,504,"BRYNN KIRK","Sisseton","A",237.378035986981,"28:40.14",312,656
6,505,"KENNEDI VANOVERBEKE","Arlington","B",115.981481977112,"24:45.00",435,534
6,506,"IZABELL CEROLL","Sisseton","A",161.249731975753,"25:49.62",385,584
6,507,"ROYALE GHOST","Little Wound","A",281.775439344022,"34:40.19",289,681
6,508,"ALIYAH PETERS","Hill City","A",24.0710825313918,"22:46.11",590,382
6,509,"HADLEY GJERDE","Clark/Willow Lake","A",12.8870661436332,"22:33.52",617,356
6,510,"KENSI HOLLAND","Lennox","A",30.3588849384485,"22:57.79",573,400
6,511,"TAYTUM BANKS","Crazy Horse","B",256.35510940979,"30:49.82",303,670
6,512,"HARPER GIBSON","Tri-Valley","A",100.786661265931,"24:34.73",450,524
6,513,"MALYSSA FOUR HORNS","St. Francis Indian","A",237.943121643957,"29:11.74",311,663
6,514,"TAYLOR BOEHNKE","Tea Area","AA",50.2771109930007,"23:23.51",530,445
6,515,"DAPHNE BROUWER","Centerville","B",127.379134253934,"25:17.10",423,552
6,516,"ANASTASIA KIEFFER","SF Washington","AA",215.90839918389,"28:11.99",328,647
6,517,"MILA HEISINGER","Lead-Deadwood","A",57.3091282766844,"23:34.48",520,456
6,518,"LEXI WILKINS","Custer","A",24.5093894140406,"22:52.76",586,392
6,519,"KRUE LUTTER","Hitchcock-Tulare","B",165.949557505605,"26:25.81",376,608
6,520,"LANDRIE HAHN","Colman-Egan","B",80.8984231734019,"24:27.00",473,514
6,521,"ELLA FOX","Mount Vernon/Plankinton","A",67.4484651629934,"24:06.10",494,496
6,522,"HALEY HARKNESS","Elk Point-Jefferson","A",203.906825745791,"28:38.36",338,654
6,523,"TRUDIE HOFER","Mitchell Christian","B",175.084832825378,"27:29.44",359,634
6,524,"LILY SWANSON","Huron","AA",4.01686317945559,"22:29.29",650,344
6,525,"SILVANA HOUSKA","Chamberlain","A",9.75892317652438,"22:41.64",623,372
6,526,"MOLLY NIX","Jones County","B",61.0205462588756,"23:57.00",511,484
6,527,"ANDI IVERSON","Groton Area","A",150.026805138739,"26:07.67",399,597
6,528,"SARAH MESSLER","Gayville-Volin","B",120.009102497383,"25:38.39",432,566
6,529,"KATE BLAIR","Belle Fourche","A",0.565787864808355,"22:19.83",676,323
6,530,"TAYA STONE","Wagner","A",16.4685054970879,"22:52.18",609,390
6,531,"ADA MADDOX","Great Plains Lutheran","A",43.5293821575198,"23:35.01",544,457
6,532,"JAYDE BAIRD","SF Jefferson","AA",197.224018485284,"29:03.00",342,659
6,533,"AUBREY GUY","Sisseton","A",124.417461546243,"25:45.53",426,576
6,534,"OLIVIA BOYLE","Corsica-Stickney","B",57.7546501354002,"23:59.80",517,486
6,535,"LIZ VOGEL","Dell Rapids","A",24.392417284368,"23:02.22",588,416
6,536,"MARIA ADDY","Canistota","B",64.3081136597948,"24:12.06",502,502
6,537,"CINDER HOFFMAN","Sisseton","A",203.923569484165,"29:47.75",337,668
6,538,"DARLA BARNES","Lemmon","B",170.085353599566,"27:36.00",369,637
6,539,"CALISTA SAHR","Madison","A",30.8972730858965,"23:19.46",570,437
6,540,"WILLOW ISBURG","Chamberlain","A",19.8129437611126,"22:59.78",601,407
6,541,"JORJA NELSEN","Florence/Henry","A",88.3510549802192,"25:04.91",461,548
6,542,"MICHELLE HAS HORNS","McLaughlin","B",101.184603536145,"25:27.70",449,561
6,543,"RYLEE ANDERSON","Madison","A",174.82487742645,"28:21.07",360,650
6,544,"KASSANDRA ABBAS","Platte-Geddes","A",141.56377165703,"26:16.38",408,603
6,545,"QUINN WOLBERG","Warner","B",43.3899065569081,"23:43.10",545,467
6,546,"LILLIAN BOWAR","Miller","A",173.55713626705,"28:20.40",363,649
6,547,"TESSA HINMAN","Sunshine Bible Academy","B",35.6276634007909,"23:33.66",559,454
6,548,"MAYCIE KNUTSON","SF Lincoln","AA",179.868304858579,"29:11.45",354,662
6,549,"PHOEBE BENTLEY-BUSCHUR","Hill City","A",22.8007971949435,"23:08.55",593,424
6,550,"MYLI WEISCHEDEL","Sully Buttes","B",47.0205656288453,"23:54.00",536,481
6,551,"MAGGIE DOWLING","Jones County","B",58.133972215751,"24:11.61",516,501
6,552,"KADLIN HAMBCACHT","Hot Springs","A",70.6266612787394,"24:36.28",490,528
6,553,"SAIGE JUNGWIRTH","Redfield","A",60.133983515797,"24:19.60",512,507
6,554,"TYLER GIBSON","Tri-Valley","A",21.7980454029557,"23:11.78",595,427
6,555,"NATALIE KAHLER","Brookings","AA",43.668015592023,"23:52.56",543,480
6,556,"SHARON ZHANG","Great Plains Lutheran","A",52.249273177924,"24:06.51",526,497
6,557,"HAILEY LAHR","Flandreau","A",152.649243745376,"27:20.17",395,630
6,558,"EMMA REMPFER","Menno","B",62.8149541477178,"24:32.27",506,521
6,559,"MEREDITH DECKER","Tea Area","AA",1.974353633994,"22:35.26",667,362
6,560,"KATELYN BOND","Canistota","B",119.089271070965,"26:04.05",433,596
6,561,"ELLA KAMPS","Tea Area","AA",134.937764393359,"27:09.94",415,622
6,562,"DANNICA SHEETS","Aberdeen Central","AA",3.51877982863873,"22:51.23",653,388
6,563,"MOLLY ENGEBRETSON","Madison","A",24.8620982371061,"23:35.46",584,458
6,564,"ROWAN BROWN","Gettysburg","B",157.384766751257,"28:39.90",388,655
6,565,"CLAIRE ROWLEY","McCook Central/Montrose","A",47.2967567679585,"24:26.96",534,513
6,566,"SAVANNAH HADORN","Rapid City Central","AA",9.43199884225749,"23:12.10",624,429
6,567,"MADDIE NEBELSICK","Ethan/Parkston","A",19.8143293255727,"23:32.67",600,453
6,568,"NATALIE HYRONIMUS","Tea Area","AA",122.086548736848,"27:15.50",427,627
6,569,"BRYNN TOWNSEND","SF Lincoln","AA",163.755102548331,"31:20.98",381,673
6,570,"CALLIE BOURNE","Dakota Valley","A",17.6120112740326,"23:32.13",604,451
6,571,"KATHERINA MALSOM","North Central","B",67.8007245478974,"25:31.00",493,562
6,572,"RONA STREITZ","Flandreau","A",132.219732282007,"27:53.46",417,642
6,573,"AUBREY HADORN","Rapid City Central","AA",8.66437243912791,"23:14.30",629,432
6,574,"CLARA HERREID","Aberdeen Christian","B",32.4801053964211,"24:05.30",566,495
6,575,"AMYA WARD","Sioux Valley","A",9.25448691921552,"23:19.17",626,436
6,576,"OHANNA SINCLAIR","Aberdeen Central","AA",9.32144211154885,"23:21.63",625,441
6,577,"BRYSTAL WALLMAN","Miller","A",36.5789328477269,"24:20.00",558,509
6,578,"REYNA SANCHEZ","Lakota Tech","A",101.714572265395,"27:00.23",448,619
6,579,"ADDISON REICHLING","Watertown","AA",4.46613898870762,"23:06.14",648,420
6,580,"ALLIE GORTMAKER","Miller","A",38.9842533519389,"24:29.20",553,517
6,581,"MARLEE OLSEN","Dakota Valley","A",55.320068107151,"25:11.13",522,549
6,582,"SHANNON LAVENDER","Philip","B",86.4706347887435,"26:17.83",467,604
6,583,"ZAYDA TOWNSEND","Milbank","A",7.4246807641679,"23:20.16",634,438
6,584,"ELSA SCHIFERL","Aberdeen Central","AA",2.61872815165382,"23:01.15",662,413
6,585,"KAYDENCE GERRY","Lennox","A",77.8668416071327,"26:02.34",482,593
6,586,"TESSA AUDISS","Rapid City Christian","A",30.6793739170025,"24:15.00",571,505
6,587,"EMERSON KURKIEREWICZ","SF Lincoln","AA",148.803549706962,"31:49.77",401,675
6,588,"JOEY SWARTZENDRUBER","Miller","A",142.395741346375,"30:50.80",406,671
6,589,"ABBY DOSE","Canton","A",16.5575705121342,"23:45.06",608,470
6,590,"KAELYN LEFORS","Douglas","AA",22.6160371145415,"24:01.24",594,490
6,591,"NEVAEH REITZ","Clark/Willow Lake","A",28.7933734445459,"24:19.78",576,508
6,592,"JAYLEA MILLER","Parker/Marion","A",65.601706903149,"25:54.50",500,586
6,593,"JADIS REDDY","Little Wound","A",72.0193415950686,"26:16.28",486,602
6,594,"ISABEL KULM","Flandreau","A",120.375047931744,"28:56.47",431,657
6,595,"ATHENA WHITE ELK","Mahpiya Luta","A",43.2138898145339,"24:55.80",546,544
6,596,"SIENNA DEKAM","SF Lincoln","AA",134.937764393359,"31:55.56",415,676
6,597,"IVANA SCHAEFFER","Menno","B",44.7207925073067,"25:18.75",540,554
6,598,"BAILEY MINES","Yankton","AA",1.2631472034956,"23:07.82",673,423
6,599,"JOSIE WEIBE","Hitchcock-Tulare","B",128.512156565103,"34:03.73",421,680
6,600,"BAILEY NOLD","Aberdeen Roncalli","A",28.786290296584,"24:35.82",577,526
6,601,"ADDISYN HEINRICH","Warner","B",59.645003785164,"25:57.50",514,591
6,602,"KEONDRA WILSON","SF Lincoln","AA",122.086548736848,"33:13.44",427,678
6,603,"HARPER SPILDE","Huron","AA",54.2586920515648,"25:48.74",523,583
6,604,"MACEY WIGG","SF Jefferson","AA",31.9586894942076,"24:51.95",568,539
6,605,"CHLOE LEE","Lead-Deadwood","A",33.0767480037383,"24:56.05",565,545
6,606,"AVAH NEWMAN","Iroquois/Lake Preston","B",34.4646462054312,"25:12.64",561,550
6,607,"JACLYN RICHTER","Pierre T.F. Riggs","AA",1.93640044654048,"23:26.92",668,446
6,608,"MIA RIIBE","Dakota Valley","A",10.6453209401523,"24:03.28",621,493
6,609,"DREAMER COURNOYER","Flandreau","A",57.652529321531,"26:03.56",519,595
6,610,"COURTNEY MATHIEU","Chester","B",51.1555635928631,"25:55.49",528,588
6,611,"JAY RIOS","Douglas","AA",24.6490185503099,"24:41.76",585,532
6,612,"CADENCE CAP","Scotland","B",36.9204047255251,"25:32.30",556,564
6,613,"EMMA REIHE","Watertown","AA",2.01655579938411,"23:34.16",666,455
6,614,"GEORGIA ODENBACH","North Central","B",52.4961980349162,"26:09.70",525,599
6,615,"BETHANY MAHAFFY","Newell","B",60.0024607104257,"26:33.00",513,611
6,616,"HANNAH RIGO","Freeman","B",16.0055598298869,"24:29.19",610,516
6,617,"DYSTINY LOSS","Arlington","B",38.1225792634573,"25:46.00",554,578
6,618,"ALEXIS MOORE","Kimball/White Lake","B",17.4807443979769,"24:46.77",605,535
6,619,"KENZI RED OWL","Little Wound","A",83.5103200650879,"30:06.00",471,669
6,620,"SYDNIE PISCHEL","Mitchell","AA",1.7783453188462,"23:47.97",669,474
6,621,"HARPER WATTIER","Centerville","B",57.7410378348795,"27:11.19",518,625
6,622,"NORAH GONSOR","Aberdeen Roncalli","A",20.9566785153492,"25:14.38",596,551
6,623,"ANNA NORBY","Dakota Valley","A",32.476695223668,"25:47.16",567,580
6,624,"ALEXIS (LUCY) DALEY","Mitchell","AA",0.364149644402158,"23:43.67",680,468
6,625,"SAMANTHA TROXELL","Madison","A",10.8830946395736,"24:39.55",620,530
6,626,"ALAINA ALBRECHT","De Smet","B",27.0970435948265,"25:41.09",579,571
6,627,"LEILIA PLENTY WOUNDS","Oelrichs","B",85.2575903343084,"44:20.66",468,683
6,628,"AMELIA LOBAN","Hamlin","A",2.59379549885937,"24:02.60",663,492
6,629,"KARA DOSE","Canton","A",4.99796721232596,"24:22.81",644,511
6,630,"ELLA KOLOUSEK","Wessington Springs","B",1.74302560663516,"24:00.01",670,487
6,631,"GENTRIE BLASIUS","Kimball/White Lake","B",8.30915926016648,"24:35.45",632,525
6,632,"ANNIKA OLSON","Lead-Deadwood","A",26.9805750720502,"25:45.72",581,577
6,633,"KENDALL CLAYTON","Brandon Valley","AA",8.46753751391969,"24:37.21",630,529
6,634,"KHLOE MACKEY","Mitchell","AA",23.6573238153787,"25:42.33",591,572
6,635,"DELAYNE RAINBOW","Cheyenne-Eagle Butte","A",62.8338570021057,"29:09.47",505,661
6,636,"EVELYN GARCIA","Custer","A",14.8787353121043,"25:20.49",613,555
6,637,"MYA WARNKE","Gregory","B",8.39838107529169,"24:51.25",631,538
6,638,"SOPHIA SHUDAK","Yankton","AA",0.0912490564739364,"24:01.02",684,489
6,639,"CLAIR BAUMANN","Canton","A",51.0468686836034,"28:10.35",529,645
6,640,"KENDRA THORP","Custer","A",17.3062282590742,"25:39.77",607,568
6,641,"KASHLEY GOEBEL","Arlington","B",30.9757299898984,"26:20.61",569,606
6,642,"AMARA RINEHART","Mitchell","AA",1.56562588168105,"24:12.08",672,504
6,643,"JOSALIN TURNBAUGH","Irene-Wakonda","B",53.5992121177836,"28:38.23",524,653
6,644,"HALEY CAHOY","Aberdeen Central","AA",14.9548450043134,"25:39.00",612,567
6,645,"LILLY FLOOD","Aberdeen Central","AA",14.1015999095778,"25:36.51",615,565
6,646,"PHOENIX RED ELK","Little Wound","A",65.3854956682761,"33:19.38",501,679
6,647,"KATHERINE O'NEAL","Rapid City Christian","A",2.98282194712472,"24:35.96",657,527
6,648,"VANESSA ANDERSON","Watertown","AA",46.0697989869521,"28:11.23",539,646
6,649,"KIRTI PICKARD","Dell Rapids","A",6.13605379128117,"25:20.68",640,556
6,650,"LEAH CRICK","Menno","B",34.574857120876,"27:39.19",560,638
6,651,"CORDELIA ADAMS","Canton","A",20.8638793531803,"26:21.06",598,607
6,652,"ANISTON WHITLEY","Redfield","A",14.5007184180536,"25:59.36",614,592
6,653,"BREELYN DEMERY","Faulkton Area","B",4.85060628056753,"25:32.00",645,563
6,654,"KEIRA THORP","Custer","A",8.82792083617728,"25:47.89",627,581
6,655,"REGINA MEDINA","Mount Vernon/Plankinton","A",26.1017232577729,"27:15.15",582,626
6,656,"CLAIRE VOGEL","McCook Central/Montrose","A",7.18036316532466,"25:55.61",636,589
6,657,"LUCIA HOLSING","Faulkton Area","B",29.9542296039628,"28:23.00",574,651
6,658,"EMMA SCOTT","Lead-Deadwood","A",8.74756333479105,"26:09.29",628,598
6,659,"ANNA ALVEY","Tri-Valley","A",4.59204105143597,"25:54.61",646,587
6,660,"LILY SCHLUETER","Tri-Valley","A",3.30870982031672,"25:49.62",654,584
6,661,"VANESSA GUTIERREZ","Little Wound","A",23.0355770220321,"28:19.97",592,648
6,662,"CHESNIE GISSELBECK","Castlewood","B",10.1539545684933,"27:11.00",622,624
6,663,"BRIANNA NOBEL","Custer","A",6.0439100788873,"26:30.69",641,609
6,664,"MAKENNA PRYOR","Mount Vernon/Plankinton","A",3.97492124890739,"26:18.91",651,605
6,665,"DAKOTA OBERG","Chester","B",5.17733696288867,"26:38.40",643,614
6,666,"AUBREY POWERS","Deuel","A",13.165704380619,"27:49.90",616,641
6,667,"ANNIE BOURNE","Dakota Valley","A",0.520127850790279,"25:48.63",677,582
6,668,"CADENCE GOOD SOLDIER","Little Wound","A",24.4026694228713,"32:01.46",587,677
6,669,"GRACIE KRAMER","Tea Area","AA",0.39478524395519,"25:55.75",679,590
6,670,"SADIE CARLSON","Gregory","B",2.90649025471307,"26:39.72",658,615
6,671,"DEVRAH MEYER","Madison","A",3.04681192299929,"26:59.65",656,618
6,672,"KAIDENCE RUDE","Tri-Valley","A",2.75690874698429,"27:02.26",659,620
6,673,"JORDYN RED WING","Mahpiya Luta","A",4.47105928098816,"27:33.18",647,636
6,674,"KALA MAXON","Platte-Geddes","A",1.64794014643748,"26:51.78",671,617
6,675,"SCARLETT COLE","Andes Central/Dakota Christian","B",2.62663444845199,"27:32.00",661,635
6,676,"SAIGE LESSMAN","Parker/Marion","A",0.0668437012911778,"26:36.76",685,613
6,677,"LIVIA SCHULDT","Mount Vernon/Plankinton","A",2.64300847025026,"27:48.88",660,640
6,678,"KAT MCMAHON","Lead-Deadwood","A",0.752827226215626,"27:27.30",675,633
6,679,"RILEY RAYSOR","Spearfish","AA",1.22613165590464,"27:45.90",674,639
6,680,"MONICA GIAGO","Mahpiya Luta","A",3.19827163446535,"29:23.83",655,667
6,681,"LILY ANDERSON","Parker/Marion","A",0.152172200622724,"28:02.93",682,643
6,682,"ISABELLA MACK","Tri-Valley","A",2.48903266720809,"29:19.48",664,665
6,683,"DANIKA FLUTH","Tri-Valley","A",0.401781817868597,"28:29.26",678,652
6,684,"REMI HUBSCH","Webster Area","A",0.000675209688050553,"28:57.58",686,658
6,685,"ADDISON KROGSTAD","Corsica-Stickney","B",0.228666466998593,"29:20.94",681,666
6,686,"AUDRINA ADAMS","Mitchell","AA",0.147387315825106,"31:04.90",683,672
7,1,"BRIANNA REILLY","Harrisburg","AA",36698.0793061742,"16:31.78",2,1
7,2,"ELLIE MADDOX","SF Christian","A",39671.1413303665,"16:33.95",1,2
7,3,"HANNAH GENRICH","Harrisburg","AA",25354.3051481142,"16:44.72",4,3
7,4,"FAITH WIESE","Flandreau","A",25590.584637094,"17:08.39",3,4
7,5,"SADIE PETTENGILL","SF Christian","A",23671.8725335771,"17:18.59",5,5
7,6,"JERICA GLASSER","SF Christian","A",16461.3976097718,"17:52.89",7,8
7,7,"ALEX MCCULLOUGH","Dakota Valley","A",12136.1522193397,"17:33.79",11,6
7,8,"PEYTON VANDEEST","Spearfish","AA",13881.4577222318,"17:39.33",10,7
7,9,"GRACE PHILLIPS","Chamberlain","A",17299.8217117288,"18:13.07",6,11
7,10,"JAYCIE BABB","Tea Area","AA",15283.846741846,"18:11.53",8,10
7,11,"MIA KADI","SF Lincoln","AA",10739.1910334938,"18:07.43",13,9
7,12,"ELLA BOEKELHEIDE","Northwestern","B",13886.4536098861,"18:36.89",9,21
7,13,"EMERY LARSON","Pierre T.F. Riggs","AA",9926.56119667575,"18:27.24",16,15
7,14,"NATALIE SMITH","SF Christian","A",7516.26506746447,"18:14.63",21,12
7,15,"EMILY CURRAN","Brandon Valley","AA",9414.72923546299,"18:29.74",17,17
7,16,"AUTUMN GILHOOLY","Harrisburg","AA",5364.62965306834,"18:15.71",26,13
7,17,"KORI KEIL","Spearfish","AA",11559.9884241482,"18:47.70",12,29
7,18,"ELOISE SCHARNBERG","Harrisburg","AA",7521.56760874806,"18:39.44",20,22
7,19,"BROOKLYN SUNDERMANN","West Central","A",5406.96658202489,"18:33.96",25,19
7,20,"KADANCE HOLSO","Rapid City Stevens","AA",10231.7488326612,"18:49.40",15,30
7,21,"CALLIE RADIGAN","Vermillion","A",5344.89146334246,"18:34.89",27,20
7,22,"PEYTON BEATCH","Brandon Valley","AA",6163.19389523465,"18:49.55",23,31
7,23,"ADIE MCVEY","Lennox","A",3357.09815590621,"18:22.30",43,14
7,24,"BAILEY VANDERGRIEND","SF Christian","A",4637.63408393704,"18:39.80",37,23
7,25,"ISABELLA GALBRAITH","Ipswich","B",7743.01431285574,"19:06.00",19,41
7,26,"KIRA UBENCE","Douglas","AA",4712.82545704003,"18:46.32",36,26
7,27,"RORIE THORESON","Dell Rapids","A",4995.8162075309,"19:01.78",30,36
7,28,"ALLIE NOVSTRUP","Aberdeen Central","AA",3282.29895968462,"18:42.71",46,24
7,29,"BELLA DITTMER","SF Roosevelt","AA",3344.53958471347,"18:47.12",44,28
7,30,"KAMRYN NESHEIM","Clark/Willow Lake","A",10584.02183983,"19:23.09",14,60
7,31,"EVELYN HURLEY","Rapid City Stevens","AA",6898.61637798786,"19:16.47",22,54
7,32,"MARISSA BOUWMAN","SF Washington","AA",3282.71335203917,"18:50.89",45,32
7,33,"KALYNN OBAN","Ipswich","B",4891.58255971477,"19:12.00",33,48
7,34,"MAXINE ORDWAY","SF Christian","A",2692.73724574785,"18:43.01",58,25
7,35,"KENDAL UTTECHT","Wolsey-Wessington","B",4897.47255985371,"19:13.30",32,51
7,36,"ADDISON CASSADY","Aberdeen Roncalli","A",7765.69228047083,"19:29.46",18,66
7,37,"BRINNA SHELDON","Rapid City Stevens","AA",5296.06314286045,"19:19.86",29,57
7,38,"AUTUMN BAKER","Kimball/White Lake","B",2893.63445859053,"19:00.93",53,35
7,39,"JAYLA STILES","Ipswich","B",4914.65964916108,"19:21.00",31,58
7,40,"EMMELINE MURRAY","SF Lincoln","AA",2937.18210152392,"19:02.78",52,38
7,41,"MADISYN GELLHAUS","Ipswich","B",5315.30752522873,"19:28.40",28,65
7,42,"ALICE GUNDVALDSON","O'Gorman","AA",3257.95051633395,"19:13.14",48,49
7,43,"NORA OLSEN","Deubrook Area","B",6155.54695886211,"19:38.48",24,75
7,44,"ADDISON SCHOLTEN","Brandon Valley","AA",1575.9984957642,"18:27.78",90,16
7,45,"TAYLOR HARRELSON","Rapid City Christian","A",3838.41055152446,"19:32.19",39,68
7,46,"LUCILLE AHART","Newell","B",2806.56370368753,"19:19.15",54,55
7,47,"TARA BLACHFORD","Northwestern","B",3043.38166632168,"19:22.70",50,59
7,48,"GWEN RICHTER","Pierre T.F. Riggs","AA",1849.65513962404,"18:51.18",79,33
7,49,"AUTUMN FALLIS","Highmore-Harrold","B",4816.16695049948,"19:40.30",34,79
7,50,"RYELLE GILBERT","Groton Area","A",3260.9247753166,"19:30.29",47,67
7,51,"SARAH JOHNSON","West Central","A",2024.47005637598,"19:06.81",72,43
7,52,"ALLI MCCORD","Kimball/White Lake","B",4715.17967942393,"19:41.00",35,80
7,53,"GRACE MCELROY","Watertown","AA",1795.02150585096,"19:05.74",81,39
7,54,"CALLA WIESE","Flandreau","A",1874.14899971745,"19:11.09",77,46
7,55,"EMRIE VONEYE","Sanborn Central/Woonsocket","B",2471.23563384143,"19:24.53",61,62
7,56,"SIERRA SANDFORD","Spearfish","AA",3626.17292451245,"19:41.53",42,82
7,57,"ABIGAIL ENGELLAND","Mount Vernon/Plankinton","A",3627.13223818729,"19:43.31",41,85
7,58,"JAYNA VANLAECKEN","Tea Area","AA",1696.56773052427,"19:06.17",85,42
7,59,"KAYLIE KUEHL","Brookings","AA",1873.54129387148,"19:13.32",78,52
7,60,"JENNAY GISI","Ipswich","B",2742.72799516987,"19:37.30",56,74
7,61,"DANNIKA KAUP","Hoven","B",2311.7124373011,"19:32.60",64,69
7,62,"NORA YOUMANS","Yankton","AA",1552.8580968024,"19:11.21",92,47
7,63,"CLARA PEDERSON","SF Lutheran","B",2558.34507239294,"19:41.80",60,83
7,64,"LILY BAKER","Kimball/White Lake","B",2694.9372262422,"19:43.94",57,87
7,65,"SURI SCHMIDT","Mount Vernon/Plankinton","A",2945.21772588329,"19:49.00",51,93
7,66,"BRIELLE JENKINS","SF Lincoln","AA",1395.76777436097,"19:09.62",100,45
7,67,"LILIAN RUDE","Brandon Valley","AA",1257.76581843928,"19:05.84",109,40
7,68,"BRYN BARKER","SF Christian","A",1050.45893072722,"18:46.52",123,27
7,69,"SHYLA TVEDT","Deuel","A",1313.09312454103,"19:07.40",106,44
7,70,"EMMERSON EPPARD","Chester","B",3881.70194302468,"20:07.55",38,114
7,71,"ANDEE FRANDSEN","Hill City","A",2129.32788029917,"19:50.22",68,94
7,72,"BREANA ASKE","Jones County","B",2027.93200472655,"19:52.00",70,97
7,73,"FINLEY EVJEN","Canton","A",890.159219087659,"18:59.69",134,34
7,74,"AVA GEORGE","Irene-Wakonda","B",3151.74779069902,"20:12.49",49,123
7,75,"RHYS PEARSON","Belle Fourche","A",1357.58040927096,"19:32.91",104,70
7,76,"LONDYN SCHROEDER","Mitchell","AA",811.851758709346,"19:02.75",140,37
7,77,"KAILEY WINTER","Harrisburg","AA",887.848121080819,"19:13.59",135,53
7,78,"ELLE HLAVAC","Scotland","B",3796.74156045678,"20:26.27",40,150
7,79,"ELEANOR ANDERSON","Vermillion","A",1402.09481864235,"19:50.78",99,95
7,80,"KYLEE JOHNSON","Deubrook Area","B",2138.90032924231,"20:14.00",67,128
7,81,"TAHCA ZEPHIER","Mahpiya Luta","A",2391.25313474878,"20:16.36",63,132
7,82,"LAURA NEMEC","Mitchell Christian","B",1927.09792638066,"20:12.09",76,121
7,83,"FAITH HEIL","Mobridge-Pollock","A",1982.58811423819,"20:12.90",75,125
7,84,"EVELYN SHEARER","Herreid/Selby Area","B",1369.77823950378,"19:55.70",101,100
7,85,"AMIA WARD","Sioux Valley","A",1072.23554621037,"19:43.38",122,86
7,86,"CLAIRE GUTHMILLER","Bon Homme","A",2276.65542163914,"20:22.22",66,142
7,87,"HAILEY MOLLNER","SF Jefferson","AA",993.07161631471,"19:41.35",128,81
7,88,"MACI LICHT","Sioux Valley","A",1074.02757816884,"19:45.91",121,89
7,89,"HADLEY TEMPLE","Rapid City Central","AA",1649.72135298376,"20:13.05",87,126
7,90,"AVERY WUESTEWALD","Yankton","AA",786.732164505438,"19:36.87",144,73
7,91,"LUCY HAMER","Sturgis Brown","AA",1691.38055061969,"20:15.37",86,131
7,92,"ADELINE THOMPSON","SF Lincoln","AA",805.98551396602,"19:39.77",141,77
7,93,"IZZY FISCHER","Rapid City Central","AA",1336.56508765258,"20:07.52",105,113
7,94,"LAURYN DONOVAN","Spearfish","AA",1458.65450675468,"20:12.42",97,122
7,95,"EMMA BOCHEK","Clark/Willow Lake","A",2643.28390070669,"20:35.48",59,160
7,96,"KAELYN ULSCHMID","Arlington","B",2287.00281411736,"20:31.09",65,155
7,97,"LIA MUNDT","Belle Fourche","A",731.193515018249,"19:33.26",151,71
7,98,"ELLA MERRIMAN","Beresford","A",1083.16658998046,"20:06.00",119,112
7,99,"ELLA KOPLIN","Milbank","A",1134.19095754706,"20:09.15",117,116
7,100,"JENTRY HUBNER","Herreid/Selby Area","B",1621.54354661701,"20:23.40",88,146
7,101,"AUBREE MINER","Cheyenne-Eagle Butte","A",2423.09818312753,"20:40.91",62,172
7,102,"AMARA USERA","St. Thomas More","A",1263.42217410691,"20:16.66",108,135
7,103,"ASHLAN CARLOW","Mahpiya Luta","A",1608.67970605249,"20:28.73",89,154
7,104,"CADENCE BOCHEK","Clark/Willow Lake","A",1532.95496465995,"20:26.60",94,151
7,105,"VIONA SIETSEMA","Rapid City Stevens","AA",2056.96819101522,"20:43.06",69,176
7,106,"LIA TIANGCO","O'Gorman","AA",529.957977962844,"19:23.72",186,61
7,107,"BRENNA HALVORSON","Northwestern","B",1174.04272767708,"20:17.80",114,138
7,108,"ANNA SPANOS","SF Lincoln","AA",578.948736884825,"19:39.07",178,76
7,109,"ELIA PETERSON","SF Christian","A",1012.91304206205,"20:14.00",127,128
7,110,"LILA KNUTSON","SF Washington","AA",1229.96442129344,"20:22.60",111,144
7,111,"GRACEN GIEGLING","Harrisburg","AA",566.400552375076,"19:40.28",180,78
7,112,"RYLIE ROTHENBERGER","SF Washington","AA",1075.38572421152,"20:18.60",120,139
7,113,"KELLA TRACY","Groton Area","A",1206.65862414699,"20:25.35",112,147
7,114,"BERKLEE MILLS","Platte-Geddes","A",1501.32428697332,"20:37.91",95,166
7,115,"ADALYNN FISCHER","Rapid City Central","AA",1031.01903453678,"20:17.70",125,137
7,116,"KAYLEE BROWN","Deubrook Area","B",731.055621542574,"20:04.99",152,111
7,117,"HAZEL KANNEGIETER","Aberdeen Roncalli","A",1989.22469325084,"20:49.98",74,190
7,118,"MCKINLEY GLANVILLE","SF Lincoln","AA",2021.50269921875,"20:52.31",73,191
7,119,"KATELYN WIRTH","Warner","B",1366.65529273621,"20:36.40",102,163
7,120,"AURORA EVANS","Douglas","AA",632.215234506278,"19:58.11",167,103
7,121,"LILLY GERLACH","Watertown","AA",479.318505379122,"19:36.80",199,72
7,122,"TALYA VINCENT","Sioux Valley","A",554.38299204702,"19:47.42",183,92
7,123,"SOPHIA JOHNSON","Lennox","A",790.155182716226,"20:16.66",142,135
7,124,"KATE MCELROY","Watertown","AA",424.615055944172,"19:26.36",216,63
7,125,"WHITLI ADAMS","Rapid City Stevens","AA",897.38339513247,"20:25.96",133,149
7,126,"GRACE BIALAS","Tea Area","AA",382.037089286291,"19:13.17",234,50
7,127,"ASPEN VENEKLASEN","Hill City","A",866.736816198082,"20:25.67",136,148
7,128,"BIANCA BERRY","Milbank","A",1023.00431702089,"20:34.36",126,158
7,129,"ANNALISA STAKE","Centerville","B",1699.14707338545,"20:56.75",84,201
7,130,"BRILEY GEBHART","Lemmon","B",2780.7227731919,"21:13.16",55,234
7,131,"HADASAH OLSON","James Valley Christian","B",757.951907062549,"20:23.10",146,145
7,132,"IRIS ZYLSTRA","Sturgis Brown","AA",1185.18339532014,"20:44.23",113,178
7,133,"AVA SCHINDLER","Chamberlain","A",1248.44290089226,"20:44.75",110,181
7,134,"EMMA TIDEMANN","Brandon Valley","AA",311.241699813561,"18:31.43",276,18
7,135,"PIPER CURRAN","Belle Fourche","A",655.281506062392,"20:21.58",162,141
7,136,"TAYLOR MCCOMSEY","Aberdeen Roncalli","A",1277.28574104789,"20:53.79",107,196
7,137,"JAYCEE STEVENS","Gettysburg","B",715.833431575978,"20:32.90",154,157
7,138,"HANLEE SEYKORA","Harrisburg","AA",369.980134262214,"19:26.74",249,64
7,139,"SASHA VAN DEN BOSCH","Chamberlain","A",941.985061325034,"20:53.43",129,193
7,140,"ABBY JOHANNESON","Yankton","AA",377.647157198682,"19:42.73",240,84
7,141,"GRACYN KADLEC","Ipswich","B",472.841089767839,"20:12.74",201,124
7,142,"AUSTINA SORENSEN","Faulkton Area","B",789.541334933192,"20:49.77",143,189
7,143,"MADDLYN RED BEAR","Dupree","B",1560.30633889161,"21:16.10",91,241
7,144,"SARAH GILHOOLY","Harrisburg","AA",310.131599323434,"19:19.75",277,56
7,145,"RILYN JACKSON","Yankton","AA",375.195582369179,"19:46.69",245,91
7,146,"PAIGE SCHWEITZER","O'Gorman","AA",636.681366208204,"20:40.90",165,171
7,147,"PAIGE AHLEMEIER","Gettysburg","B",589.614931801133,"20:36.10",175,162
7,148,"MACY COPELAND","Rapid City Central","AA",1121.12044307812,"21:08.25",118,221
7,149,"CLAIRE MCDONALD","Chester","B",1462.20780264521,"21:17.50",96,243
7,150,"JORDAN CHESSMORE","Tripp-Delmont/Armour","B",1360.05565185098,"21:17.00",103,242
7,151,"JOLIE WESTRUM","Gayville-Volin","B",1834.11848619231,"21:28.62",80,268
7,152,"RACHEL MELIUS","Northwestern","B",737.841564712406,"20:58.70",147,205
7,153,"TYLEE TETRAULT","Spearfish","AA",701.167624442058,"20:55.18",156,198
7,154,"BELLA LINN","Spearfish","AA",655.542612725304,"20:57.36",161,202
7,155,"JILLIAN SCHULTE","Parker/Marion","A",521.092727703771,"20:41.98",189,175
7,156,"SADIE WUEBBEN","West Central","A",378.292630196614,"20:13.75",239,127
7,157,"SIERRA KELLER","Florence/Henry","A",902.785742352006,"21:13.63",132,236
7,158,"CHEL ODENBACH","Lemmon","B",1764.76234510803,"21:40.89",82,288
7,159,"HANNAH DELINE","Mitchell Christian","B",703.587054403741,"21:05.82",155,216
7,160,"NINA GABRIEL","Harrisburg","AA",332.343196065087,"20:02.22",265,107
7,161,"KYLEIGH MILLER","Warner","B",638.223100591577,"21:00.85",164,209
7,162,"CHARLOTTE QUALM","Platte-Geddes","A",862.727215515272,"21:14.06",137,237
7,163,"CHARLEE WILLIAMS-SMITH","Pierre T.F. Riggs","AA",276.422734251516,"19:45.00",290,88
7,164,"ANGELA FRICK","North Central","B",2027.75164158302,"21:51.59",71,307
7,165,"EMILIE REEDY","Sturgis Brown","AA",664.035511584761,"21:07.27",160,220
7,166,"LUCY ROZEBOOM","West Central","A",308.158955359555,"20:01.97",278,106
7,167,"SADEY HOLT","Baltic","A",382.404038847329,"20:28.09",233,153
7,168,"LILY WAGNER","SF Roosevelt","AA",277.40624781929,"19:57.24",289,102
7,169,"EVELYN PRAHL","Great Plains Lutheran","A",700.414134582228,"21:14.62",157,238
7,170,"KAMORA RUTHERFORD","Stanley County","A",634.710343230306,"21:11.48",166,231
7,171,"HADLEY WALKER","Hill City","A",380.510743442939,"20:35.88",237,161
7,172,"KYLAH BIGGINS","Chamberlain","A",424.659933196579,"20:46.59",215,183
7,173,"EMMY CHRISTENSEN","Ethan/Parkston","A",427.25744207694,"20:48.56",213,187
7,174,"ISABELLE LEE","Colman-Egan","B",855.853148049972,"21:26.00",138,262
7,175,"AVA SLETTEN","Canton","A",381.417359080712,"20:38.59",235,167
7,176,"ASHTYN KRIZ","Tri-State","A",500.052813382246,"20:59.90",195,207
7,177,"AMYA PRUE","White River","B",625.296422907126,"21:12.69",170,233
7,178,"DEVYN VAN ROEKEL","Pierre T.F. Riggs","AA",246.25604494872,"19:56.34",304,101
7,179,"KALLA PADDEN","Harding County","B",1533.08655721229,"21:54.90",93,314
7,180,"GRACE STEFFEN","Burke","B",923.227669466234,"21:36.00",130,280
7,181,"BRYNN ODENBACH","Lemmon","B",1726.34739429913,"22:03.97",83,327
7,182,"BRANDY MARSHALL","Lakota Tech","A",531.69648436603,"21:11.40",185,230
7,183,"EMMA CAULFIELD","Florence/Henry","A",834.162274822045,"21:35.04",139,276
7,184,"ELLA COOMES","Madison","A",523.196604539536,"21:12.06",187,232
7,185,"MACY MUELLER","Milbank","A",431.767954345355,"21:01.17",212,210
7,186,"CAMI WOLLES","St. Mary's","B",914.624199774481,"21:42.00",131,292
7,187,"LARISSA RENEMANS","Pierre T.F. Riggs","AA",232.948026592844,"20:10.80",312,118
7,188,"JAESHAWNIA IRON HAWK","Dupree","B",555.023630886667,"21:20.80",182,249
7,189,"ABIGAIL ENGEL","Gregory","B",589.251015431323,"21:23.00",176,255
7,190,"MADELINE CARCAMO","Rapid City Stevens","AA",436.548953627125,"21:09.68",210,225
7,191,"APRIL SKLUZAK","Kimball/White Lake","B",626.174049937991,"21:28.08",169,267
7,192,"ISABEL GURNEY","Yankton","AA",415.088962788838,NA,219,NA
7,193,"BROOKE THAYER-BURKE","Hill City","A",313.596048157602,"20:41.05",272,173
7,194,"GRACIE BANKS","Mahpiya Luta","A",346.946208277028,"20:49.38",258,188
7,195,"GRACE ROTH","North Central","B",376.283772359796,"20:58.20",243,203
7,196,"MADDY CAMPBELL","Spearfish","AA",508.652192016927,"21:23.08",192,256
7,197,"JAYDA WESTLING","Rapid City Central","AA",434.182142017577,"21:15.54",211,240
7,198,"PAIGE DEUTER","St. Mary's","B",737.18491594904,"21:51.00",148,305
7,199,"MARLEE MEYERINK","Platte-Geddes","A",439.393933580556,"21:19.59",209,246
7,200,"NORA SHEPARDSON","Ethan/Parkston","A",394.662029222471,"21:10.80",227,229
7,201,"JENNIFER BEVERS","Clark/Willow Lake","A",393.363181148903,"21:10.32",229,228
7,202,"OLIVIA KADLEC","Ipswich","B",608.748733668673,"21:39.10",174,285
7,203,"KILEY WESTBERRY","Flandreau","A",224.506269218358,"20:22.57",317,143
7,204,"HAIVYN SCHUCHHARDT","Warner","B",283.556962486483,"20:43.22",284,177
7,205,"MOLLY O'NEIL","Beresford","A",330.887254118357,"20:54.32",266,197
7,206,"ZOE SCHAEFFER","Menno","B",617.473944674879,"21:43.42",172,295
7,207,"DELANEY YOUMANS","Yankton","AA",163.993849520944,"20:03.00",361,108
7,208,"PRESLEY HOUSKA","Chamberlain","A",407.175806729637,"21:21.52",223,252
7,209,"JEWEL GANNON","Canton","A",255.934777021074,"20:44.31",300,179
7,210,"HANNAH SONSTEBO","Webster Area","A",534.117813926213,"21:43.52",184,296
7,211,"HANNAH DAVELAAR","SF Christian","A",155.375834210864,"20:04.57",371,110
7,212,"EMMA PERRY","Ethan/Parkston","A",666.854036138058,"22:00.88",159,323
7,213,"PHOENIX RED OWL","Little Wound","A",377.353602535308,NA,241,NA
7,214,"MISTY DRIELING","Belle Fourche","A",220.88064059917,"20:36.72",319,165
7,215,"AUBREY COOLEY","Brookings","AA",142.287513203334,"19:52.44",387,98
7,216,"WHITLEY BALOUN","Highmore-Harrold","B",375.090222681519,"21:15.40",246,239
7,217,"EVERLY BLUM","Deubrook Area","B",196.00708385962,"20:27.38",335,152
7,218,"ANNA MCKINLEY","Philip","B",520.64286512207,"21:50.41",190,303
7,219,"EMERSON BUCHHOLZ","Rapid City Stevens","AA",506.28703564852,"21:50.85",193,304
7,220,"MIKAELA MALSOM","North Central","B",287.233552069541,"21:06.00",283,217
7,221,"SHERIDAN MADDEN","Rapid City Central","AA",381.078601172037,"21:29.41",236,271
7,222,"KAYLOR NEKL","SF Lincoln","AA",136.52542269179,"20:08.83",393,115
7,223,"SAVANNAH HADORN","Rapid City Central","AA",368.950949012983,"21:24.14",250,259
7,224,"CAMDEN PETERSON","Harding County","B",724.764541763447,"22:19.16",153,356
7,225,"AUBREE MORRISON","Lead-Deadwood","A",226.898939812096,"20:53.78",316,195
7,226,"ADDISON JOHNSON","Harrisburg","AA",616.807786960494,"22:12.67",173,338
7,227,"HARPER KLINE","Aberdeen Roncalli","A",272.35728086665,"21:08.76",291,224
7,228,"MAHLIA KADLEC","Ipswich","B",509.668838706788,"22:02.10",191,324
7,229,"CLAIRE MCCALLUM","Harrisburg","AA",250.38128592995,"21:05.39",302,215
7,230,"DANIELLA VAN ZEE","SF Roosevelt","AA",132.458363347799,"20:10.90",399,119
7,231,"JOHANNA VANDERSNICK","Clark/Willow Lake","A",383.642461326895,"21:39.44",232,286
7,232,"ASHLYNN WELLMAN","Rapid City Stevens","AA",370.790984980409,"21:30.08",248,272
7,233,"LUCY CARLSON","Lennox","A",209.110900849014,"20:53.57",327,194
7,234,"CHARLEE BIERLE","Sturgis Brown","AA",375.782109304899,"21:35.19",244,277
7,235,"RUBY BOUWMAN","SF Lincoln","AA",104.771042693406,"19:50.78",427,95
7,236,"SOPHIA HATLELI","Spearfish","AA",332.430076888106,"21:24.62",264,260
7,237,"ELAINA ROUNDS","Pierre T.F. Riggs","AA",128.699078309173,"20:12.02",405,120
7,238,"NOELLE GABRIEL","Harrisburg","AA",566.106681689558,"22:15.78",181,344
7,239,"ISABELLA HENDERSON","Ipswich","B",421.882956293746,"21:53.90",217,312
7,240,"AMY HENDERSON","Mitchell Christian","B",372.090729901817,"21:40.25",247,287
7,241,"PEYTON HANSEN","Centerville","B",653.940978827177,"22:25.17",163,371
7,242,"ZOEY SNYDER","North Central","B",1419.29321927978,"22:59.27",98,438
7,243,"ASHLYNN BATCHELOR","Milbank","A",693.794340250538,"22:29.35",158,380
7,244,"KAPRI HERGES","Mitchell","AA",172.49675957032,"20:47.15",354,185
7,245,"KALLA FOERSTER","Brookings","AA",166.24493174365,"20:45.27",359,182
7,246,"MONICA MORAN","St. Thomas More","A",219.191124304552,"21:10.02",320,226
7,247,"OLIVIA ANDERSON","Watertown","AA",86.623461136027,"19:55.20",451,99
7,248,"KAMILLE SCHMIDT","Lennox","A",140.857194918041,"20:34.62",392,159
7,249,"TRUEN BAST","Miller","A",417.702933168523,"22:08.90",218,333
7,250,"GRETA ODENBACH","Lemmon","B",762.503601545589,"22:40.21",145,407
7,251,"JIMENA ARAIZA","Deuel","A",80.022454487678,"19:46.55",463,90
7,252,"ISABELLA OBERLOH","St. Thomas More","A",487.512174761623,"22:19.53",197,357
7,253,"HAZEL HILLMAN","O'Gorman","AA",188.899661726814,"21:07.20",339,219
7,254,"JAELYN PETERS","Hill City","A",213.636341196264,"21:13.23",323,235
7,255,"BRYNNLY HUBER","Herreid/Selby Area","B",282.207274498438,"21:32.40",285,273
7,256,"MICAIAH BRANTNER","James Valley Christian","B",200.708940642156,"21:10.21",332,227
7,257,"MIKAYLA DENNIS","Custer","A",182.851687515155,"21:08.25",344,221
7,258,"BERKLEY FOPMA","SF Christian","A",1135.07315175847,"23:03.02",116,449
7,259,"EVELYN DEGEEST","Tea Area","AA",97.6938711189439,"20:16.42",435,133
7,260,"AUBREY HADORN","Rapid City Central","AA",311.732216485268,"21:43.33",274,294
7,261,"ELISE JOHNSON","O'Gorman","AA",172.447938361422,"21:04.00",355,214
7,262,"MELANIE HERMAN","SF Lincoln","AA",299.146401322462,"21:41.20",281,289
7,263,"MONROE MILLER","SF Lincoln","AA",734.896140937512,"22:49.82",149,421
7,264,"SADIE MUELLER","Ethan/Parkston","A",211.502082928113,"21:20.56",324,248
7,265,"ASPEN NIEWENHUIS","Andes Central/Dakota Christian","B",327.553749525917,"21:51.00",267,305
7,266,"MAISIE MOGARD","Brookings","AA",70.6015966008967,"19:58.52",476,104
7,267,"EVIE NOVSTRUP","Aberdeen Central","AA",95.0631802342042,"20:18.95",441,140
7,268,"JULIA KINSLEY","Jones County","B",379.185936988798,"22:15.70",238,343
7,269,"TENLEY LEBRUN","Flandreau","A",145.074172098727,"20:58.29",383,204
7,270,"KENNA WOLBERG","Warner","B",130.429887183138,"20:47.93",402,186
7,271,"ALEXA STONE","Belle Fourche","A",211.150657623783,"21:26.68",325,265
7,272,"JORDYN ZEISLER","Burke","B",302.47204295946,"21:53.00",280,310
7,273,"GRACE SKOOG","Rapid City Central","AA",522.870746726357,"22:37.27",188,404
7,274,"ANNIAH RUSSELL","Herreid/Selby Area","B",263.06621266921,"21:50.30",294,302
7,275,"HOPE ROHE","SF Christian","A",1043.40262936586,"23:20.23",124,472
7,276,"ADALYN FIEGEN","St. Mary's","B",347.890942091208,"22:13.00",257,340
7,277,"LAYLA DRIELING","Belle Fourche","A",116.96807665202,"20:44.63",419,180
7,278,"MACIE DEAN","Ethan/Parkston","A",174.333822038617,"21:20.86",351,250
7,279,"RYAN TIBBETTS","SF Lincoln","AA",246.447836870261,"21:48.60",303,300
7,280,"LYDIA ANDERSON","Vermillion","A",59.6522100389252,"20:04.04",496,109
7,281,"ISABELA TORBERSON","Belle Fourche","A",177.313218440367,"21:23.64",348,258
7,282,"MYRA BROWN","Platte-Geddes","A",322.502996791231,"22:12.84",269,339
7,283,"AINE GRAESSER","Chamberlain","A",210.04081327743,"21:38.69",326,283
7,284,"RAEGAN VERHULST","Harding County","B",575.535847068239,"22:53.37",179,431
7,285,"HADLEIGH HOGGARTH","Frederick Area","B",337.520390609227,"22:18.66",261,352
7,286,"FALLON WIETZKI","North Central","B",1147.52267359359,"23:42.43",115,498
7,287,"JESSE FOSHEIM","Stanley County","A",582.169006884053,"22:58.59",177,437
7,288,"LILLIE SCHMIT","Sioux Valley","A",135.374579922028,"21:08.73",394,223
7,289,"GABBIE EICHMANN","Canistota","B",323.198452279095,"22:17.52",268,349
7,290,"ALLISON LEBER","Canistota","B",366.325378848763,"22:23.84",251,367
7,291,"KAELYN SMITH","Mount Vernon/Plankinton","A",321.182501256171,"22:18.34",270,350
7,292,"MAKENZI HAM","Custer","A",149.612978359498,"21:18.96",376,245
7,293,"MYA FLEMMING","Wolsey-Wessington","B",204.636615704261,"21:41.50",330,291
7,294,"MAGGIE MILLER","SF Lincoln","AA",630.890412698733,"23:06.61",168,453
7,295,"GRACE PRESZLER","Aberdeen Central","AA",63.4139428734641,"20:16.54",490,134
7,296,"TRINITY LIMPY","Sturgis Brown","AA",456.37803269443,"22:47.72",206,419
7,297,"REAGAN OSTRANSKY","SF Lincoln","AA",48.7694162429435,"20:10.63",516,117
7,298,"SLOAN THOMPSON","Harding County","B",462.141913333213,"22:54.98",203,432
7,299,"LYNDSEY CHESSMORE","Tripp-Delmont/Armour","B",269.543003062704,"22:16.00",292,345
7,300,"SPENCER PROEFROCK","Sturgis Brown","AA",334.294179810879,"22:27.77",262,375
7,301,"ANNIKA BOCKHOLT","Harrisburg","AA",41.3388038395543,"19:59.08",535,105
7,302,"LANDREE LAMONT","Bison","B",393.526999813828,"22:45.10",228,413
7,303,"GABRIELLE DEVRIES","SF Washington","AA",229.931356433111,"22:07.90",313,330
7,304,"LENLEE MILLS","Platte-Geddes","A",265.788139661383,"22:18.84",293,353
7,305,"MAISEY KNUDSON","Canton","A",129.278410365111,"21:18.45",403,244
7,306,"ALY GRUENWALD","Redfield","A",242.80490133258,"22:13.30",306,341
7,307,"PAIGE MENTELE","Howard","B",350.571187780274,"22:33.76",256,391
7,308,"SKYLAR LAWSON","Mitchell","AA",65.7132447720557,"20:36.61",485,164
7,309,"TRINITY HOURIGAN","Spearfish","AA",172.629248897356,"21:46.67",353,298
7,310,"NORA HYRONIMUS","Beresford","A",181.847929770493,"21:52.54",345,308
7,311,"LOGAN CASTLE","Tea Area","AA",58.4084231660611,"20:31.16",498,156
7,312,"ELODIE WOOD","Warner","B",146.758471500475,"21:32.71",380,274
7,313,"GRETCHEN CURTIS","Tea Area","AA",376.844007200043,"22:45.03",242,412
7,314,"GABBY WERDEL","Miller","A",222.785317194217,"22:10.70",318,337
7,315,"JORDYN JOHNSON","Brookings","AA",62.3394290434777,"20:39.39",491,169
7,316,"MYKELTI OLSON","James Valley Christian","B",184.455699102886,"21:56.98",342,318
7,317,"LILLIE BODEN","Beresford","A",121.730814607732,"21:20.95",412,251
7,318,"ISABEL OVERBY","Brookings","AA",41.0394168972016,"20:14.54",536,130
7,319,"LAINEY GOERTZ","Sanborn Central/Woonsocket","B",68.1372058493828,"20:53.12",481,192
7,320,"ALEXIS ROESLER","Wessington Springs","B",158.33728785779,"21:54.40",366,313
7,321,"GIANNA HEID","Sturgis Brown","AA",414.179257100498,"23:09.00",220,460
7,322,"LOLA UNDERBERG","Tea Area","AA",344.825802116754,"22:50.86",259,422
7,323,"OLIVIA KERKVLIET","SF Christian","A",732.045761697818,"24:06.78",150,531
7,324,"MIYA MUELLENBERG","Rapid City Central","AA",397.882185235462,"23:08.37",225,458
7,325,"ARIA PRASNICKI","Milbank","A",477.201228711412,"23:30.26",200,484
7,326,"AUBREY BORNS","West Central","A",69.1546892701558,"21:00.81",478,208
7,327,"BRENNA BOLTE","Parker/Marion","A",104.869036538366,"21:25.26",426,261
7,328,"GABBY DEVRIES","SF Washington","AA",135.011553081229,"21:42.40",395,293
7,329,"ABIGAIL EISENBRAUN","Rapid City Stevens","AA",207.637641848376,"22:20.70",328,360
7,330,"MILA HEISINGER","Lead-Deadwood","A",122.10794192798,"21:37.45",408,282
7,331,"OLIVIA SCHULTZ","Freeman","B",192.367870635396,"22:21.04",338,362
7,332,"MARLEE HAYES","McIntosh","B",174.824614723797,NA,350,NA
7,333,"AVA GATZKE","Sioux Valley","A",61.5793651042035,"21:02.18",492,212
7,334,"BEATRIZ HERNANDEZ-LUCAS","Vermillion","A",96.64786195817,"21:27.78",439,266
7,335,"HAILEY WOODWARD","Custer","A",152.426505568149,"22:08.06",374,331
7,336,"SIRI KNUTSON","SF Washington","AA",42.2516337927902,"20:41.82",532,174
7,337,"JAYLYNN KNOX","Highmore-Harrold","B",155.100575079862,"22:09.20",372,334
7,338,"KHLOE SMITH","Tri-State","A",194.771203304717,"22:24.26",337,369
7,339,"ELLA BARTZ","SF Lincoln","AA",40.8869687533946,"20:40.80",538,170
7,340,"ALEXSIS RED BIRD","Todd County","A",358.649714853701,"23:08.03",254,457
7,341,"JOSIE VLIEGER","Huron","AA",46.8605755505087,"20:56.55",520,199
7,342,"QUINN ULVESTAD","Brookings","AA",184.594118538954,"22:29.56",341,382
7,343,"VICTORIA GASSEN","SF Christian","A",622.577777031057,"24:28.93",171,555
7,344,"BRAELYNN HOLT","Ipswich","B",389.362629672669,"23:38.70",231,496
7,345,"CORI CAMMACK","Sturgis Brown","AA",365.470871486566,"23:22.36",252,476
7,346,"ADDISON JASPERS","West Central","A",48.7320850655375,"21:02.93",517,213
7,347,"LUCY VARGAS","St. Mary's","B",262.828628241252,"22:56.69",295,435
7,348,"SEELEY VANOVERBEKE","Arlington","B",235.92007675477,"22:49.00",311,420
7,349,"HANNAH KOCH","Brandon Valley","AA",44.4953763219871,"21:02.00",526,211
7,350,"NATALIE DREISKE","Lemmon","B",260.663342688841,"23:01.00",296,443
7,351,"ALLISON BRENNER","Aberdeen Central","AA",33.3465571777952,"20:46.68",556,184
7,352,"ADDY IHNEN","Hitchcock-Tulare","B",311.962449426534,"23:23.34",273,478
7,353,"MASYNN MEBIUS","Wessington Springs","B",108.500394630329,"22:07.40",424,329
7,354,"PAYCEE LEE","Deuel","A",68.9005125090998,"21:33.01",479,275
7,355,"KHLOE COCHRAN","Aberdeen Central","AA",33.632109521625,"20:56.63",555,200
7,356,"CHLOE BERG","Great Plains Lutheran","A",97.3332090207359,"22:00.69",436,321
7,357,"JESSI BACHMAN","Newell","B",104.563843973277,"22:08.13",429,332
7,358,"MINA BJORUM","Scotland","B",158.903638010158,"22:35.00",365,396
7,359,"SHELLY LARVIE","St. Francis Indian","A",259.05999925244,"23:15.33",297,466
7,360,"AVERY MANKE","Winner/Colome","A",227.660552354573,"23:05.50",315,451
7,361,"ZOEY SUTER-MAIER","Lemmon","B",460.2513128503,"24:32.00",205,561
7,362,"ELLA GREENE","Dakota Valley","A",69.4650648811784,"21:41.46",477,290
7,363,"ESTHER BURKHALTER","Bison","B",440.334045360227,"24:30.00",207,560
7,364,"PAOLA CULHUAC SEGUNDO","Milbank","A",157.308392740929,"22:35.67",368,400
7,365,"AUBRIANA RIELLY","Rapid City Central","AA",318.008370281749,"23:39.91",271,497
7,366,"EMMA LINDAMAN","SF Lincoln","AA",499.301231619301,"24:50.20",196,573
7,367,"ADISON ARMSTRONG","Rapid City Stevens","AA",34.0651856791446,"21:06.31",552,218
7,368,"RILEE DORN","Harrisburg","AA",158.203682690156,"22:37.09",367,403
7,369,"ADELAIDE KLEINSCHMIDT","Rapid City Stevens","AA",183.051251097825,"22:53.33",343,430
7,370,"KAY LEIGH VAN WYK","Lyman","B",279.74914533267,"23:32.10",288,486
7,371,"ANNALISE RITER","SF Lincoln","AA",461.160165315049,"24:52.37",204,575
7,372,"EMERY WAGNER","Harrisburg","AA",79.4264875928351,"21:55.91",464,316
7,373,"ALEXA CHASE","McCook Central/Montrose","A",311.701175653306,"23:49.43",275,505
7,374,"LEAH YERDON","SF Lincoln","AA",129.240664518126,"22:28.82",404,378
7,375,"JAEL BURKHALTER","Bison","B",194.901581210918,"23:02.01",336,447
7,376,"KAELYN SWENSON","Brandon Valley","AA",52.4905229219297,"21:37.13",505,281
7,377,"BRINLEY BRANDRIET","Castlewood","B",143.603083428612,"22:35.78",385,401
7,378,"ELLA PERMAN","Herreid/Selby Area","B",108.537980208132,"22:21.70",423,365
7,379,"BRIANNA NOBEL","Custer","A",85.7532456040076,"22:10.20",453,336
7,380,"EMMA SHELDON","Rapid City Stevens","AA",120.016726361884,"22:27.40",415,374
7,381,"GABRIELLE KENNY","Todd County","A",410.628599645682,"24:44.46",221,569
7,382,"LUCY DEVRIES","SF Washington","AA",425.584952562174,"24:55.26",214,576
7,383,"AVERY QUAM","Madison","A",45.8606896693244,"21:29.05",524,269
7,384,"TAYLOR ZEISLER","Burke","B",92.5357026133011,"22:18.37",445,351
7,385,"JASMINE MILLER","Sturgis Brown","AA",291.376013570514,"23:57.90",282,515
7,386,"ERIN HARMS","Douglas","AA",48.8476976931165,"21:38.79",515,284
7,387,"ALEAH GRAHAM","West Central","A",227.853242103838,"23:31.53",314,485
7,388,"ABBY HILLESON","Tea Area","AA",15.0574253893331,"20:39.13",634,168
7,389,"EVELYN LEBER","Viborg-Hurley","B",500.249673358545,"25:40.64",194,609
7,390,"BERGEN BUMANN","SF Washington","AA",39.7019640220309,"21:26.21",542,263
7,391,"RAYONNA BRAVE BIRD","Little Wound","A",148.563975625426,"22:53.01",378,429
7,392,"PRIA MARTINELL","Tri-Valley","A",43.3111545407857,"21:35.91",531,279
7,393,"EMMA SCOTT","Lead-Deadwood","A",82.2373896537892,"22:18.99",459,354
7,394,"PEYTON AHLEMEIER","Gettysburg","B",133.431713243698,"22:47.30",398,418
7,395,"TAYA WETTLAUFER","Howard","B",159.909996988623,"23:07.58",364,455
7,396,"BRYNN VOSS","Beresford","A",242.888136177681,"23:56.72",305,514
7,397,"HALLEY MILLER","Arlington","B",356.836945055134,"24:40.26",255,566
7,398,"PHOEBE BENTLEY-BUSCHUR","Hill City","A",82.3033716029841,"22:21.58",458,364
7,399,"ADELIA GROHER","SF Lincoln","AA",392.414360671298,"25:22.82",230,597
7,400,"MADYN LACEY","Dell Rapids","A",43.8097974162294,"21:48.97",527,301
7,401,"DULCIE VEURINK","Platte-Geddes","A",77.8463043692895,"22:19.90",469,359
7,402,"ALEXA NANNINGA","Freeman","B",104.750965736701,"22:36.14",428,402
7,403,"RUE KNUDSON","Mobridge-Pollock","A",142.107985945708,"23:04.40",388,450
7,404,"AMELIA GIESE","Deuel","A",24.8297402034176,"21:20.28",592,247
7,405,"CARSON SEVERSON","Vermillion","A",49.3692472549849,"22:03.26",514,326
7,406,"MYLI WEISCHEDEL","Sully Buttes","B",71.6890955797545,"22:22.00",475,366
7,407,"KINSLEY DVORACEK","Bon Homme","A",60.2074002579057,"22:16.65",495,348
7,408,"KATHERINA MALSOM","North Central","B",74.3387549746832,"22:28.40",471,377
7,409,"KYLIE GOSCH","SF Roosevelt","AA",12.4965326093541,"20:59.68",644,206
7,410,"OLIVIA SCHNEEKLOTH","Brandon Valley","AA",51.8520529611144,"22:15.02",509,342
7,411,"SIENNA NECK","Todd County","A",235.958749423374,"24:20.68",310,542
7,412,"ROSA AINSLIE","Bennett County","B",111.86792664576,"22:56.18",420,434
7,413,"LARA OLOWU-DAVIES","James Valley Christian","B",78.4099633820997,"22:33.34",467,388
7,414,"SILVANA HOUSKA","Chamberlain","A",89.5797113294164,"22:41.64",447,408
7,415,"LILY MEYER","Huron","AA",24.1486972693419,"21:23.54",599,257
7,416,"AVERY MARTINEZ","Jones County","B",72.3039595764817,"22:30.45",474,383
7,417,"ANDIE AUGHENBAUGH","Sanborn Central/Woonsocket","B",39.3752444135188,"21:55.34",543,315
7,418,"AVERI GERFEN","Mitchell","AA",40.3184803331913,"21:57.31",539,319
7,419,"OLIVIA BOYLE","Corsica-Stickney","B",82.0412160394765,"22:35.02",461,397
7,420,"MORAH SWARTZENDRUBER","Miller","A",49.4078593481058,"22:16.30",513,346
7,421,"NATALIE BOWAR","Miller","A",169.207436124966,"23:45.80",358,502
7,422,"CAROLINE WIESE","Brandon Valley","AA",21.5467699592845,"21:22.98",610,254
7,423,"EMMA HALVERSON","Custer","A",101.903978967291,"22:56.13",432,433
7,424,"HARPER SCHADE","Redfield","A",118.979055672874,"23:02.20",417,448
7,425,"CARSON ERNSTER","SF Lincoln","AA",361.496865588106,"25:45.00",253,613
7,426,"EMMA KNUTSON","Deubrook Area","B",166.147557293619,"23:50.53",360,507
7,427,"AVA CARLEY","Rapid City Stevens","AA",187.51183734725,"24:04.41",340,527
7,428,"KYLEE VANZANDBERGEN","Winner/Colome","A",255.570933898759,"24:42.91",301,568
7,429,"AJ LINDNER","Florence/Henry","A",486.455791667741,"28:04.99",198,673
7,430,"KENNADEE WAGNER","Warner","B",72.6113706827342,"22:35.54",473,399
7,431,"CAMBRY VOSS","Beresford","A",120.865614414649,"23:08.55",413,459
7,432,"REBECCA HAICH","Irene-Wakonda","B",127.864202940229,"23:14.06",407,465
7,433,"MIRIAM MEYER","Madison","A",36.5226681361467,"22:02.77",549,325
7,434,"CHASTITY HAWK","Chamberlain","A",87.7745254811806,"22:51.25",449,425
7,435,"AMELIA THREE FINGERS","Lakota Tech","A",145.778251759647,"23:37.49",381,493
7,436,"HAILEY TIAHRT","Baltic","A",43.6435580776071,"22:16.53",529,347
7,437,"RACHEL STEFFENSEN","Arlington","B",102.558252690436,"23:01.18",431,445
7,438,"KAYLA HARRIS","Rapid City Stevens","AA",145.239320658631,"23:38.50",382,494
7,439,"ANNIKA OLSON","Lead-Deadwood","A",72.8159477845802,"22:39.27",472,405
7,440,"BRYNN CLEMENTSON","SF Lincoln","AA",332.690084111553,"25:46.85",263,615
7,441,"SAVANAH WIELENGA","Menno","B",118.914753270833,"23:12.00",418,462
7,442,"SOPHIA BOOMSMA","James Valley Christian","B",215.789201200546,"24:29.90",322,559
7,443,"ALIZA ADDY","Canistota","B",140.949971859204,"23:36.08",391,492
7,444,"WINTER THUNDERHAWK","Viborg-Hurley","B",400.035329622312,"27:17.80",224,662
7,445,"KELSEY SUNDERMANN","West Central","A",30.6693426928492,"22:00.81",566,322
7,446,"KENSI HOLLAND","Lennox","A",41.6961585689469,"22:19.13",533,355
7,447,"JAIDYNN GIEDD","De Smet","B",410.260965338613,"27:26.59",222,666
7,448,"LACEY EASTON","Hanson","A",53.0162099991055,"22:32.78",504,386
7,449,"AVERY BIRKEL","Gregory","B",58.841057934905,"22:34.25",497,393
7,450,"IRIS RAMEY","Aberdeen Central","AA",17.3535958129177,"21:29.40",621,270
7,451,"ASHLYNN WARRINGTON","Groton Area","A",47.4572207636943,"22:27.36",519,373
7,452,"AFFINITY IRON HAWK","Dupree","B",83.7261797584687,"22:57.83",456,436
7,453,"NIKA FURNEY","Scotland","B",91.9311639873793,"23:02.00",446,446
7,454,"JORJA WEBER","McCook Central/Montrose","A",24.4338898632474,"21:47.79",595,299
7,455,"NORA PESTER","Huron","AA",18.2006636786702,"21:35.49",617,278
7,456,"ELIZABETH BOSCHEE","Sanborn Central/Woonsocket","B",51.8614682432469,"22:32.82",508,387
7,457,"FAITH PEKRON","Parker/Marion","A",343.612556009445,"26:09.93",260,635
7,458,"MILLIE PATTERSON","Rapid City Central","AA",199.31024278986,"24:39.32",333,564
7,459,"BROOKE MELAND","Florence/Henry","A",440.126668651766,"29:07.54",208,689
7,460,"JAYDA JENSEN","Watertown","AA",11.5472765400944,"21:21.64",646,253
7,461,"MARIN RHODE","Canton","A",463.291230159753,"31:36.30",202,699
7,462,"DARABY BOERSMA","Sunshine Bible Academy","B",68.1818124054609,"22:50.90",480,423
7,463,"KATIE SPATZ","Sisseton","A",94.5792994125697,"23:12.25",442,463
7,464,"TANAEYA WANNA","Sisseton","A",96.3205014412096,"23:17.32",440,469
7,465,"PAYTON LOGAN","Gayville-Volin","B",131.916503036165,"23:54.06",401,511
7,466,"ALYVIA GEFFRE","Tri-State","A",85.6685558532146,"23:11.10",454,461
7,467,"ADRIENNE WHITE LANCE","St. Francis Indian","A",147.181168524074,"24:19.20",379,539
7,468,"ALLISON LOEWE","Lennox","A",22.5673434161052,"21:53.44",608,311
7,469,"QUINN HURD","Miller","A",99.2791648888383,"23:32.60",434,487
7,470,"ALEAH HETTICH","McIntosh","B",144.344346997866,"24:13.70",384,538
7,471,"HAYLEN SCHNECK","Milbank","A",66.7164404564472,"22:59.67",483,440
7,472,"LILYANNA WRIGHT","SF Washington","AA",305.860238618686,"26:31.49",279,644
7,473,"FAITH JOHNSON","Alcester-Hudson","B",256.961393548306,"25:55.36",299,625
7,474,"GRACE LIST","Watertown","AA",6.5221415846099,"21:26.59",663,264
7,475,"WILLOW STEPHENS","Flandreau","A",86.2571769982015,"23:22.12",452,475
7,476,"KYNSLEE MUSHITZ","Miller","A",107.609090518015,"23:50.30",425,506
7,477,"SEDONA BLUE COAT","Cheyenne-Eagle Butte","A",397.214318458219,"39:22.20",226,708
7,478,"KAITLYN DASCHEL","Dakota Valley","A",38.1099555862377,"22:33.84",545,392
7,479,"KENNEDI VANOVERBEKE","Arlington","B",103.579255587509,"23:55.01",430,512
7,480,"CAROLINE HUBER","SF Lincoln","AA",280.881652464827,"27:10.65",287,656
7,481,"BELLA WILLUWEIT","Sturgis Brown","AA",181.455769910956,"25:26.55",346,600
7,482,"GRACE CURTIS","Winner/Colome","A",204.738218178985,"25:48.72",329,619
7,483,"JOANNA GUMS","Deuel","A",19.1743922113027,"22:09.37",615,335
7,484,"SOFIA HANSON","Elk Point-Jefferson","A",25.4293083854947,"22:21.23",587,363
7,485,"TYANN BALSDAN","Brandon Valley","AA",172.381049578424,"25:21.10",356,594
7,486,"RHYANN ROSELAND","Faulkton Area","B",27.0598699850113,"22:25.20",581,372
7,487,"KATIE BRETSCH","Frederick Area","B",40.2730360819268,"22:45.30",540,414
7,488,"JALYN TYON","Rapid City Stevens","AA",111.584773787592,"24:09.80",421,533
7,489,"ADDISON MUTH","Yankton","AA",6.85638092163531,"21:46.64",662,297
7,490,"GENESIS MARTINEZ SOTO","Flandreau","A",30.3150728307256,"22:33.55",569,390
7,491,"SDYNEY BRUNICK","SF Roosevelt","AA",121.806914686257,"24:24.10",411,549
7,492,"M'KENZIE LAROCHE","Lower Brule","B",61.0769100746558,"23:17.00",493,468
7,493,"SAMANTHA MONEKE","SF Lincoln","AA",257.636274329806,"27:18.09",298,663
7,494,"RYLIN WIPF","James Valley Christian","B",24.7416711890155,"22:24.28",593,370
7,495,"MCKENZIE RANS","Belle Fourche","A",27.0926225503693,"22:30.77",580,385
7,496,"ANCORA GILKERSON","Oldham-Ramona-Rutland","B",36.1305252929166,"22:45.79",550,415
7,497,"KANYN PADDEN","Harding County","B",97.005428724509,"24:04.86",437,528
7,498,"ANDREA SANCHEZ","Lakota Tech","A",155.865567564974,"25:22.65",370,596
7,499,"TENLY SLABA","Hanson","A",29.4821037793723,"22:34.27",573,394
7,500,"NEVAEH O'ROURKE","Little Wound","A",82.0617165863572,"23:50.64",460,508
7,501,"TESSA HINMAN","Sunshine Bible Academy","B",47.8537026038138,"23:06.90",518,454
7,502,"TABITHA MCFADEN","Milbank","A",28.2085865209259,"22:34.87",578,395
7,503,"ELLA FOX","Mount Vernon/Plankinton","A",93.8985723187352,"24:06.10",444,530
7,504,"TARA ENGELSON","SF Lincoln","AA",236.013229877126,"27:24.76",309,665
7,505,"VIOLET VYSKOCIL","Parker/Marion","A",41.3998299778622,"23:00.21",534,442
7,506,"SAIGE JUNGWIRTH","Redfield","A",64.9313200295689,"23:32.63",488,488
7,507,"SOFIA GONZALEZ","Brookings","AA",8.27054864388352,"21:59.96",657,320
7,508,"KAHLEN PETERSON","Yankton","AA",3.89981421572806,"21:52.61",672,309
7,509,"ANNA MARTINMAAS","Faulkton Area","B",28.6465250071967,"22:40.10",576,406
7,510,"HEIDI CARLSON","Iroquois/Lake Preston","B",64.3371772380306,"23:38.50",489,494
7,511,"JAYCIE RUSH","Dakota Valley","A",29.8664732310617,"22:45.98",570,416
7,512,"LIVIA KNECHT","Britton-Hecla","A",50.4051235988298,"23:23.05",511,477
7,513,"MOLLY NIX","Jones County","B",51.9845940761666,"23:25.50",507,481
7,514,"BROOKLYN REINERS","Tea Area","AA",7.10300977973166,"22:06.84",661,328
7,515,"TAYLOR BOEHNKE","Tea Area","AA",50.2771109930007,"23:23.51",512,479
7,516,"ASHLYNN KRUGER","Centerville","B",96.6553904811089,"24:26.41",438,553
7,517,"BRYNN KIRK","Sisseton","A",237.378035986981,"28:40.14",308,684
7,518,"ROYALE GHOST","Little Wound","A",281.775439344022,"34:40.19",286,706
7,519,"ELYSSA TEDDER","Stanley County","A",162.730609477471,"25:59.78",363,630
7,520,"LIZ VOGEL","Dell Rapids","A",20.0284121407991,"22:29.53",613,381
7,521,"ADA MADDOX","Great Plains Lutheran","A",52.1076276217894,"23:35.01",506,491
7,522,"ANASTASIA KIEFFER","SF Washington","AA",215.90839918389,"28:11.99",321,676
7,523,"MALYSSA FOUR HORNS","St. Francis Indian","A",237.943121643957,"29:11.74",307,691
7,524,"AUBRIE BRENDSEL","Brandon Valley","AA",15.5846508150601,"22:24.18",632,368
7,525,"TYLER GIBSON","Tri-Valley","A",18.1945830601615,"22:30.57",618,384
7,526,"ADDISON NYDAM","Mitchell Christian","B",31.0520432989882,"22:59.49",564,439
7,527,"ADDY WITTE","Dell Rapids","A",16.037989625826,"22:28.30",628,376
7,528,"HAYDEN SWANSON","Rapid City Central","AA",156.635315481012,"26:14.64",369,636
7,529,"AUBRIELLA MAAS","SF Roosevelt","AA",110.207413440194,"25:11.80",422,585
7,530,"LEXI WILKINS","Custer","A",26.3677453349796,"22:52.76",584,428
7,531,"HARPER GIBSON","Tri-Valley","A",25.536951207973,"22:52.57",586,427
7,532,"HALEY HARKNESS","Elk Point-Jefferson","A",203.906825745791,"28:38.36",331,683
7,533,"LIANA WISE","Brandon Valley","AA",0.461760898577899,"21:55.92",700,317
7,534,"ALIYAH PETERS","Hill City","A",24.0710825313918,"22:46.11",600,417
7,535,"LANDRIE HAHN","Colman-Egan","B",77.3729264901619,"24:24.21",470,552
7,536,"JEWEL BORDEAUX","St. Francis Indian","A",87.3188830035584,"24:49.17",450,572
7,537,"JAYDE BAIRD","SF Jefferson","AA",197.224018485284,"29:03.00",334,688
7,538,"ESTIE KUCHTA","Irene-Wakonda","B",46.6471197198692,"23:47.11",521,503
7,539,"AVA MCMAHAN","Redfield","A",55.3687151329612,"24:03.12",501,524
7,540,"DARLA BARNES","Lemmon","B",170.085353599566,"27:36.00",357,669
7,541,"KAMBRI CLAUSSEN","Bennett County","B",67.9563902954285,"24:22.48",482,546
7,542,"RYLEE ANDERSON","Madison","A",174.82487742645,"28:21.07",349,679
7,543,"MEREDITH LARSON","Baltic","A",17.9141454654364,"22:44.40",619,410
7,544,"QUINN WOLBERG","Warner","B",43.3899065569081,"23:43.10",530,499
7,545,"KASSANDRA ABBAS","Platte-Geddes","A",141.56377165703,"26:16.38",390,640
7,546,"LILLIAN BOWAR","Miller","A",173.55713626705,"28:20.40",352,678
7,547,"KIMI RAMA","Mahpiya Luta","A",34.4788342258129,"23:24.01",551,480
7,548,"JORJA NELSEN","Florence/Henry","A",88.3510549802192,"25:04.91",448,583
7,549,"LYDIA JUNGWIRTH","Redfield","A",94.3666111504003,"25:13.73",443,588
7,550,"IVORY LABATTE","Sisseton","A",53.2110836656095,"24:08.00",503,532
7,551,"TESSA AUDISS","Rapid City Christian","A",29.5143591888474,"23:12.80",572,464
7,552,"LOU SCHLADWEILER","Madison","A",2.81324673577805,"22:20.98",676,361
7,553,"HAILEY LAHR","Flandreau","A",152.649243745376,"27:20.17",373,664
7,554,"MAYCIE KNUTSON","SF Lincoln","AA",179.868304858579,"29:11.45",347,690
7,555,"CALISTA SAHR","Madison","A",15.9743940660926,"22:42.57",629,409
7,556,"NATALIE KAHLER","Brookings","AA",43.668015592023,"23:52.56",528,510
7,557,"STELLA WARREN","Vermillion","A",61.0737925201016,"24:21.72",494,544
7,558,"ALYSSA RICHTERS","Douglas","AA",142.039751993009,"27:13.11",389,658
7,559,"ANDI IVERSON","Groton Area","A",46.338867190631,"24:03.46",522,526
7,560,"KATELYN BOND","Canistota","B",119.089271070965,"26:04.05",416,633
7,561,"LILY SWANSON","Huron","AA",4.01686317945559,"22:29.29",671,379
7,562,"MOLLY ENGEBRETSON","Madison","A",13.836282304886,"22:44.59",640,411
7,563,"DAPHNE BROUWER","Centerville","B",79.1404683664555,"25:12.14",465,586
7,564,"ELLA KAMPS","Tea Area","AA",134.937764393359,"27:09.94",396,655
7,565,"SHARON ZHANG","Great Plains Lutheran","A",40.1274991877802,"23:55.48",541,513
7,566,"HADLEY GJERDE","Clark/Willow Lake","A",5.4344744541626,"22:33.52",666,389
7,567,"WILLOW ISBURG","Chamberlain","A",19.8129437611126,"22:59.78",614,441
7,568,"KATE BLAIR","Belle Fourche","A",0.565787864808355,"22:19.83",698,358
7,569,"TAYA STONE","Wagner","A",15.8568331961128,"22:52.18",631,426
7,570,"BRYNN TOWNSEND","SF Lincoln","AA",163.755102548331,"31:20.98",362,698
7,571,"NATALIE HYRONIMUS","Tea Area","AA",122.086548736848,"27:15.50",409,661
7,572,"RONA STREITZ","Flandreau","A",132.219732282007,"27:53.46",400,671
7,573,"BREAW NETH","Scotland","B",40.9500711118465,"24:12.00",537,535
7,574,"ABBY SCHMIDT","Great Plains Lutheran","A",81.0639418125771,"25:41.35",462,611
7,575,"KENDRA THORP","Custer","A",23.3175510893448,"23:21.63",603,473
7,576,"BAILEY NOLD","Aberdeen Roncalli","A",33.9852664077696,"24:02.40",554,522
7,577,"EMERSON KURKIEREWICZ","SF Lincoln","AA",148.803549706962,"31:49.77",377,700
7,578,"MEREDITH DECKER","Tea Area","AA",1.974353633994,"22:35.26",684,398
7,579,"JOEY SWARTZENDRUBER","Miller","A",142.395741346375,"30:50.80",386,696
7,580,"ALYSSA KIRSCHENMAN","Irene-Wakonda","B",149.890254048816,"35:24.09",375,707
7,581,"SARAH MESSLER","Gayville-Volin","B",66.6765119364201,"25:25.82",484,599
7,582,"REYNA SANCHEZ","Lakota Tech","A",101.714572265395,"27:00.23",433,652
7,583,"BRYSTAL WALLMAN","Miller","A",36.5789328477269,"24:20.00",548,541
7,584,"HAYDEN EAGLE","Sanborn Central/Woonsocket","B",56.3320293260578,"25:17.49",500,590
7,585,"MARIA ADDY","Canistota","B",31.980796905765,"24:12.06",559,536
7,586,"SIENNA DEKAM","SF Lincoln","AA",134.937764393359,"31:55.56",396,701
7,587,"DANNICA SHEETS","Aberdeen Central","AA",3.51877982863873,"22:51.23",674,424
7,588,"ATHENA WHITE ELK","Mahpiya Luta","A",24.8513491615865,"23:50.64",591,508
7,589,"KAYDENCE GERRY","Lennox","A",77.8668416071327,"26:02.34",468,631
7,590,"ISABEL KULM","Flandreau","A",120.375047931744,"28:56.47",414,685
7,591,"ALLIE GORTMAKER","Miller","A",38.9842533519389,"24:29.20",544,557
7,592,"MAYA JANCA","Douglas","AA",128.512156565103,"30:16.75",406,695
7,593,"JAYLEA MILLER","Parker/Marion","A",65.601706903149,"25:54.50",486,624
7,594,"MAGGIE DOWLING","Jones County","B",24.9369308073697,"24:01.60",590,521
7,595,"AUBREY GUY","Sisseton","A",34.053321018105,"24:29.59",553,558
7,596,"KEONDRA WILSON","SF Lincoln","AA",122.086548736848,"33:13.44",409,703
7,597,"NEVAEH REITZ","Clark/Willow Lake","A",28.7933734445459,"24:19.78",575,540
7,598,"ADDISON REICHLING","Watertown","AA",4.46613898870762,"23:06.14",670,452
7,599,"HARPER SPILDE","Huron","AA",54.2586920515648,"25:48.74",502,620
7,600,"ELSA SCHIFERL","Aberdeen Central","AA",2.61872815165382,"23:01.15",679,444
7,601,"OHANNA SINCLAIR","Aberdeen Central","AA",9.32144211154885,"23:21.63",651,473
7,602,"CALLIE BOURNE","Dakota Valley","A",13.6922352980856,"23:28.82",642,483
7,603,"EMILY KEHN","Baltic","A",7.60515289920107,"23:16.59",659,467
7,604,"COURTNEY MATHIEU","Chester","B",45.4652851668545,"25:28.05",525,601
7,605,"KAELYN LEFORS","Douglas","AA",22.6160371145415,"24:01.24",607,520
7,606,"ZAYDA TOWNSEND","Milbank","A",7.4246807641679,"23:20.16",660,471
7,607,"DREAMER COURNOYER","Flandreau","A",57.652529321531,"26:03.56",499,632
7,608,"ABBIE ECKERT","Bon Homme","A",25.2981778445027,"24:22.17",588,545
7,609,"MACEY WIGG","SF Jefferson","AA",31.9586894942076,"24:51.95",560,574
7,610,"MADDIE NEBELSICK","Ethan/Parkston","A",10.3994798371639,"23:32.67",649,489
7,611,"KATHERINE O'NEAL","Rapid City Christian","A",16.1777769932634,"23:59.32",627,516
7,612,"CHLOE FOLTZ","Tri-State","A",30.3882145947224,"24:58.60",568,578
7,613,"BAILEY MINES","Yankton","AA",1.2631472034956,"23:07.82",692,456
7,614,"IZABELL CEROLL","Sisseton","A",29.5850353244058,"24:57.21",571,577
7,615,"MYA WARNKE","Gregory","B",18.7579680897102,"24:10.00",616,534
7,616,"CADENCE CAP","Scotland","B",36.9204047255251,"25:32.30",547,604
7,617,"KENZI RED OWL","Little Wound","A",83.5103200650879,"30:06.00",457,694
7,618,"ABBY DOSE","Canton","A",9.29787088328126,"23:45.06",652,501
7,619,"TAYTUM BANKS","Crazy Horse","B",78.7925034534989,"29:00.17",466,687
7,620,"CINDER HOFFMAN","Sisseton","A",28.8527445117762,"25:01.78",574,580
7,621,"NORAH GONSOR","Aberdeen Roncalli","A",22.6913794587092,"24:24.15",605,551
7,622,"MAKENNA PRYOR","Mount Vernon/Plankinton","A",32.2579915327714,"25:25.81",558,598
7,623,"AMYA WARD","Sioux Valley","A",1.89990969430339,"23:19.17",687,470
7,624,"TRE'ANN RISING SUN","Cheyenne-Eagle Butte","A",28.4231416170342,"25:02.66",577,581
7,625,"MARLEE OLSEN","Dakota Valley","A",13.7024374413239,"24:00.20",641,518
7,626,"KADLIN HAMBCACHT","Hot Springs","A",20.5324220710583,"24:24.10",611,549
7,627,"JAY RIOS","Douglas","AA",24.6490185503099,"24:41.76",594,567
7,628,"LEILIA PLENTY WOUNDS","Oelrichs","B",85.2575903343084,"44:20.66",455,709
7,629,"JACLYN RICHTER","Pierre T.F. Riggs","AA",1.93640044654048,"23:26.92",686,482
7,630,"MICHELLE HAS HORNS","McLaughlin","B",23.9705677758971,"24:48.20",601,571
7,631,"EMMA REIHE","Watertown","AA",2.01655579938411,"23:34.16",683,490
7,632,"MIA RIIBE","Dakota Valley","A",10.6453209401523,"24:03.28",648,525
7,633,"CHLOE LEE","Lead-Deadwood","A",15.9631549443645,"24:21.64",630,543
7,634,"ANNA NORBY","Dakota Valley","A",32.476695223668,"25:47.16",557,616
7,635,"JOSLIN BORDEAUX","St. Francis Indian","A",26.5564182595513,"25:22.41",583,595
7,636,"CLARA HERREID","Aberdeen Christian","B",10.0834230747964,"24:05.30",650,529
7,637,"GENTRIE BLASIUS","Kimball/White Lake","B",15.5474154566673,"24:23.00",633,548
7,638,"EMMA REMPFER","Menno","B",17.3400916086029,"24:32.27",622,562
7,639,"CLAIR BAUMANN","Canton","A",51.0468686836034,"28:10.35",510,674
7,640,"SHANNON LAVENDER","Philip","B",37.1722059966058,"26:16.52",546,641
7,641,"AMBERLYN HOMER","Lakota Tech","A",22.3358297270108,"25:00.60",609,579
7,642,"ALAINA ALBRECHT","De Smet","B",27.0970435948265,"25:41.09",579,610
7,643,"ALEXIS MOORE","Kimball/White Lake","B",17.4807443979769,"24:46.77",620,570
7,644,"BETHANY MAHAFFY","Newell","B",31.1900953559031,"25:58.37",563,627
7,645,"PHOENIX RED ELK","Little Wound","A",65.3854956682761,"33:19.38",487,704
7,646,"SYDNIE PISCHEL","Mitchell","AA",1.7783453188462,"23:47.97",688,504
7,647,"HANNAH RIGO","Freeman","B",14.603751025442,"24:29.19",637,556
7,648,"VANESSA ANDERSON","Watertown","AA",46.0697989869521,"28:11.23",523,675
7,649,"ALEXIS (LUCY) DALEY","Mitchell","AA",0.364149644402158,"23:43.67",703,500
7,650,"KRUE LUTTER","Hitchcock-Tulare","B",31.8595581009681,"26:25.81",561,643
7,651,"ELLA KOLOUSEK","Wessington Springs","B",1.74302560663516,"24:00.01",689,517
7,652,"KASHLEY GOEBEL","Arlington","B",30.9757299898984,"26:20.61",565,642
7,653,"BRITNEY RUEB","Scotland","B",31.498312342505,"26:34.00",562,645
7,654,"AVAH NEWMAN","Iroquois/Lake Preston","B",16.6761412145804,"25:12.64",624,587
7,655,"DYSTINY LOSS","Arlington","B",24.3521971598903,"25:46.00",597,614
7,656,"RILEY RAYSOR","Spearfish","AA",22.6673232927232,"25:36.20",606,606
7,657,"KHLOE MACKEY","Mitchell","AA",23.6573238153787,"25:42.33",602,612
7,658,"KARA DOSE","Canton","A",4.99796721232596,"24:22.81",668,547
7,659,"KENDALL CLAYTON","Brandon Valley","AA",8.46753751391969,"24:37.21",656,563
7,660,"CLAIRE ROWLEY","McCook Central/Montrose","A",5.28427793799305,"24:26.96",667,554
7,661,"ROWAN BROWN","Gettysburg","B",30.4872367985408,"27:07.70",567,654
7,662,"GEORGIA ODENBACH","North Central","B",12.3089245154717,"25:03.60",645,582
7,663,"LEAH CRICK","Menno","B",14.3795167157452,"25:16.00",638,589
7,664,"AMARA RINEHART","Mitchell","AA",1.56562588168105,"24:12.08",691,537
7,665,"EVELYN GARCIA","Custer","A",14.8787353121043,"25:20.49",636,592
7,666,"ADDISYN HEINRICH","Warner","B",16.7933442489637,"25:34.18",623,605
7,667,"TRUDIE HOFER","Mitchell Christian","B",26.5803843635411,"26:38.00",582,646
7,668,"SOPHIA SHUDAK","Yankton","AA",0.0912490564739364,"24:01.02",710,519
7,669,"AMELIA LOBAN","Hamlin","A",0.189603021820611,"24:02.60",706,523
7,670,"HARPER WATTIER","Centerville","B",25.1687780803692,"26:52.65",589,650
7,671,"HALEY CAHOY","Aberdeen Central","AA",14.9548450043134,"25:39.00",635,608
7,672,"REGINA MEDINA","Mount Vernon/Plankinton","A",26.1017232577729,"27:15.15",585,659
7,673,"LILLY FLOOD","Aberdeen Central","AA",14.1015999095778,"25:36.51",639,607
7,674,"SAMANTHA TROXELL","Madison","A",1.94427960181833,"24:39.55",685,565
7,675,"ELLA BORDEAUX","St. Francis Indian","A",24.2811636779121,"27:03.62",598,653
7,676,"IVANA SCHAEFFER","Menno","B",6.36967845922981,"25:18.75",664,591
7,677,"KIRTI PICKARD","Dell Rapids","A",6.13605379128117,"25:20.68",665,593
7,678,"SADIE CARLSON","Gregory","B",7.80599736600238,"25:30.00",658,602
7,679,"KEIRA THORP","Custer","A",8.82792083617728,"25:47.89",653,617
7,680,"DAKOTA OBERG","Chester","B",16.364042803665,"26:38.40",625,647
7,681,"ANNA ALVEY","Tri-Valley","A",0.883689186190514,"25:08.62",694,584
7,682,"VANESSA GUTIERREZ","Little Wound","A",23.0355770220321,"28:19.97",604,677
7,683,"BREELYN DEMERY","Faulkton Area","B",2.06011784688596,"25:32.00",682,603
7,684,"JADIS REDDY","Little Wound","A",8.79259285764206,"26:16.28",655,639
7,685,"CADENCE GOOD SOLDIER","Little Wound","A",24.4026694228713,"32:01.46",596,702
7,686,"LUCIA HOLSING","Faulkton Area","B",8.79983685762196,"26:51.84",654,649
7,687,"JOSALIN TURNBAUGH","Irene-Wakonda","B",16.3458023406229,"28:38.23",626,682
7,688,"AUBREY POWERS","Deuel","A",13.165704380619,"27:49.90",643,670
7,689,"ANNIE BOURNE","Dakota Valley","A",0.520127850790279,"25:48.63",699,618
7,690,"JOSIE WEIBE","Hitchcock-Tulare","B",20.2765471535837,"34:03.73",612,705
7,691,"CORDELIA ADAMS","Canton","A",2.18390476276626,"26:14.86",681,637
7,692,"KAT MCMAHON","Lead-Deadwood","A",0.610596141844482,"25:51.56",697,622
7,693,"CLAIRE VOGEL","McCook Central/Montrose","A",0.783342623027833,"25:52.09",696,623
7,694,"ANISTON WHITLEY","Redfield","A",1.12573899439798,"25:59.36",693,629
7,695,"LILY SCHLUETER","Tri-Valley","A",0.342726340542515,"25:49.62",704,621
7,696,"DEVRAH MEYER","Madison","A",3.04681192299929,"26:59.65",675,651
7,697,"GRACIE KRAMER","Tea Area","AA",0.39478524395519,"25:55.75",702,626
7,698,"DELAYNE RAINBOW","Cheyenne-Eagle Butte","A",11.1755721742285,"28:34.31",647,681
7,699,"MONICA GIAGO","Mahpiya Luta","A",0.873784830165196,"26:06.91",695,634
7,700,"LIVIA SCHULDT","Mount Vernon/Plankinton","A",3.64020336691087,"27:15.17",673,660
7,701,"CHESNIE GISSELBECK","Castlewood","B",2.75358982788567,"27:11.00",677,657
7,702,"SAIGE LESSMAN","Parker/Marion","A",0.122307402842948,"25:59.06",709,628
7,703,"JORDYN RED WING","Mahpiya Luta","A",4.47105928098816,"27:33.18",669,668
7,704,"KALA MAXON","Platte-Geddes","A",1.64794014643748,"26:51.78",690,648
7,705,"KAIDENCE RUDE","Tri-Valley","A",0.260440328575576,"26:15.97",705,638
7,706,"SCARLETT COLE","Andes Central/Dakota Christian","B",2.62663444845199,"27:32.00",678,667
7,707,"ISABELLA MACK","Tri-Valley","A",2.48903266720809,"29:19.48",680,692
7,708,"LILY ANDERSON","Parker/Marion","A",0.152172200622724,"28:02.93",707,672
7,709,"DANIKA FLUTH","Tri-Valley","A",0.401781817868597,"28:29.26",701,680
7,710,"REMI HUBSCH","Webster Area","A",4.68884784601665e-05,"28:57.58",712,686
7,711,"ADDISON KROGSTAD","Corsica-Stickney","B",0.030933074534855,"29:20.94",711,693
7,712,"AUDRINA ADAMS","Mitchell","AA",0.147387315825106,"31:04.90",708,697
8,1,"BRIANNA REILLY","Harrisburg","AA",47230.7530865509,"16:31.78",2,1
8,2,"ELLIE MADDOX","SF Christian","A",50832.5078642411,"16:33.95",1,2
8,3,"HANNAH GENRICH","Harrisburg","AA",30617.4846834387,"16:44.72",4,3
8,4,"FAITH WIESE","Flandreau","A",33698.8008421581,"17:08.39",3,4
8,5,"SADIE PETTENGILL","SF Christian","A",29214.0298785485,"17:18.59",5,5
8,6,"PEYTON VANDEEST","Spearfish","AA",22534.0556856721,"17:24.79",6,6
8,7,"JERICA GLASSER","SF Christian","A",20865.5679080397,"17:52.89",7,8
8,8,"MIA KADI","SF Lincoln","AA",16095.601289627,"18:07.43",11,10
8,9,"JAYCIE BABB","Tea Area","AA",17184.6297630657,"18:11.53",10,11
8,10,"GRACE PHILLIPS","Chamberlain","A",18519.8208799864,"18:13.07",9,12
8,11,"NATALIE SMITH","SF Christian","A",12230.3209061447,"18:02.59",13,9
8,12,"ALEX MCCULLOUGH","Dakota Valley","A",10797.6112095245,"17:33.79",17,7
8,13,"EVELYN HURLEY","Rapid City Stevens","AA",11881.7008568333,"18:21.59",14,14
8,14,"KORI KEIL","Spearfish","AA",13163.1375364208,"18:29.94",12,19
8,15,"ELLA BOEKELHEIDE","Northwestern","B",20367.9178983373,"18:36.89",8,24
8,16,"EMILY CURRAN","Brandon Valley","AA",9077.56447035262,"18:29.74",21,18
8,17,"ELOISE SCHARNBERG","Harrisburg","AA",9422.17122757052,"18:34.24",20,22
8,18,"BROOKLYN SUNDERMANN","West Central","A",8058.18808660516,"18:33.96",24,21
8,19,"KADANCE HOLSO","Rapid City Stevens","AA",10409.6547014617,"18:44.43",19,28
8,20,"EMERY LARSON","Pierre T.F. Riggs","AA",5369.60536076598,"18:27.24",32,16
8,21,"BAILEY VANDERGRIEND","SF Christian","A",8115.50403288576,"18:39.80",23,25
8,22,"CALLIE RADIGAN","Vermillion","A",6031.54277266665,"18:34.89",29,23
8,23,"KAMRYN NESHEIM","Clark/Willow Lake","A",10738.7600975277,"18:56.37",18,35
8,24,"ADIE MCVEY","Lennox","A",3694.52939203074,"18:22.30",40,15
8,25,"ADDISON SCHOLTEN","Brandon Valley","AA",3883.16817045403,"18:27.78",39,17
8,26,"AUTUMN BAKER","Kimball/White Lake","B",8052.68230774259,"19:00.93",25,37
8,27,"ISABELLA GALBRAITH","Ipswich","B",11475.8519000819,"19:06.00",16,46
8,28,"MAXINE ORDWAY","SF Christian","A",4144.83861064121,"18:43.01",37,27
8,29,"NORA OLSEN","Deubrook Area","B",11712.7722044017,"19:12.30",15,54
8,30,"AUTUMN GILHOOLY","Harrisburg","AA",2272.86761817326,"18:15.71",57,13
8,31,"BELLA DITTMER","SF Roosevelt","AA",3344.53958471347,"18:47.12",44,31
8,32,"BRINNA SHELDON","Rapid City Stevens","AA",5338.41349131762,"19:03.49",33,42
8,33,"RORIE THORESON","Dell Rapids","A",3904.37354820784,"19:01.78",38,38
8,34,"LILA KNUTSON","SF Washington","AA",3457.20535462515,"19:01.95",43,39
8,35,"KIRA UBENCE","Douglas","AA",2706.50946431894,"18:46.32",54,29
8,36,"EMMELINE MURRAY","SF Lincoln","AA",3550.24744177534,"19:02.78",42,41
8,37,"KALYNN OBAN","Ipswich","B",5441.56163324012,"19:12.00",31,53
8,38,"JAYLA STILES","Ipswich","B",8398.19570423859,"19:21.00",22,63
8,39,"KAYLIE KUEHL","Brookings","AA",3266.47994117681,"19:04.05",47,43
8,40,"KENDAL UTTECHT","Wolsey-Wessington","B",5033.54964200234,"19:13.30",34,57
8,41,"SARAH JOHNSON","West Central","A",3291.05121060746,"19:06.81",46,48
8,42,"TARA BLACHFORD","Northwestern","B",5487.17833560077,"19:22.70",30,65
8,43,"MADISYN GELLHAUS","Ipswich","B",6149.1578743817,"19:28.40",28,71
8,44,"JAYNA VANLAECKEN","Tea Area","AA",2758.66906404608,"19:06.17",53,47
8,45,"CALLA WIESE","Flandreau","A",2779.35174381505,"19:11.09",52,51
8,46,"ALICE GUNDVALDSON","O'Gorman","AA",3236.24626948309,"19:13.14",48,55
8,47,"ANDEE FRANDSEN","Hill City","A",3575.62255600231,"19:21.00",41,63
8,48,"GRACE MCELROY","Watertown","AA",1998.79140464304,"19:05.74",63,44
8,49,"ADDISON CASSADY","Aberdeen Roncalli","A",4444.60688656632,"19:29.46",36,72
8,50,"ALLIE NOVSTRUP","Aberdeen Central","AA",1119.14923115762,"18:42.71",85,26
8,51,"EMMERSON EPPARD","Chester","B",7028.82358834612,"19:40.90",27,87
8,52,"ALLI MCCORD","Kimball/White Lake","B",7116.76061671317,"19:41.00",26,88
8,53,"MARISSA BOUWMAN","SF Washington","AA",1282.64232956876,"18:50.89",82,33
8,54,"EMRIE VONEYE","Sanborn Central/Woonsocket","B",3175.15883189752,"19:24.53",49,67
8,55,"BRYN BARKER","SF Christian","A",1050.45893072722,"18:46.52",88,30
8,56,"AUBREY COOLEY","Brookings","AA",1768.73723157407,"19:14.03",67,59
8,57,"NORA YOUMANS","Yankton","AA",1433.87873068361,"19:11.21",77,52
8,58,"LUCILLE AHART","Newell","B",1681.96339445349,"19:19.15",70,61
8,59,"RYELLE GILBERT","Groton Area","A",2136.13649724051,"19:30.29",58,73
8,60,"PAIGE SCHWEITZER","O'Gorman","AA",1472.19113564594,"19:17.41",73,60
8,61,"JENNAY GISI","Ipswich","B",2868.56384271444,"19:37.30",51,82
8,62,"AMARA USERA","St. Thomas More","A",2122.15190122411,"19:33.35",59,79
8,63,"LILIAN RUDE","Brandon Valley","AA",962.000677076844,"19:05.84",94,45
8,64,"KAILEY WINTER","Harrisburg","AA",1319.31308165544,"19:13.59",81,58
8,65,"CLARA PEDERSON","SF Lutheran","B",2996.49993994153,"19:41.80",50,90
8,66,"SIERRA SANDFORD","Spearfish","AA",1653.32748435012,"19:32.56",71,75
8,67,"GWEN RICHTER","Pierre T.F. Riggs","AA",726.505547699601,"18:51.18",113,34
8,68,"ABIGAIL ENGELLAND","Mount Vernon/Plankinton","A",2592.24043012604,"19:43.31",55,92
8,69,"KYLEE JOHNSON","Deubrook Area","B",4541.81851113712,"19:58.29",35,113
8,70,"RHYS PEARSON","Belle Fourche","A",1624.69235451361,"19:32.91",72,77
8,71,"TAYLOR HARRELSON","Rapid City Christian","A",1398.7249908861,"19:32.19",80,74
8,72,"EMMA TIDEMANN","Brandon Valley","AA",484.649302794099,"18:31.43",138,20
8,73,"MELANIE HERMAN","SF Lincoln","AA",991.74736609131,"19:26.94",93,70
8,74,"SURI SCHMIDT","Mount Vernon/Plankinton","A",1879.54401492341,"19:49.00",65,100
8,75,"LILY BAKER","Kimball/White Lake","B",1438.68004153479,"19:43.94",76,94
8,76,"DANNIKA KAUP","Hoven","B",895.051333510714,"19:32.60",98,76
8,77,"LIA TIANGCO","O'Gorman","AA",734.506458697324,"19:23.72",110,66
8,78,"KAELYN ULSCHMID","Arlington","B",3309.48824719941,"20:13.62",45,140
8,79,"AUTUMN FALLIS","Highmore-Harrold","B",827.727150127882,"19:40.30",101,86
8,80,"BRIELLE JENKINS","SF Lincoln","AA",476.242145669942,"19:09.62",140,50
8,81,"AVA GEORGE","Irene-Wakonda","B",2520.93667982744,"20:12.49",56,137
8,82,"ELEANOR ANDERSON","Vermillion","A",938.564574709684,"19:50.78",95,101
8,83,"LAURA NEMEC","Mitchell Christian","B",1896.40394044325,"20:12.09",64,135
8,84,"LILLY GERLACH","Watertown","AA",611.648991782732,"19:36.80",121,80
8,85,"FINLEY EVJEN","Canton","A",367.606284421511,"18:59.69",170,36
8,86,"GRACE BIALAS","Tea Area","AA",430.265035755399,"19:13.17",151,56
8,87,"BREANA ASKE","Jones County","B",775.68555203006,"19:52.00",103,105
8,88,"EVELYN SHEARER","Herreid/Selby Area","B",820.409362851122,"19:55.70",102,108
8,89,"PEYTON BEATCH","Brandon Valley","AA",341.448170160492,"18:49.55",180,32
8,90,"AUBREE MINER","Cheyenne-Eagle Butte","A",1414.62544471472,"20:11.49",79,133
8,91,"BRENNA HALVORSON","Northwestern","B",2008.87905390464,"20:17.80",62,152
8,92,"SIERRA KELLER","Florence/Henry","A",1080.54077293546,"20:11.37",87,132
8,93,"KYLAH BIGGINS","Chamberlain","A",1004.32995875137,"20:10.70",91,130
8,94,"LONDYN SCHROEDER","Mitchell","AA",327.463409755355,"19:02.75",185,40
8,95,"HADASAH OLSON","James Valley Christian","B",1718.61331253939,"20:23.10",68,158
8,96,"ADELINE THOMPSON","SF Lincoln","AA",472.469532894431,"19:39.77",143,84
8,97,"KAYLEE BROWN","Deubrook Area","B",775.521920943469,"20:04.99",104,124
8,98,"ELIA PETERSON","SF Christian","A",1012.91304206205,"20:14.00",90,143
8,99,"ANNALISA STAKE","Centerville","B",1689.41055632577,"20:34.02",69,170
8,100,"AMIA WARD","Sioux Valley","A",446.762698328109,"19:43.38",147,93
8,101,"ASPEN VENEKLASEN","Hill City","A",922.341549658835,"20:16.44",96,147
8,102,"ELLA KOPLIN","Milbank","A",679.096182205262,"20:09.15",116,128
8,103,"BRILEY GEBHART","Lemmon","B",1807.52825099901,"20:36.94",66,178
8,104,"LIA MUNDT","Belle Fourche","A",370.655688417894,"19:33.26",169,78
8,105,"FAITH HEIL","Mobridge-Pollock","A",743.498532988026,"20:12.90",108,139
8,106,"KATELYN WIRTH","Warner","B",1468.43456951067,"20:34.74",74,173
8,107,"SADIE WUEBBEN","West Central","A",749.21019083322,"20:13.75",107,141
8,108,"ELLA MERRIMAN","Beresford","A",539.614375797226,"20:06.00",126,125
8,109,"SARAH GILHOOLY","Harrisburg","AA",310.131599323434,"19:19.75",192,62
8,110,"HAZEL KANNEGIETER","Aberdeen Roncalli","A",910.533537952984,"20:25.37",97,161
8,111,"MCKINLEY GLANVILLE","SF Lincoln","AA",2021.50269921875,"20:52.31",61,201
8,112,"ELLE HLAVAC","Scotland","B",760.419985982484,"20:26.27",106,163
8,113,"GRACEN GIEGLING","Harrisburg","AA",318.37150321689,"19:40.28",186,85
8,114,"SOPHIA JOHNSON","Lennox","A",570.84458577586,"20:16.66",124,149
8,115,"LARISSA RENEMANS","Pierre T.F. Riggs","AA",356.594933611636,"19:51.49",176,103
8,116,"GRACYN KADLEC","Ipswich","B",472.841089767839,"20:12.74",142,138
8,117,"HAILEY MOLLNER","SF Jefferson","AA",304.352064686091,"19:41.35",193,89
8,118,"AUSTINA SORENSEN","Faulkton Area","B",997.389961005646,"20:43.75",92,190
8,119,"ELISE JOHNSON","O'Gorman","AA",328.404400071511,"19:51.51",184,104
8,120,"LUCY ROZEBOOM","West Central","A",358.179944140852,"20:01.97",174,118
8,121,"TALYA VINCENT","Sioux Valley","A",302.512395446601,"19:47.42",194,99
8,122,"ADALYNN FISCHER","Rapid City Central","AA",330.530752862915,"19:56.44",183,110
8,123,"TAHCA ZEPHIER","Mahpiya Luta","A",436.703768388061,"20:16.36",150,145
8,124,"ANNA SPANOS","SF Lincoln","AA",242.75653922689,"19:39.07",213,83
8,125,"CHEL ODENBACH","Lemmon","B",1098.37374991729,"20:55.78",86,211
8,126,"NINA GABRIEL","Harrisburg","AA",332.343196065087,"20:02.22",182,119
8,127,"HAZEL HILLMAN","O'Gorman","AA",287.892123660741,"19:53.01",197,106
8,128,"ISABEL GURNEY","Yankton","AA",415.088962788838,NA,154,NA
8,129,"RYLIE ROTHENBERGER","SF Washington","AA",274.637702224418,"19:59.02",203,115
8,130,"LUCY HAMER","Sturgis Brown","AA",262.690717991987,"20:01.70",205,117
8,131,"TYLEE TETRAULT","Spearfish","AA",701.167624442058,"20:55.18",114,209
8,132,"RACHEL MELIUS","Northwestern","B",729.585776566523,"20:58.41",112,217
8,133,"CLAIRE MCDONALD","Chester","B",1462.20780264521,"21:17.50",75,255
8,134,"PHOENIX RED OWL","Little Wound","A",377.353602535308,NA,166,NA
8,135,"EMMA BOCHEK","Clark/Willow Lake","A",399.694032470139,"20:35.48",159,174
8,136,"HADLEY TEMPLE","Rapid City Central","AA",240.003827724303,"20:02.81",214,120
8,137,"RILYN JACKSON","Yankton","AA",182.233476065917,"19:46.69",237,98
8,138,"ABBY JOHANNESON","Yankton","AA",171.720953294141,"19:42.73",249,91
8,139,"JILLIAN SCHULTE","Parker/Marion","A",414.95528573005,"20:40.03",155,185
8,140,"JORDAN CHESSMORE","Tripp-Delmont/Armour","B",762.706017312098,"21:09.59",105,237
8,141,"BERKLEE MILLS","Platte-Geddes","A",393.830995191656,"20:37.91",163,180
8,142,"AVERY WUESTEWALD","Yankton","AA",152.469064650326,"19:36.87",263,81
8,143,"JENTRY HUBNER","Herreid/Selby Area","B",313.809271493024,"20:23.40",188,159
8,144,"CHARLOTTE QUALM","Platte-Geddes","A",862.727215515272,"21:14.06",99,249
8,145,"DEVYN VAN ROEKEL","Pierre T.F. Riggs","AA",181.416223342024,"19:56.34",240,109
8,146,"KATE MCELROY","Watertown","AA",136.899231526251,"19:26.36",282,68
8,147,"PAIGE AHLEMEIER","Gettysburg","B",348.17979322469,"20:36.10",177,176
8,148,"PIPER CURRAN","Belle Fourche","A",272.213474154693,"20:21.58",204,154
8,149,"KYLEIGH MILLER","Warner","B",475.286349031648,"21:00.85",141,223
8,150,"BRANDY MARSHALL","Lakota Tech","A",531.69648436603,"21:11.40",128,242
8,151,"HANLEE SEYKORA","Harrisburg","AA",116.131796627157,"19:26.74",306,69
8,152,"ELLA COOMES","Madison","A",523.196604539536,"21:12.06",130,246
8,153,"ANGELA FRICK","North Central","B",2027.75164158302,"21:51.59",60,317
8,154,"MADDLYN RED BEAR","Dupree","B",524.311422560439,"21:16.10",129,253
8,155,"HANNAH DAVELAAR","SF Christian","A",155.375834210864,"20:04.57",261,123
8,156,"IZZY FISCHER","Rapid City Central","AA",157.556269751668,"20:07.52",258,126
8,157,"HAIVYN SCHUCHHARDT","Warner","B",283.556962486483,"20:43.22",198,189
8,158,"EMMA CAULFIELD","Florence/Henry","A",834.162274822045,"21:35.04",100,290
8,159,"ASHLAN CARLOW","Mahpiya Luta","A",215.202727941762,"20:28.73",224,167
8,160,"VIONA SIETSEMA","Rapid City Stevens","AA",174.914493859566,"20:16.76",242,150
8,161,"TAYLOR MCCOMSEY","Aberdeen Roncalli","A",291.580279945873,"20:48.03",195,198
8,162,"SHYLA TVEDT","Deuel","A",70.8697430030221,"19:07.40",351,49
8,163,"CHARLEE WILLIAMS-SMITH","Pierre T.F. Riggs","AA",103.595561610695,"19:45.00",312,95
8,164,"KAYLOR NEKL","SF Lincoln","AA",136.52542269179,"20:08.83",283,127
8,165,"RUBY BOUWMAN","SF Lincoln","AA",104.771042693406,"19:50.78",310,101
8,166,"BRYNN ODENBACH","Lemmon","B",592.440468793912,"21:33.36",123,288
8,167,"AVA SCHINDLER","Chamberlain","A",228.234584653995,"20:44.75",219,194
8,168,"OLIVIA KADLEC","Ipswich","B",608.748733668673,"21:39.10",122,298
8,169,"KELLA TRACY","Groton Area","A",149.809008051619,"20:25.35",267,160
8,170,"HADLEY WALKER","Hill City","A",164.151814707491,"20:35.88",254,175
8,171,"HANNAH SONSTEBO","Webster Area","A",534.117813926213,"21:43.52",127,306
8,172,"JIMENA ARAIZA","Deuel","A",80.022454487678,"19:46.55",338,97
8,173,"CLAIRE GUTHMILLER","Bon Homme","A",136.396885939067,"20:22.22",284,155
8,174,"CLAIRE MCCALLUM","Harrisburg","AA",250.38128592995,"21:05.39",210,229
8,175,"ADALYN FIEGEN","St. Mary's","B",397.72382883246,"21:29.28",161,281
8,176,"EMERSON BUCHHOLZ","Rapid City Stevens","AA",506.28703564852,"21:50.85",133,314
8,177,"KALLA FOERSTER","Brookings","AA",166.24493174365,"20:45.27",253,195
8,178,"JOLIE WESTRUM","Gayville-Volin","B",366.176522422366,"21:28.62",171,279
8,179,"ASHLYNN WELLMAN","Rapid City Stevens","AA",370.790984980409,"21:30.08",168,282
8,180,"EMMA PERRY","Ethan/Parkston","A",666.854036138058,"22:00.88",117,335
8,181,"EVELYN DEGEEST","Tea Area","AA",97.6938711189439,"20:16.42",317,146
8,182,"HANNAH DELINE","Mitchell Christian","B",193.099336047134,"21:05.82",233,230
8,183,"MAHLIA KADLEC","Ipswich","B",509.668838706788,"22:02.10",132,336
8,184,"SASHA VAN DEN BOSCH","Chamberlain","A",152.265880417189,"20:53.43",265,204
8,185,"KAMILLE SCHMIDT","Lennox","A",121.792309790211,"20:34.62",298,172
8,186,"ADDISON JOHNSON","Harrisburg","AA",616.807786960494,"22:12.67",120,350
8,187,"AVA SLETTEN","Canton","A",133.642155796311,"20:38.59",289,182
8,188,"KAPRI HERGES","Mitchell","AA",83.3490224091669,"20:13.94",332,142
8,189,"ISABELLA HENDERSON","Ipswich","B",421.882956293746,"21:53.90",153,322
8,190,"NOELLE GABRIEL","Harrisburg","AA",566.106681689558,"22:15.78",125,355
8,191,"CADENCE BOCHEK","Clark/Willow Lake","A",90.2517890558314,"20:26.60",324,164
8,192,"KENNA WOLBERG","Warner","B",130.429887183138,"20:47.93",291,197
8,193,"MARLEE HAYES","McIntosh","B",174.824614723797,NA,244,NA
8,194,"BIANCA BERRY","Milbank","A",96.2872706509977,"20:34.36",320,171
8,195,"AUBREY HADORN","Rapid City Central","AA",311.732216485268,"21:43.33",190,304
8,196,"RYAN TIBBETTS","SF Lincoln","AA",73.1183548812554,"20:17.31",347,151
8,197,"ALEXA STONE","Belle Fourche","A",211.150657623783,"21:26.68",225,276
8,198,"ISABELLA OBERLOH","St. Thomas More","A",487.512174761623,"22:19.53",136,367
8,199,"CAMI WOLLES","St. Mary's","B",279.06810337689,"21:42.00",202,302
8,200,"ASHLYNN BATCHELOR","Milbank","A",693.794340250538,"22:29.35",115,390
8,201,"ABIGAIL ENGEL","Gregory","B",168.392402172648,"21:23.00",252,267
8,202,"REAGAN OSTRANSKY","SF Lincoln","AA",48.7694162429435,"20:10.63",392,129
8,203,"MOLLY O'NEIL","Beresford","A",101.06733149632,"20:54.20",315,207
8,204,"AINE GRAESSER","Chamberlain","A",210.04081327743,"21:38.69",226,296
8,205,"GRACE ROTH","North Central","B",108.688100552438,"20:58.20",308,215
8,206,"BROOKE THAYER-BURKE","Hill City","A",80.4749135489816,"20:41.05",337,187
8,207,"ZOEY SNYDER","North Central","B",1419.29321927978,"22:59.27",78,450
8,208,"MAISIE MOGARD","Brookings","AA",41.2083963140136,"19:58.52",416,114
8,209,"ANNIKA BOCKHOLT","Harrisburg","AA",41.3388038395543,"19:59.08",415,116
8,210,"WHITLI ADAMS","Rapid City Stevens","AA",59.894676286412,"20:25.96",369,162
8,211,"MISTY DRIELING","Belle Fourche","A",66.6512850670751,"20:36.72",360,177
8,212,"MONROE MILLER","SF Lincoln","AA",734.896140937512,"22:49.82",109,430
8,213,"GRACE SKOOG","Rapid City Central","AA",522.870746726357,"22:37.27",131,413
8,214,"BERKLEY FOPMA","SF Christian","A",1135.07315175847,"23:03.02",84,460
8,215,"LUCY CARLSON","Lennox","A",79.1448122399424,"20:53.57",340,205
8,216,"APRIL SKLUZAK","Kimball/White Lake","B",148.902900228448,"21:28.08",268,278
8,217,"IRIS ZYLSTRA","Sturgis Brown","AA",64.6396001094818,"20:44.23",364,191
8,218,"TRINITY HOURIGAN","Spearfish","AA",172.629248897356,"21:46.67",247,309
8,219,"NORA HYRONIMUS","Beresford","A",181.847929770493,"21:52.54",238,318
8,220,"LAINEY GOERTZ","Sanborn Central/Woonsocket","B",68.1372058493828,"20:53.12",356,203
8,221,"AURORA EVANS","Douglas","AA",28.8947008220109,"19:58.11",450,112
8,222,"MACI LICHT","Sioux Valley","A",24.8905214998329,"19:45.91",467,96
8,223,"KILEY WESTBERRY","Flandreau","A",43.7860713347366,"20:22.57",406,157
8,224,"SKYLAR LAWSON","Mitchell","AA",43.3146839599549,"20:22.22",409,155
8,225,"MYKELTI OLSON","James Valley Christian","B",184.455699102886,"21:56.98",235,329
8,226,"ALY GRUENWALD","Redfield","A",242.80490133258,"22:13.30",212,352
8,227,"LAYLA DRIELING","Belle Fourche","A",57.7157671048831,"20:44.63",373,193
8,228,"GABBY WERDEL","Miller","A",222.785317194217,"22:10.70",221,348
8,229,"GRETA ODENBACH","Lemmon","B",173.409886046333,"21:55.65",246,326
8,230,"HOPE ROHE","SF Christian","A",1043.40262936586,"23:20.23",89,484
8,231,"EVIE NOVSTRUP","Aberdeen Central","AA",39.9674132508144,"20:18.95",421,153
8,232,"SPENCER PROEFROCK","Sturgis Brown","AA",46.7582344458475,"20:37.25",397,179
8,233,"ISABELLE LEE","Colman-Egan","B",119.04522605837,"21:26.00",303,273
8,234,"MADELINE CARCAMO","Rapid City Stevens","AA",47.4382889058186,"20:38.22",396,181
8,235,"MAKENZI HAM","Custer","A",66.7529009094251,"21:00.34",358,221
8,236,"MADI MEBIUS","O'Gorman","AA",53.8412390311044,"20:52.94",379,202
8,237,"GRACE STEFFEN","Burke","B",133.787575122483,"21:36.00",288,293
8,238,"MAGGIE MILLER","SF Lincoln","AA",630.890412698733,"23:06.61",118,464
8,239,"GRETCHEN CURTIS","Tea Area","AA",376.844007200043,"22:45.03",167,420
8,240,"GABBY DEVRIES","SF Washington","AA",135.011553081229,"21:42.40",285,303
8,241,"AVA GATZKE","Sioux Valley","A",61.5793651042035,"21:02.18",366,226
8,242,"JAYCEE STEVENS","Gettysburg","B",38.0136030317114,"20:32.90",426,169
8,243,"ABIGAIL EISENBRAUN","Rapid City Stevens","AA",207.637641848376,"22:20.70",227,370
8,244,"FALLON WIETZKI","North Central","B",1147.52267359359,"23:42.43",83,514
8,245,"DANIELLA VAN ZEE","SF Roosevelt","AA",24.4315211560645,"20:10.90",472,131
8,246,"ELLA BARTZ","SF Lincoln","AA",40.8869687533946,"20:40.80",418,186
8,247,"KALLA PADDEN","Harding County","B",138.219682283236,"21:54.90",281,324
8,248,"PAIGE DEUTER","St. Mary's","B",129.499375329246,"21:51.00",292,315
8,249,"HAILEY WOODWARD","Custer","A",152.426505568149,"22:08.06",264,343
8,250,"LOLA UNDERBERG","Tea Area","AA",344.825802116754,"22:50.86",178,431
8,251,"PEYTON HANSEN","Centerville","B",141.015302421545,"21:57.43",280,331
8,252,"KHLOE SMITH","Tri-State","A",194.771203304717,"22:24.26",232,380
8,253,"DELANEY YOUMANS","Yankton","AA",19.546367172731,"20:03.00",495,121
8,254,"ISABELA TORBERSON","Belle Fourche","A",52.1036489852246,"21:11.49",383,245
8,255,"MIYA MUELLENBERG","Rapid City Central","AA",397.882185235462,"23:08.37",160,469
8,256,"JAESHAWNIA IRON HAWK","Dupree","B",58.9619064603609,"21:20.80",371,260
8,257,"ARIA PRASNICKI","Milbank","A",477.201228711412,"23:30.26",139,497
8,258,"AUBREE MORRISON","Lead-Deadwood","A",36.3048621389138,"20:53.78",431,206
8,259,"JEWEL GANNON","Canton","A",29.2429334659147,"20:44.31",448,192
8,260,"PAYCEE LEE","Deuel","A",68.9005125090998,"21:33.01",354,286
8,261,"EMILIE REEDY","Sturgis Brown","AA",33.8933369209719,"20:55.27",434,210
8,262,"AMYA PRUE","White River","B",46.6647913824381,"21:12.69",398,247
8,263,"CHLOE BERG","Great Plains Lutheran","A",97.3332090207359,"22:00.69",318,333
8,264,"ELLA GREENE","Dakota Valley","A",69.4650648811784,"21:41.46",353,300
8,265,"ELODIE WOOD","Warner","B",59.0943102127257,"21:32.71",370,285
8,266,"OLIVIA KERKVLIET","SF Christian","A",732.045761697818,"24:06.78",111,545
8,267,"LAURYN DONOVAN","Spearfish","AA",15.1466495735458,"20:12.42",521,136
8,268,"OLIVIA ANDERSON","Watertown","AA",9.1133973011777,"19:55.20",552,107
8,269,"ASPEN NIEWENHUIS","Andes Central/Dakota Christian","B",75.2690409186809,"21:51.00",345,315
8,270,"CORI CAMMACK","Sturgis Brown","AA",365.470871486566,"23:22.36",172,489
8,271,"ANNA MCKINLEY","Philip","B",69.4793474205468,"21:50.41",352,313
8,272,"EMERY WAGNER","Harrisburg","AA",79.4264875928351,"21:55.91",339,327
8,273,"MACY COPELAND","Rapid City Central","AA",31.1475046631389,"21:04.93",440,228
8,274,"KAMORA RUTHERFORD","Stanley County","A",38.3875959694559,"21:11.48",424,244
8,275,"RILEE DORN","Harrisburg","AA",158.203682690156,"22:37.09",257,412
8,276,"JORDYN JOHNSON","Brookings","AA",21.0835066211624,"20:39.39",487,184
8,277,"GRACE PRESZLER","Aberdeen Central","AA",14.5994206274971,"20:16.54",526,148
8,278,"BRAELYNN HOLT","Ipswich","B",389.362629672669,"23:38.70",165,509
8,279,"BRIANNA NOBEL","Custer","A",85.7532456040076,"22:10.20",328,347
8,280,"ADELAIDE KLEINSCHMIDT","Rapid City Stevens","AA",183.051251097825,"22:53.33",236,442
8,281,"ADDY IHNEN","Hitchcock-Tulare","B",311.962449426534,"23:23.34",189,491
8,282,"LEAH YERDON","SF Lincoln","AA",129.240664518126,"22:28.82",293,388
8,283,"AVERY QUAM","Madison","A",45.8606896693244,"21:29.05",402,280
8,284,"BELLA LINN","Spearfish","AA",24.4831587594644,"20:57.36",470,214
8,285,"SHELLY LARVIE","St. Francis Indian","A",259.05999925244,"23:15.33",206,478
8,286,"BRINLEY BRANDRIET","Castlewood","B",143.603083428612,"22:35.78",275,410
8,287,"VICTORIA GASSEN","SF Christian","A",622.577777031057,"24:28.93",119,566
8,288,"EMMA SHELDON","Rapid City Stevens","AA",120.016726361884,"22:27.40",301,385
8,289,"MIKAYLA DENNIS","Custer","A",28.7404056706894,"21:08.25",453,234
8,290,"NORA SHEPARDSON","Ethan/Parkston","A",28.9253423335906,"21:10.80",449,241
8,291,"MYA FLEMMING","Wolsey-Wessington","B",47.5528233296141,"21:41.50",394,301
8,292,"AUBRIANA RIELLY","Rapid City Central","AA",318.008370281749,"23:39.91",187,511
8,293,"EMMA SCOTT","Lead-Deadwood","A",82.2373896537892,"22:18.99",334,365
8,294,"PRIA MARTINELL","Tri-Valley","A",43.3111545407857,"21:35.91",410,292
8,295,"KAY LEIGH VAN WYK","Lyman","B",279.74914533267,"23:32.10",201,501
8,296,"LILY MEYER","Huron","AA",18.9425844577961,"20:55.12",498,208
8,297,"PHOEBE BENTLEY-BUSCHUR","Hill City","A",82.3033716029841,"22:21.58",333,374
8,298,"AMY HENDERSON","Mitchell Christian","B",43.1508565199612,"21:40.25",411,299
8,299,"RAYONNA BRAVE BIRD","Little Wound","A",148.563975625426,"22:53.01",270,441
8,300,"ELAINA ROUNDS","Pierre T.F. Riggs","AA",5.63926959555112,"20:12.02",578,134
8,301,"ALEXA CHASE","McCook Central/Montrose","A",311.701175653306,"23:49.43",191,522
8,302,"MADYN LACEY","Dell Rapids","A",43.8097974162294,"21:48.97",405,311
8,303,"ZOE SCHAEFFER","Menno","B",42.803087944765,"21:43.42",412,305
8,304,"ZOEY SUTER-MAIER","Lemmon","B",460.2513128503,"24:32.00",146,572
8,305,"EMMA LINDAMAN","SF Lincoln","AA",499.301231619301,"24:50.20",135,583
8,306,"ESTHER BURKHALTER","Bison","B",440.334045360227,"24:30.00",148,571
8,307,"ALEAH GRAHAM","West Central","A",227.853242103838,"23:31.53",220,500
8,308,"MIKAELA MALSOM","North Central","B",20.4709114055935,"21:06.00",490,231
8,309,"ALEXA NANNINGA","Freeman","B",104.750965736701,"22:36.14",311,411
8,310,"EVERLY BLUM","Deubrook Area","B",8.48197264186976,"20:27.38",559,165
8,311,"ALLIE STEFFEN","O'Gorman","AA",22.2037648719658,"21:11.44",483,243
8,312,"AMELIA GIESE","Deuel","A",24.8297402034176,"21:20.28",468,258
8,313,"KINSLEY DVORACEK","Bon Homme","A",60.2074002579057,"22:16.65",368,359
8,314,"JASMINE MILLER","Sturgis Brown","AA",291.376013570514,"23:57.90",196,531
8,315,"JENNIFER BEVERS","Clark/Willow Lake","A",20.867257242243,"21:10.32",488,240
8,316,"CARSON SEVERSON","Vermillion","A",49.3692472549849,"22:03.26",391,338
8,317,"ANNALISE RITER","SF Lincoln","AA",461.160165315049,"24:52.37",145,584
8,318,"LYDIA ANDERSON","Vermillion","A",2.61858362308218,"20:04.04",611,122
8,319,"MADDY CAMPBELL","Spearfish","AA",17.9168091703077,"21:06.24",501,232
8,320,"KATHERINA MALSOM","North Central","B",74.3387549746832,"22:28.40",346,387
8,321,"GABRIELLE KENNY","Todd County","A",410.628599645682,"24:44.46",156,579
8,322,"WHITLEY BALOUN","Highmore-Harrold","B",21.453779072736,"21:15.40",486,251
8,323,"LUCY DEVRIES","SF Washington","AA",425.584952562174,"24:55.26",152,585
8,324,"OLIVIA SCHNEEKLOTH","Brandon Valley","AA",51.8520529611144,"22:15.02",386,353
8,325,"RUE KNUDSON","Mobridge-Pollock","A",142.107985945708,"23:04.40",277,462
8,326,"SADEY HOLT","Baltic","A",5.99274611991297,"20:28.09",574,166
8,327,"BRYNNLY HUBER","Herreid/Selby Area","B",27.5528610902451,"21:32.40",456,284
8,328,"LARA OLOWU-DAVIES","James Valley Christian","B",78.4099633820997,"22:33.34",342,398
8,329,"BRYNN VOSS","Beresford","A",242.888136177681,"23:56.72",211,529
8,330,"EMMY CHRISTENSEN","Ethan/Parkston","A",11.1383106560879,"20:48.56",542,199
8,331,"JAELYN PETERS","Hill City","A",19.6438863948068,"21:13.23",494,248
8,332,"PRESLEY HOUSKA","Chamberlain","A",22.75733998493,"21:21.52",479,263
8,333,"AVERY MARTINEZ","Jones County","B",72.3039595764817,"22:30.45",350,392
8,334,"LILY WAGNER","SF Roosevelt","AA",1.79375158813793,"19:57.24",632,111
8,335,"SADIE MUELLER","Ethan/Parkston","A",22.1351475588,"21:20.56",484,259
8,336,"CAMDEN PETERSON","Harding County","B",54.8425312876534,"22:19.16",377,366
8,337,"TENLEY LEBRUN","Flandreau","A",14.3696586282479,"20:58.29",528,216
8,338,"GRACIE BANKS","Mahpiya Luta","A",10.8459048105527,"20:49.38",545,200
8,339,"ANDIE AUGHENBAUGH","Sanborn Central/Woonsocket","B",39.3752444135188,"21:55.34",422,325
8,340,"MORAH SWARTZENDRUBER","Miller","A",49.4078593481058,"22:16.30",390,357
8,341,"EVELYN LEBER","Viborg-Hurley","B",500.249673358545,"25:40.64",134,616
8,342,"CAROLINE WIESE","Brandon Valley","AA",21.5467699592845,"21:22.98",485,266
8,343,"HALLEY MILLER","Arlington","B",356.836945055134,"24:40.26",175,577
8,344,"ADISON ARMSTRONG","Rapid City Stevens","AA",13.2066836210321,"20:59.98",535,220
8,345,"EVELYN PRAHL","Great Plains Lutheran","A",17.2346867448235,"21:14.62",506,250
8,346,"KENNADEE WAGNER","Warner","B",72.6113706827342,"22:35.54",349,408
8,347,"ASHTYN KRIZ","Tri-State","A",11.2242969931427,"20:59.90",540,219
8,348,"EMMA HALVERSON","Custer","A",101.903978967291,"22:56.13",313,446
8,349,"CHASTITY HAWK","Chamberlain","A",87.7745254811806,"22:51.25",326,435
8,350,"ANNIKA OLSON","Lead-Deadwood","A",72.8159477845802,"22:39.27",348,414
8,351,"HARPER SCHADE","Redfield","A",118.979055672874,"23:02.20",304,459
8,352,"HAILEY TIAHRT","Baltic","A",43.6435580776071,"22:16.53",407,358
8,353,"ALLISON BRENNER","Aberdeen Central","AA",6.66063413091117,"20:46.68",571,196
8,354,"MIRIAM MEYER","Madison","A",36.5226681361467,"22:02.77",430,337
8,355,"HADLEIGH HOGGARTH","Frederick Area","B",44.6477002046474,"22:18.66",404,363
8,356,"MONICA MORAN","St. Thomas More","A",14.0989226900627,"21:10.02",530,238
8,357,"CAMBRY VOSS","Beresford","A",120.865614414649,"23:08.55",299,470
8,358,"ADELIA GROHER","SF Lincoln","AA",392.414360671298,"25:22.82",164,605
8,359,"NATALIE BOWAR","Miller","A",169.207436124966,"23:45.80",251,519
8,360,"NEVAEH GUTENKAUF","Pierre T.F. Riggs","AA",17.1529074244714,"21:22.17",507,265
8,361,"REBECCA HAICH","Irene-Wakonda","B",127.864202940229,"23:14.06",295,477
8,362,"SIENNA NECK","Todd County","A",235.958749423374,"24:20.68",218,556
8,363,"AVERY BIRKEL","Gregory","B",58.841057934905,"22:34.25",372,403
8,364,"KELSEY SUNDERMANN","West Central","A",30.6693426928492,"22:00.81",442,334
8,365,"LACEY EASTON","Hanson","A",53.0162099991055,"22:32.78",381,395
8,366,"AVA CARLEY","Rapid City Stevens","AA",187.51183734725,"24:04.41",234,543
8,367,"MICAIAH BRANTNER","James Valley Christian","B",12.2043731312574,"21:10.21",539,239
8,368,"SAVANAH WIELENGA","Menno","B",118.914753270833,"23:12.00",305,473
8,369,"AMELIA THREE FINGERS","Lakota Tech","A",145.778251759647,"23:37.49",272,506
8,370,"ASHLYNN WARRINGTON","Groton Area","A",47.4572207636943,"22:27.36",395,384
8,371,"BEATRIZ HERNANDEZ-LUCAS","Vermillion","A",17.8920615945803,"21:27.78",503,277
8,372,"KAYLA HARRIS","Rapid City Stevens","AA",145.239320658631,"23:38.50",273,507
8,373,"LILLIE SCHMIT","Sioux Valley","A",10.8160149408796,"21:08.73",546,235
8,374,"JORJA WEBER","McCook Central/Montrose","A",24.4338898632474,"21:47.79",471,310
8,375,"ELIZABETH BOSCHEE","Sanborn Central/Woonsocket","B",51.8614682432469,"22:32.82",385,396
8,376,"NIKA FURNEY","Scotland","B",91.9311639873793,"23:02.00",323,458
8,377,"SIRI KNUTSON","SF Washington","AA",3.80806301115746,"20:41.82",594,188
8,378,"ISABEL OVERBY","Brookings","AA",1.37543253586562,"20:14.54",642,144
8,379,"MACY MUELLER","Milbank","A",8.27582361914022,"21:01.17",562,224
8,380,"DARABY BOERSMA","Sunshine Bible Academy","B",68.1818124054609,"22:50.90",355,432
8,381,"KYLEE VANZANDBERGEN","Winner/Colome","A",255.570933898759,"24:42.91",209,578
8,382,"CARSON ERNSTER","SF Lincoln","AA",361.496865588106,"25:45.00",173,619
8,383,"NORA PESTER","Huron","AA",8.47884224132511,"21:07.00",560,233
8,384,"SOPHIA BOOMSMA","James Valley Christian","B",215.789201200546,"24:29.90",223,570
8,385,"KATIE SPATZ","Sisseton","A",94.5792994125697,"23:12.25",321,474
8,386,"SHERIDAN MADDEN","Rapid City Central","AA",10.9816414981174,"21:17.32",544,254
8,387,"TANAEYA WANNA","Sisseton","A",96.3205014412096,"23:17.32",319,481
8,388,"HANNAH KOCH","Brandon Valley","AA",5.87495642058524,"21:02.00",576,225
8,389,"ALYVIA GEFFRE","Tri-State","A",85.6685558532146,"23:11.10",329,472
8,390,"BRYNN CLEMENTSON","SF Lincoln","AA",332.690084111553,"25:46.85",181,621
8,391,"JOHANNA VANDERSNICK","Clark/Willow Lake","A",16.052342710795,"21:34.73",514,289
8,392,"ABBY HILLESON","Tea Area","AA",2.14406519897875,"20:39.13",622,183
8,393,"MILLIE PATTERSON","Rapid City Central","AA",199.31024278986,"24:39.32",230,575
8,394,"AUBREY BORNS","West Central","A",3.85112545417418,"21:00.81",592,222
8,395,"AJ LINDNER","Florence/Henry","A",486.455791667741,"28:04.99",137,678
8,396,"QUINN HURD","Miller","A",99.2791648888383,"23:32.60",316,502
8,397,"FAITH PEKRON","Parker/Marion","A",343.612556009445,"26:09.93",179,642
8,398,"EMMA KNUTSON","Deubrook Area","B",42.6606437027049,"22:35.62",413,409
8,399,"SILVANA HOUSKA","Chamberlain","A",12.4351212842451,"21:33.26",537,287
8,400,"ADRIENNE WHITE LANCE","St. Francis Indian","A",147.181168524074,"24:19.20",271,553
8,401,"WINTER THUNDERHAWK","Viborg-Hurley","B",400.035329622312,"27:17.80",158,667
8,402,"ALEAH HETTICH","McIntosh","B",144.344346997866,"24:13.70",274,552
8,403,"KAITLYN DASCHEL","Dakota Valley","A",38.1099555862377,"22:33.84",425,402
8,404,"LOGAN CASTLE","Tea Area","AA",0.746444427039993,"20:31.16",660,168
8,405,"JAIDYNN GIEDD","De Smet","B",410.260965338613,"27:26.59",157,671
8,406,"ADDISON JASPERS","West Central","A",3.19775136818432,"21:02.93",602,227
8,407,"KYNSLEE MUSHITZ","Miller","A",107.609090518015,"23:50.30",309,523
8,408,"KHLOE COCHRAN","Aberdeen Central","AA",2.17292107269875,"20:56.63",621,213
8,409,"SOFIA HANSON","Elk Point-Jefferson","A",25.4293083854947,"22:21.23",464,373
8,410,"LILLIE BODEN","Beresford","A",5.75061706207251,"21:20.95",577,262
8,411,"FAITH JOHNSON","Alcester-Hudson","B",256.961393548306,"25:55.36",208,632
8,412,"RHYANN ROSELAND","Faulkton Area","B",27.0598699850113,"22:25.20",459,382
8,413,"KATIE BRETSCH","Frederick Area","B",40.2730360819268,"22:45.30",419,422
8,414,"JOANNA GUMS","Deuel","A",19.1743922113027,"22:09.37",496,346
8,415,"BROOKE MELAND","Florence/Henry","A",440.126668651766,"29:07.54",149,694
8,416,"QUINN ULVESTAD","Brookings","AA",5.89551150417954,"21:25.11",575,270
8,417,"MARLEE MEYERINK","Platte-Geddes","A",3.99140909349855,"21:19.59",589,257
8,418,"BELLA WILLUWEIT","Sturgis Brown","AA",181.455769910956,"25:26.55",239,607
8,419,"M'KENZIE LAROCHE","Lower Brule","B",61.0769100746558,"23:17.00",367,480
8,420,"KYLIE GOSCH","SF Roosevelt","AA",1.89777685559485,"20:59.68",630,218
8,421,"MARIN RHODE","Canton","A",463.291230159753,"31:36.30",144,704
8,422,"HARPER KLINE","Aberdeen Roncalli","A",2.57762951835895,"21:08.76",614,236
8,423,"JAYDA WESTLING","Rapid City Central","AA",3.39579031852622,"21:15.54",598,252
8,424,"RYLIN WIPF","James Valley Christian","B",24.7416711890155,"22:24.28",469,381
8,425,"TYANN BALSDAN","Brandon Valley","AA",172.381049578424,"25:21.10",248,602
8,426,"TENLY SLABA","Hanson","A",29.4821037793723,"22:34.27",447,404
8,427,"JOSIE VLIEGER","Huron","AA",1.49689013591052,"20:56.55",640,212
8,428,"MCKENZIE RANS","Belle Fourche","A",27.0926225503693,"22:30.77",458,394
8,429,"OLIVIA SCHULTZ","Freeman","B",22.6297532124127,"22:21.04",481,372
8,430,"GRACE CURTIS","Winner/Colome","A",204.738218178985,"25:48.72",228,625
8,431,"JALYN TYON","Rapid City Stevens","AA",111.584773787592,"24:09.80",307,547
8,432,"ANNIAH RUSSELL","Herreid/Selby Area","B",11.0505677945939,"21:50.30",543,312
8,433,"ANCORA GILKERSON","Oldham-Ramona-Rutland","B",36.1305252929166,"22:45.79",432,423
8,434,"TESSA HINMAN","Sunshine Bible Academy","B",47.8537026038138,"23:06.90",393,465
8,435,"SAVANNAH HADORN","Rapid City Central","AA",3.91707438503198,"21:24.14",591,268
8,436,"NEVAEH O'ROURKE","Little Wound","A",82.0617165863572,"23:50.64",335,524
8,437,"BRENNA BOLTE","Parker/Marion","A",3.97573478899535,"21:25.26",590,271
8,438,"CAROLINE HUBER","SF Lincoln","AA",280.881652464827,"27:10.65",200,662
8,439,"TRUEN BAST","Miller","A",8.80272946529295,"21:43.78",556,307
8,440,"MACIE DEAN","Ethan/Parkston","A",3.15810293683412,"21:20.86",603,261
8,441,"JAYDA JENSEN","Watertown","AA",3.30833479381768,"21:21.64",600,264
8,442,"GABRIELLE DEVRIES","SF Washington","AA",5.08640826870061,"21:30.10",581,283
8,443,"ANDREA SANCHEZ","Lakota Tech","A",155.865567564974,"25:22.65",260,604
8,444,"SAIGE JUNGWIRTH","Redfield","A",64.9313200295689,"23:32.63",363,503
8,445,"IRIS RAMEY","Aberdeen Central","AA",3.7588354113305,"21:25.90",596,272
8,446,"JAYCIE RUSH","Dakota Valley","A",29.8664732310617,"22:45.98",444,424
8,447,"VIOLET VYSKOCIL","Parker/Marion","A",41.3998299778622,"23:00.21",414,454
8,448,"ANNA MARTINMAAS","Faulkton Area","B",28.6465250071967,"22:40.10",454,415
8,449,"HEIDI CARLSON","Iroquois/Lake Preston","B",64.3371772380306,"23:38.50",365,507
8,450,"JORDYN ZEISLER","Burke","B",9.04712493844212,"21:53.00",553,320
8,451,"SAMANTHA MONEKE","SF Lincoln","AA",257.636274329806,"27:18.09",207,668
8,452,"SEDONA BLUE COAT","Cheyenne-Eagle Butte","A",397.214318458219,"39:22.20",162,713
8,453,"CHARLEE BIERLE","Sturgis Brown","AA",4.30698349915539,"21:35.19",587,291
8,454,"LIVIA KNECHT","Britton-Hecla","A",50.4051235988298,"23:23.05",388,490
8,455,"MOLLY NIX","Jones County","B",51.9845940761666,"23:25.50",384,494
8,456,"LYNDSEY CHESSMORE","Tripp-Delmont/Armour","B",14.8101082598305,"22:16.00",524,356
8,457,"TAYLOR BOEHNKE","Tea Area","AA",50.2771109930007,"23:23.51",389,492
8,458,"SOPHIA HATLELI","Spearfish","AA",2.59349796054229,"21:24.62",613,269
8,459,"LIZ VOGEL","Dell Rapids","A",20.0284121407991,"22:29.53",492,391
8,460,"ADA MADDOX","Great Plains Lutheran","A",52.1076276217894,"23:35.01",382,505
8,461,"TARA ENGELSON","SF Lincoln","AA",236.013229877126,"27:24.76",217,670
8,462,"GABBIE EICHMANN","Canistota","B",13.9830707357978,"22:17.52",531,360
8,463,"TYLER GIBSON","Tri-Valley","A",18.1945830601615,"22:30.57",500,393
8,464,"ELYSSA TEDDER","Stanley County","A",162.730609477471,"25:59.78",256,637
8,465,"SOFIA GONZALEZ","Brookings","AA",8.27054864388352,"21:59.96",563,332
8,466,"AUBRIE BRENDSEL","Brandon Valley","AA",15.5846508150601,"22:24.18",520,379
8,467,"ALIYAH PETERS","Hill City","A",24.0710825313918,"22:46.11",475,425
8,468,"ADDY WITTE","Dell Rapids","A",16.037989625826,"22:28.30",515,386
8,469,"LEXI WILKINS","Custer","A",26.3677453349796,"22:52.76",461,440
8,470,"HARPER GIBSON","Tri-Valley","A",25.536951207973,"22:52.57",463,439
8,471,"HAYDEN SWANSON","Rapid City Central","AA",156.635315481012,"26:14.64",259,643
8,472,"ANASTASIA KIEFFER","SF Washington","AA",215.90839918389,"28:11.99",222,681
8,473,"BRYNN KIRK","Sisseton","A",237.378035986981,"28:40.14",216,689
8,474,"LANDRIE HAHN","Colman-Egan","B",77.3729264901619,"24:24.21",344,564
8,475,"JEWEL BORDEAUX","St. Francis Indian","A",87.3188830035584,"24:49.17",327,582
8,476,"ROYALE GHOST","Little Wound","A",281.775439344022,"34:40.19",199,711
8,477,"MALYSSA FOUR HORNS","St. Francis Indian","A",237.943121643957,"29:11.74",215,696
8,478,"MAISEY KNUDSON","Canton","A",0.831304402026023,"21:18.45",657,256
8,479,"MILA HEISINGER","Lead-Deadwood","A",2.26416607777501,"21:37.45",618,295
8,480,"AVA MCMAHAN","Redfield","A",55.3687151329612,"24:03.12",376,540
8,481,"KAMBRI CLAUSSEN","Bennett County","B",67.9563902954285,"24:22.48",357,559
8,482,"JORJA NELSEN","Florence/Henry","A",88.3510549802192,"25:04.91",325,592
8,483,"HALEY HARKNESS","Elk Point-Jefferson","A",203.906825745791,"28:38.36",229,688
8,484,"LYDIA JUNGWIRTH","Redfield","A",94.3666111504003,"25:13.73",322,596
8,485,"JULIA KINSLEY","Jones County","B",7.9687682901322,"22:15.70",565,354
8,486,"MEREDITH LARSON","Baltic","A",17.9141454654364,"22:44.40",502,417
8,487,"ESTIE KUCHTA","Irene-Wakonda","B",46.6471197198692,"23:47.11",399,520
8,488,"TESSA AUDISS","Rapid City Christian","A",29.5143591888474,"23:12.80",446,475
8,489,"ALEXIS ROESLER","Wessington Springs","B",3.33317123166229,"21:54.40",599,323
8,490,"JAEL BURKHALTER","Bison","B",19.0398473376686,"22:46.24",497,426
8,491,"QUINN WOLBERG","Warner","B",43.3899065569081,"23:43.10",408,515
8,492,"DARLA BARNES","Lemmon","B",170.085353599566,"27:36.00",250,674
8,493,"JAYDE BAIRD","SF Jefferson","AA",197.224018485284,"29:03.00",231,693
8,494,"KASSANDRA ABBAS","Platte-Geddes","A",141.56377165703,"26:16.38",279,646
8,495,"IVORY LABATTE","Sisseton","A",53.2110836656095,"24:08.00",380,546
8,496,"BERGEN BUMANN","SF Washington","AA",0.9178614294608,"21:26.21",653,274
8,497,"RYLEE ANDERSON","Madison","A",174.82487742645,"28:21.07",243,684
8,498,"LILLIAN BOWAR","Miller","A",173.55713626705,"28:20.40",245,683
8,499,"TAYLOR ZEISLER","Burke","B",7.12403350747671,"22:18.37",569,362
8,500,"HAILEY LAHR","Flandreau","A",152.649243745376,"27:20.17",262,669
8,501,"KAELYN SWENSON","Brandon Valley","AA",1.62797769238544,"21:37.13",638,294
8,502,"CALISTA SAHR","Madison","A",15.9743940660926,"22:42.57",516,416
8,503,"GRACE LIST","Watertown","AA",0.807821957427863,"21:26.59",658,275
8,504,"MAYCIE KNUTSON","SF Lincoln","AA",179.868304858579,"29:11.45",241,695
8,505,"JESSI BACHMAN","Newell","B",3.80581863615711,"22:08.13",595,344
8,506,"SEELEY VANOVERBEKE","Arlington","B",16.2168865775638,"22:48.85",512,429
8,507,"ANDI IVERSON","Groton Area","A",46.338867190631,"24:03.46",400,542
8,508,"KATELYN BOND","Canistota","B",119.089271070965,"26:04.05",302,640
8,509,"ALYSSA RICHTERS","Douglas","AA",142.039751993009,"27:13.11",278,664
8,510,"HAYLEN SCHNECK","Milbank","A",2.84606432531116,"22:03.51",605,339
8,511,"WILLOW ISBURG","Chamberlain","A",19.8129437611126,"22:59.78",493,452
8,512,"ELLA KAMPS","Tea Area","AA",134.937764393359,"27:09.94",286,661
8,513,"SHARON ZHANG","Great Plains Lutheran","A",40.1274991877802,"23:55.48",420,528
8,514,"MOLLY ENGEBRETSON","Madison","A",13.836282304886,"22:44.59",532,418
8,515,"LUCY VARGAS","St. Mary's","B",15.7668028281074,"22:51.17",519,433
8,516,"ABBY SCHMIDT","Great Plains Lutheran","A",81.0639418125771,"25:41.35",336,618
8,517,"PAOLA CULHUAC SEGUNDO","Milbank","A",2.81926977570521,"22:11.18",606,349
8,518,"TAYA STONE","Wagner","A",15.8568331961128,"22:52.18",518,438
8,519,"KENSI HOLLAND","Lennox","A",2.32624265765699,"22:04.34",617,340
8,520,"BRYNN TOWNSEND","SF Lincoln","AA",163.755102548331,"31:20.98",255,703
8,521,"KENDRA THORP","Custer","A",23.3175510893448,"23:21.63",477,485
8,522,"NATALIE HYRONIMUS","Tea Area","AA",122.086548736848,"27:15.50",296,666
8,523,"ERIN HARMS","Douglas","AA",0.557707044711484,"21:38.79",667,297
8,524,"SARAH MESSLER","Gayville-Volin","B",66.6765119364201,"25:25.82",359,606
8,525,"ALLISON LEBER","Canistota","B",4.16209036534045,"22:23.84",588,378
8,526,"BREAW NETH","Scotland","B",40.9500711118465,"24:12.00",417,549
8,527,"RONA STREITZ","Flandreau","A",132.219732282007,"27:53.46",290,676
8,528,"OLIVIA BOYLE","Corsica-Stickney","B",8.04916803972515,"22:35.02",564,406
8,529,"JAYLYNN KNOX","Highmore-Harrold","B",1.95366967484734,"22:09.20",626,345
8,530,"ALLISON LOEWE","Lennox","A",1.1080218805703,"21:53.44",651,321
8,531,"REYNA SANCHEZ","Lakota Tech","A",101.714572265395,"27:00.23",314,658
8,532,"HAYDEN EAGLE","Sanborn Central/Woonsocket","B",56.3320293260578,"25:17.49",375,598
8,533,"EMERSON KURKIEREWICZ","SF Lincoln","AA",148.803549706962,"31:49.77",269,705
8,534,"LANDREE LAMONT","Bison","B",8.88452318373707,"22:45.10",554,421
8,535,"KAELYN SMITH","Mount Vernon/Plankinton","A",2.48690734692252,"22:18.34",616,361
8,536,"JOEY SWARTZENDRUBER","Miller","A",142.395741346375,"30:50.80",276,701
8,537,"LOU SCHLADWEILER","Madison","A",2.81324673577805,"22:20.98",607,371
8,538,"ALYSSA KIRSCHENMAN","Irene-Wakonda","B",149.890254048816,"35:24.09",266,712
8,539,"KAYDENCE GERRY","Lennox","A",77.8668416071327,"26:02.34",343,638
8,540,"KAHLEN PETERSON","Yankton","AA",0.572438253170798,"21:52.61",664,319
8,541,"PAIGE MENTELE","Howard","B",4.98498648473194,"22:33.76",583,401
8,542,"BRYSTAL WALLMAN","Miller","A",36.5789328477269,"24:20.00",429,555
8,543,"AVERI GERFEN","Mitchell","AA",0.865557401692126,"21:57.31",656,330
8,544,"MARIA ADDY","Canistota","B",31.980796905765,"24:12.06",436,550
8,545,"MYLI WEISCHEDEL","Sully Buttes","B",2.60056912362869,"22:22.00",612,377
8,546,"ISABEL KULM","Flandreau","A",120.375047931744,"28:56.47",300,690
8,547,"ALLIE GORTMAKER","Miller","A",38.9842533519389,"24:29.20",423,568
8,548,"JAYLEA MILLER","Parker/Marion","A",65.601706903149,"25:54.50",361,630
8,549,"SLOAN THOMPSON","Harding County","B",10.7373847752967,"22:54.98",547,445
8,550,"SIENNA DEKAM","SF Lincoln","AA",134.937764393359,"31:55.56",286,706
8,551,"MASYNN MEBIUS","Wessington Springs","B",1.02941429910407,"22:07.40",652,342
8,552,"MAYA JANCA","Douglas","AA",128.512156565103,"30:16.75",294,700
8,553,"ADDISON MUTH","Yankton","AA",0.161005772637682,"21:46.64",689,308
8,554,"MINA BJORUM","Scotland","B",3.83976986309057,"22:35.00",593,405
8,555,"MYRA BROWN","Platte-Geddes","A",1.12604120711899,"22:12.84",649,351
8,556,"GIANNA HEID","Sturgis Brown","AA",1.95937543759019,"22:21.91",625,376
8,557,"LIANA WISE","Brandon Valley","AA",0.461760898577899,"21:55.92",674,328
8,558,"AUBREY GUY","Sisseton","A",34.053321018105,"24:29.59",433,569
8,559,"MAGGIE DOWLING","Jones County","B",24.9369308073697,"24:01.60",466,538
8,560,"HARPER SPILDE","Huron","AA",54.2586920515648,"25:48.74",378,626
8,561,"KEONDRA WILSON","SF Lincoln","AA",122.086548736848,"33:13.44",296,708
8,562,"NEVAEH REITZ","Clark/Willow Lake","A",28.7933734445459,"24:19.78",452,554
8,563,"LENLEE MILLS","Platte-Geddes","A",1.27372396992134,"22:18.84",644,364
8,564,"COURTNEY MATHIEU","Chester","B",45.4652851668545,"25:28.05",403,608
8,565,"DREAMER COURNOYER","Flandreau","A",57.652529321531,"26:03.56",374,639
8,566,"TABITHA MCFADEN","Milbank","A",1.77707909566401,"22:25.83",633,383
8,567,"BROOKLYN REINERS","Tea Area","AA",0.36800151916508,"22:06.84",679,341
8,568,"ABBIE ECKERT","Bon Homme","A",25.2981778445027,"24:22.17",465,558
8,569,"CALLIE BOURNE","Dakota Valley","A",13.6922352980856,"23:28.82",534,496
8,570,"CHLOE FOLTZ","Tri-State","A",30.3882145947224,"24:58.60",443,587
8,571,"KENZI RED OWL","Little Wound","A",83.5103200650879,"30:06.00",331,699
8,572,"IZABELL CEROLL","Sisseton","A",29.5850353244058,"24:57.21",445,586
8,573,"MARLEY STEVENS","Hill City","A",4.6926852870058,"22:58.76",584,449
8,574,"TAYTUM BANKS","Crazy Horse","B",78.7925034534989,"29:00.17",341,692
8,575,"KATE BLAIR","Belle Fourche","A",0.565787864808355,"22:19.83",666,368
8,576,"NATALIE DREISKE","Lemmon","B",5.44381268241793,"23:01.00",579,455
8,577,"OHANNA SINCLAIR","Aberdeen Central","AA",9.32144211154885,"23:21.63",551,485
8,578,"DULCIE VEURINK","Platte-Geddes","A",0.494225894972776,"22:19.90",669,369
8,579,"ELLA PERMAN","Herreid/Selby Area","B",0.585024890989233,"22:21.70",663,375
8,580,"CADENCE CAP","Scotland","B",36.9204047255251,"25:32.30",428,611
8,581,"RAEGAN VERHULST","Harding County","B",3.57266678724357,"22:53.37",597,443
8,582,"CINDER HOFFMAN","Sisseton","A",28.8527445117762,"25:01.78",451,589
8,583,"ALIZA ADDY","Canistota","B",6.97820990979197,"23:10.49",570,471
8,584,"GENESIS MARTINEZ SOTO","Flandreau","A",1.36090122660776,"22:33.55",643,400
8,585,"LEILIA PLENTY WOUNDS","Oelrichs","B",85.2575903343084,"44:20.66",330,714
8,586,"JESSE FOSHEIM","Stanley County","A",3.25456408083604,"22:53.74",601,444
8,587,"KATHERINE O'NEAL","Rapid City Christian","A",16.1777769932634,"23:59.32",513,532
8,588,"TRE'ANN RISING SUN","Cheyenne-Eagle Butte","A",28.4231416170342,"25:02.66",455,590
8,589,"EMILY KEHN","Baltic","A",7.60515289920107,"23:16.59",567,479
8,590,"MYA WARNKE","Gregory","B",18.7579680897102,"24:10.00",499,548
8,591,"ADDISON REICHLING","Watertown","AA",4.46613898870762,"23:06.14",586,463
8,592,"ZAYDA TOWNSEND","Milbank","A",7.4246807641679,"23:20.16",568,483
8,593,"KADLIN HAMBCACHT","Hot Springs","A",20.5324220710583,"24:24.10",489,563
8,594,"MADDIE NEBELSICK","Ethan/Parkston","A",10.3994798371639,"23:32.67",549,504
8,595,"MICHELLE HAS HORNS","McLaughlin","B",23.9705677758971,"24:48.20",476,581
8,596,"ANNA NORBY","Dakota Valley","A",32.476695223668,"25:47.16",435,622
8,597,"JOSLIN BORDEAUX","St. Francis Indian","A",26.5564182595513,"25:22.41",460,603
8,598,"LILYANNA WRIGHT","SF Washington","AA",1.14595218693727,"22:44.95",647,419
8,599,"ELSA SCHIFERL","Aberdeen Central","AA",2.61872815165382,"23:01.15",610,456
8,600,"CLAIR BAUMANN","Canton","A",51.0468686836034,"28:10.35",387,679
8,601,"LILY SWANSON","Huron","AA",0.378173124314309,"22:29.29",678,389
8,602,"AVERY MANKE","Winner/Colome","A",1.85667786647918,"22:51.60",631,437
8,603,"MARLEE OLSEN","Dakota Valley","A",13.7024374413239,"24:00.20",533,535
8,604,"TRINITY LIMPY","Sturgis Brown","AA",1.43892360686249,"22:47.72",641,428
8,605,"AMBERLYN HOMER","Lakota Tech","A",22.3358297270108,"25:00.60",482,588
8,606,"PHOENIX RED ELK","Little Wound","A",65.3854956682761,"33:19.38",362,709
8,607,"MACEY WIGG","SF Jefferson","AA",0.420287703674423,"22:33.00",675,397
8,608,"KYNLIE SMITH","SF Jefferson","AA",2.26006379561925,"22:59.82",619,453
8,609,"BETHANY MAHAFFY","Newell","B",31.1900953559031,"25:58.37",439,634
8,610,"CHLOE LEE","Lead-Deadwood","A",15.9631549443645,"24:21.64",517,557
8,611,"ALAINA ALBRECHT","De Smet","B",27.0970435948265,"25:41.09",457,617
8,612,"SHANNON LAVENDER","Philip","B",37.1722059966058,"26:16.52",427,647
8,613,"RACHEL STEFFENSEN","Arlington","B",2.23258813528462,"23:01.18",620,457
8,614,"EMMA REMPFER","Menno","B",17.3400916086029,"24:32.27",505,573
8,615,"VANESSA ANDERSON","Watertown","AA",46.0697989869521,"28:11.23",401,680
8,616,"ALEXIS MOORE","Kimball/White Lake","B",17.4807443979769,"24:46.77",504,580
8,617,"KRUE LUTTER","Hitchcock-Tulare","B",31.8595581009681,"26:25.81",437,649
8,618,"PEYTON AHLEMEIER","Gettysburg","B",0.639252814064966,"22:47.30",661,427
8,619,"BRITNEY RUEB","Scotland","B",31.498312342505,"26:34.00",438,650
8,620,"MIA RIIBE","Dakota Valley","A",10.6453209401523,"24:03.28",548,541
8,621,"KASHLEY GOEBEL","Arlington","B",30.9757299898984,"26:20.61",441,648
8,622,"HANNAH RIGO","Freeman","B",14.603751025442,"24:29.19",525,567
8,623,"RILEY RAYSOR","Spearfish","AA",22.6673232927232,"25:36.20",480,613
8,624,"CLARA HERREID","Aberdeen Christian","B",10.0834230747964,"24:05.30",550,544
8,625,"ROSA AINSLIE","Bennett County","B",1.14127439743819,"22:56.18",648,447
8,626,"TAYA WETTLAUFER","Howard","B",1.69208362962318,"23:07.58",635,466
8,627,"AVAH NEWMAN","Iroquois/Lake Preston","B",16.6761412145804,"25:12.64",509,594
8,628,"SDYNEY BRUNICK","SF Roosevelt","AA",0.479287642858427,"22:51.45",672,436
8,629,"HADLEY GJERDE","Clark/Willow Lake","A",0.0108420053410982,"22:33.52",710,399
8,630,"AMYA WARD","Sioux Valley","A",1.89990969430339,"23:19.17",629,482
8,631,"BAILEY MINES","Yankton","AA",1.2631472034956,"23:07.82",645,467
8,632,"AFFINITY IRON HAWK","Dupree","B",0.565791590652653,"22:57.83",665,448
8,633,"MEREDITH DECKER","Tea Area","AA",0.00787759463846979,"22:35.26",711,407
8,634,"ADDISYN HEINRICH","Warner","B",16.7933442489637,"25:34.18",508,612
8,635,"DANNICA SHEETS","Aberdeen Central","AA",0.162066196694194,"22:51.23",688,434
8,636,"ALEXSIS RED BIRD","Todd County","A",0.898747946513836,"23:08.03",654,468
8,637,"JACLYN RICHTER","Pierre T.F. Riggs","AA",1.93640044654048,"23:26.92",628,495
8,638,"EVELYN GARCIA","Custer","A",14.8787353121043,"25:20.49",523,600
8,639,"LEAH CRICK","Menno","B",14.3795167157452,"25:16.00",527,597
8,640,"REGINA MEDINA","Mount Vernon/Plankinton","A",26.1017232577729,"27:15.15",462,665
8,641,"GEORGIA ODENBACH","North Central","B",12.3089245154717,"25:03.60",538,591
8,642,"ADDISON NYDAM","Mitchell Christian","B",0.32285017601677,"22:59.49",682,451
8,643,"ELLA BORDEAUX","St. Francis Indian","A",24.2811636779121,"27:03.62",474,659
8,644,"KANYN PADDEN","Harding County","B",2.02323260714682,"23:39.85",624,510
8,645,"KENDALL CLAYTON","Brandon Valley","AA",8.46753751391969,"24:37.21",561,574
8,646,"HALEY CAHOY","Aberdeen Central","AA",14.9548450043134,"25:39.00",522,615
8,647,"KARA DOSE","Canton","A",4.99796721232596,"24:22.81",582,560
8,648,"LILLY FLOOD","Aberdeen Central","AA",14.1015999095778,"25:36.51",529,614
8,649,"CLAIRE ROWLEY","McCook Central/Montrose","A",5.28427793799305,"24:26.96",580,565
8,650,"ASHLYNN KRUGER","Centerville","B",1.62674139335322,"23:45.56",639,518
8,651,"WILLOW STEPHENS","Flandreau","A",0.484041401520022,"23:22.12",671,488
8,652,"VANESSA GUTIERREZ","Little Wound","A",23.0355770220321,"28:19.97",478,682
8,653,"PAYTON LOGAN","Gayville-Volin","B",1.6281274484301,"23:54.06",637,526
8,654,"DAKOTA OBERG","Chester","B",16.364042803665,"26:38.40",510,653
8,655,"KAELYN LEFORS","Douglas","AA",0.0702350572059617,"23:03.70",704,461
8,656,"ELLA KOLOUSEK","Wessington Springs","B",1.74302560663516,"24:00.01",634,534
8,657,"IVANA SCHAEFFER","Menno","B",6.36967845922981,"25:18.75",572,599
8,658,"ELLA FOX","Mount Vernon/Plankinton","A",0.46976184554923,"23:31.32",673,499
8,659,"KENNEDI VANOVERBEKE","Arlington","B",1.18272948350031,"23:55.01",646,527
8,660,"NATALIE KAHLER","Brookings","AA",0.104768113028436,"23:13.72",698,476
8,661,"KIRTI PICKARD","Dell Rapids","A",6.13605379128117,"25:20.68",573,601
8,662,"SADIE CARLSON","Gregory","B",7.80599736600238,"25:30.00",566,609
8,663,"KEIRA THORP","Custer","A",8.82792083617728,"25:47.89",555,623
8,664,"CADENCE GOOD SOLDIER","Little Wound","A",24.4026694228713,"32:01.46",473,707
8,665,"AUBRIELLA MAAS","SF Roosevelt","AA",0.205425199634104,"23:30.81",685,498
8,666,"EMMA REIHE","Watertown","AA",0.0195536261029859,"23:21.88",709,487
8,667,"KIMI RAMA","Mahpiya Luta","A",0.0744662900994036,"23:24.01",703,493
8,668,"ALEXIS (LUCY) DALEY","Mitchell","AA",0.364149644402158,"23:43.67",680,516
8,669,"STELLA WARREN","Vermillion","A",0.247706053598371,"23:40.41",684,513
8,670,"JOSALIN TURNBAUGH","Irene-Wakonda","B",16.3458023406229,"28:38.23",511,687
8,671,"BAILEY NOLD","Aberdeen Roncalli","A",0.187695173987972,"23:40.34",687,512
8,672,"JOSIE WEIBE","Hitchcock-Tulare","B",20.2765471535837,"34:03.73",491,710
8,673,"SAMANTHA TROXELL","Madison","A",1.94427960181833,"24:39.55",627,576
8,674,"JADIS REDDY","Little Wound","A",8.79259285764206,"26:16.28",558,645
8,675,"AUBREY POWERS","Deuel","A",13.165704380619,"27:49.90",536,675
8,676,"LUCIA HOLSING","Faulkton Area","B",8.79983685762196,"26:51.84",557,655
8,677,"ATHENA WHITE ELK","Mahpiya Luta","A",0.122972592177065,"23:50.64",693,524
8,678,"ABBY DOSE","Canton","A",0.0311398883448344,"23:45.06",707,517
8,679,"NORAH GONSOR","Aberdeen Roncalli","A",0.126928464404934,"23:59.41",692,533
8,680,"AMELIA LOBAN","Hamlin","A",0.189603021820611,"24:02.60",686,539
8,681,"DELAYNE RAINBOW","Cheyenne-Eagle Butte","A",11.1755721742285,"28:34.31",541,686
8,682,"DAPHNE BROUWER","Centerville","B",0.494138117569672,"24:23.87",670,562
8,683,"SYDNIE PISCHEL","Mitchell","AA",0.00701578359837764,"23:47.97",712,521
8,684,"BREELYN DEMERY","Faulkton Area","B",2.06011784688596,"25:32.00",623,610
8,685,"JAY RIOS","Douglas","AA",0.0404244818918991,"23:57.27",705,530
8,686,"SOPHIA SHUDAK","Yankton","AA",0.0912490564739364,"24:01.02",700,537
8,687,"KHLOE MACKEY","Mitchell","AA",0.0351801899206926,"24:00.33",706,536
8,688,"ANNA ALVEY","Tri-Valley","A",0.883689186190514,"25:08.62",655,593
8,689,"JORDYN RED WING","Mahpiya Luta","A",4.47105928098816,"27:33.18",585,673
8,690,"DEVRAH MEYER","Madison","A",3.04681192299929,"26:59.65",604,657
8,691,"GENTRIE BLASIUS","Kimball/White Lake","B",0.0908588076423549,"24:23.00",701,561
8,692,"AMARA RINEHART","Mitchell","AA",0.00220449678143305,"24:12.08",715,551
8,693,"CHESNIE GISSELBECK","Castlewood","B",2.75358982788567,"27:11.00",608,663
8,694,"SCARLETT COLE","Andes Central/Dakota Christian","B",2.62663444845199,"27:32.00",609,672
8,695,"ANISTON WHITLEY","Redfield","A",1.12573899439798,"25:59.36",650,636
8,696,"CLAIRE VOGEL","McCook Central/Montrose","A",0.783342623027833,"25:52.09",659,629
8,697,"KAT MCMAHON","Lead-Deadwood","A",0.610596141844482,"25:51.56",662,628
8,698,"KALA MAXON","Platte-Geddes","A",1.64794014643748,"26:51.78",636,654
8,699,"ANNIE BOURNE","Dakota Valley","A",0.520127850790279,"25:48.63",668,624
8,700,"MAKENNA PRYOR","Mount Vernon/Plankinton","A",0.0772754256296154,"25:13.51",702,595
8,701,"LILY SCHLUETER","Tri-Valley","A",0.342726340542515,"25:49.62",681,627
8,702,"GRACIE KRAMER","Tea Area","AA",0.39478524395519,"25:55.75",677,633
8,703,"ISABELLA MACK","Tri-Valley","A",2.48903266720809,"29:19.48",615,697
8,704,"DYSTINY LOSS","Arlington","B",0.117685229306601,"25:46.00",695,620
8,705,"KAIDENCE RUDE","Tri-Valley","A",0.260440328575576,"26:15.97",683,644
8,706,"SAIGE LESSMAN","Parker/Marion","A",0.122307402842948,"25:59.06",694,635
8,707,"CORDELIA ADAMS","Canton","A",0.00540637500223461,"25:54.74",714,631
8,708,"TRUDIE HOFER","Mitchell Christian","B",0.115332719898506,"26:38.00",696,651
8,709,"HARPER WATTIER","Centerville","B",0.0996030504678289,"26:52.65",699,656
8,710,"MONICA GIAGO","Mahpiya Luta","A",0.00151053765678527,"26:06.91",716,641
8,711,"ROWAN BROWN","Gettysburg","B",0.108072362592411,"27:07.70",697,660
8,712,"DANIKA FLUTH","Tri-Valley","A",0.401781817868597,"28:29.26",676,685
8,713,"LIVIA SCHULDT","Mount Vernon/Plankinton","A",0.00670363580364692,"26:38.06",713,652
8,714,"LILY ANDERSON","Parker/Marion","A",0.152172200622724,"28:02.93",690,677
8,715,"AUDRINA ADAMS","Mitchell","AA",0.147387315825106,"31:04.90",691,702
8,716,"ADDISON KROGSTAD","Corsica-Stickney","B",0.030933074534855,"29:20.94",708,698
8,717,"REMI HUBSCH","Webster Area","A",4.68884784601665e-05,"28:57.58",717,691
